ticket_id,customer_email,ticket_status,priority,csat_score,opened_date,channel,agent_team,resolution_hours,first_response_hours,escalation_count
T00001-1,customer0001@demo-ml.example, resolved , critical ,4.4,2026-01-04,phone,platform,11.0,2.0,2
T00002-1,customer0002@demo-ml.example, closed , low ,2.7,2026-01-06,web,success,11.5,2.25,0
T00003-1,customer0003@demo-ml.example, open , medium ,3.4,2026-01-08,email,billing,12.0,2.5,1
T00003-2, CUSTOMER0003@DEMO-ML.EXAMPLE , pending , critical ,4.5,2026-01-09,chat,success,18.5,3.75,2
T00004-1,customer0004@demo-ml.example, pending , high ,4.1,2026-01-10,chat,security,12.5,2.75,2
T00006-1,customer0006@demo-ml.example, closed , low ,3.1,2026-01-14,web,success,13.5,3.25,1
T00006-2, CUSTOMER0006@DEMO-ML.EXAMPLE , open , high ,4.2,2026-01-15,email,platform,20.0,4.5,2
T00007-1,customer0007@demo-ml.example, open , medium ,3.8,2026-01-16,email,billing,14.0,3.5,2
T00007-3,customer0007@demo-ml.example, resolved , medium ,3.6,2026-01-18,phone,platform,27.0,6.0,1
T00008-1,customer0008@demo-ml.example, pending , high ,,2026-01-18,chat,security,14.5,3.75,0
T00009-1,customer0009@demo-ml.example, resolved , critical ,2.8,2026-01-20,phone,platform,15.0,4.0,1
T00009-2, CUSTOMER0009@DEMO-ML.EXAMPLE , closed , medium ,3.9,2026-01-21,web,security,21.5,5.25,2
T00011-1,customer0011@demo-ml.example, open , medium ,4.2,2026-01-24,email,billing,16.0,4.5,0
T00012-1,customer0012@demo-ml.example, pending , high ,4.9,2026-01-26,chat,security,16.5,4.75,1
T00012-2, CUSTOMER0012@DEMO-ML.EXAMPLE , resolved , low ,3.6,2026-01-27,phone,billing,23.0,6.0,2
T00013-1,customer0013@demo-ml.example, resolved , critical ,3.2,2026-01-28,phone,platform,17.0,5.0,2
T00013-1,customer0013@demo-ml.example, resolved , critical ,3.2,2026-01-28,phone,platform,17.0,5.0,2
T00014-1,customer0014@demo-ml.example, closed , low ,3.9,2026-01-30,web,success,17.5,5.25,0
T00014-3,customer0014@demo-ml.example, pending , low ,3.7,2026-02-01,chat,security,30.5,7.75,2
T00016-1,customer0016@demo-ml.example, pending , high ,,2026-02-03,chat,security,18.5,5.75,2
T00017-1,customer0017@demo-ml.example, resolved ,,3.6,2026-02-05,phone,platform,19.0,6.0,0
T00018-1,customer0018@demo-ml.example, closed , low ,4.3,2026-02-07,web,success,19.5,6.25,1
T00018-2, CUSTOMER0018@DEMO-ML.EXAMPLE , open , high ,3.0,2026-02-08,email,platform,26.0,7.5,2
T00019-1,customer0019@demo-ml.example,, medium ,2.6,2026-02-09,email,billing,20.0,6.5,2
T00021-1,customer0021@demo-ml.example, resolved , critical ,4.0,2026-02-13,phone,platform,21.0,7.0,1
T00021-2, CUSTOMER0021@DEMO-ML.EXAMPLE , closed , medium ,2.7,2026-02-14,web,security,27.5,8.25,2
T00021-3,customer0021@demo-ml.example, open , critical ,3.8,2026-02-15,email,billing,34.0,0.5,0
T00022-1,customer0022@demo-ml.example, closed , low ,4.7,2026-02-15,web,success,21.5,7.25,2
T00023-1,customer0023@demo-ml.example, open , medium ,3.0,2026-02-17,email,billing,22.0,7.5,0
T00024-1,customer0024@demo-ml.example, pending , high ,,2026-02-19,chat,security,22.5,7.75,1
T00024-2, CUSTOMER0024@DEMO-ML.EXAMPLE , resolved , low ,4.8,2026-02-20,phone,billing,29.0,9.0,2
T00026-1,customer0026@demo-ml.example, closed , low ,2.7,2026-02-23,web,success,23.5,8.25,0
T00026-1,customer0026@demo-ml.example, closed , low ,2.7,2026-02-23,web,success,23.5,8.25,0
T00027-1,customer0027@demo-ml.example, open , medium ,3.4,2026-02-25,email,billing,24.0,8.5,1
T00027-2, CUSTOMER0027@DEMO-ML.EXAMPLE , pending , critical ,4.5,2026-02-26,chat,success,30.5,0.75,2
T00028-1,customer0028@demo-ml.example, pending , high ,4.1,2026-02-27,chat,security,24.5,8.75,2
T00028-3,customer0028@demo-ml.example, closed , high ,3.9,2026-03-01,web,success,37.5,2.25,1
T00029-1,customer0029@demo-ml.example, resolved , critical ,4.8,2026-03-01,phone,platform,25.0,9.0,0
T00031-1,customer0031@demo-ml.example, open , medium ,3.8,2026-03-05,email,billing,26.0,0.5,2
T00032-1,customer0032@demo-ml.example, pending , high ,,2026-03-07,chat,security,26.5,0.75,0
T00033-1,customer0033@demo-ml.example, resolved , critical ,2.8,2026-03-09,phone,platform,27.0,1.0,1
T00033-2, CUSTOMER0033@DEMO-ML.EXAMPLE , closed , medium ,3.9,2026-03-10,web,security,33.5,2.25,2
T00034-1,customer0034@demo-ml.example, closed ,,3.5,2026-03-11,web,success,27.5,1.25,2
T00036-1,customer0036@demo-ml.example, pending , high ,4.9,2026-03-15,chat,security,28.5,1.75,1
T00036-2, CUSTOMER0036@DEMO-ML.EXAMPLE , resolved , low ,3.6,2026-03-16,phone,billing,35.0,3.0,2
T00037-1,customer0037@demo-ml.example, resolved , critical ,3.2,2026-03-17,phone,platform,29.0,2.0,2
T00038-1,customer0038@demo-ml.example,, low ,3.9,2026-03-19,web,success,29.5,2.25,0
T00039-1,customer0039@demo-ml.example, open , medium ,4.6,2026-03-21,email,billing,30.0,2.5,1
T00039-1,customer0039@demo-ml.example, open , medium ,4.6,2026-03-21,email,billing,30.0,2.5,1
T00039-2, CUSTOMER0039@DEMO-ML.EXAMPLE , pending , critical ,3.3,2026-03-22,chat,success,36.5,3.75,2
T00041-1,customer0041@demo-ml.example, resolved , critical ,3.6,2026-03-25,phone,platform,31.0,3.0,0
T00042-1,customer0042@demo-ml.example, closed , low ,4.3,2026-03-27,web,success,31.5,3.25,1
T00042-2, CUSTOMER0042@DEMO-ML.EXAMPLE , open , high ,3.0,2026-03-28,email,platform,38.0,4.5,2
T00042-3,customer0042@demo-ml.example, pending , low ,4.1,2026-03-29,chat,security,44.5,5.75,0
T00043-1,customer0043@demo-ml.example, open , medium ,2.6,2026-03-29,email,billing,32.0,3.5,2
T00044-1,customer0044@demo-ml.example, pending , high ,3.3,2026-03-31,chat,security,32.5,3.75,0
T00046-1,customer0046@demo-ml.example, closed , low ,4.7,2026-01-04,web,success,33.5,4.25,2
T00047-1,customer0047@demo-ml.example, open , medium ,3.0,2026-01-06,email,billing,34.0,4.5,0
T00048-1,customer0048@demo-ml.example, pending , high ,,2026-01-08,chat,security,34.5,4.75,1
T00048-2, CUSTOMER0048@DEMO-ML.EXAMPLE , resolved , low ,4.8,2026-01-09,phone,billing,41.0,6.0,2
T00049-1,customer0049@demo-ml.example, resolved , critical ,4.4,2026-01-10,phone,platform,35.0,5.0,2
T00049-3,customer0049@demo-ml.example, open , critical ,4.2,2026-01-12,email,billing,48.0,7.5,1
T00051-1,customer0051@demo-ml.example, open ,,3.4,2026-01-14,email,billing,36.0,5.5,1
T00051-2, CUSTOMER0051@DEMO-ML.EXAMPLE , pending , critical ,4.5,2026-01-15,chat,success,42.5,6.75,2
T00052-1,customer0052@demo-ml.example, pending , high ,4.1,2026-01-16,chat,security,36.5,5.75,2
T00052-1,customer0052@demo-ml.example, pending , high ,4.1,2026-01-16,chat,security,36.5,5.75,2
T00053-1,customer0053@demo-ml.example, resolved , critical ,4.8,2026-01-18,phone,platform,37.0,6.0,0
T00054-1,customer0054@demo-ml.example, closed , low ,3.1,2026-01-20,web,success,37.5,6.25,1
T00054-2, CUSTOMER0054@DEMO-ML.EXAMPLE , open , high ,4.2,2026-01-21,email,platform,44.0,7.5,2
T00056-1,customer0056@demo-ml.example, pending , high ,,2026-01-24,chat,security,38.5,6.75,0
T00056-3,customer0056@demo-ml.example, closed , high ,4.3,2026-01-26,web,success,51.5,9.25,2
T00057-1,customer0057@demo-ml.example,, critical ,2.8,2026-01-26,phone,platform,39.0,7.0,1
T00057-2, CUSTOMER0057@DEMO-ML.EXAMPLE , closed , medium ,3.9,2026-01-27,web,security,45.5,8.25,2
T00058-1,customer0058@demo-ml.example, closed , low ,3.5,2026-01-28,web,success,39.5,7.25,2
T00059-1,customer0059@demo-ml.example, open , medium ,4.2,2026-01-30,email,billing,40.0,7.5,0
T00061-1,customer0061@demo-ml.example, resolved , critical ,3.2,2026-02-03,phone,platform,41.0,8.0,2
T00062-1,customer0062@demo-ml.example, closed , low ,3.9,2026-02-05,web,success,41.5,8.25,0
T00063-1,customer0063@demo-ml.example, open , medium ,4.6,2026-02-07,email,billing,42.0,8.5,1
T00063-2, CUSTOMER0063@DEMO-ML.EXAMPLE , pending , critical ,3.3,2026-02-08,chat,success,48.5,0.75,2
T00063-3,customer0063@demo-ml.example, resolved , medium ,4.4,2026-02-09,phone,platform,7.0,2.0,0
T00064-1,customer0064@demo-ml.example, pending , high ,,2026-02-09,chat,security,42.5,8.75,2
T00066-1,customer0066@demo-ml.example, closed , low ,4.3,2026-02-13,web,success,43.5,9.25,1
T00066-2, CUSTOMER0066@DEMO-ML.EXAMPLE , open , high ,3.0,2026-02-14,email,platform,50.0,1.5,2
T00067-1,customer0067@demo-ml.example, open , medium ,2.6,2026-02-15,email,billing,44.0,0.5,2
T00068-1,customer0068@demo-ml.example, pending ,,3.3,2026-02-17,chat,security,44.5,0.75,0
T00069-1,customer0069@demo-ml.example, resolved , critical ,4.0,2026-02-19,phone,platform,45.0,1.0,1
T00069-2, CUSTOMER0069@DEMO-ML.EXAMPLE , closed , medium ,2.7,2026-02-20,web,security,51.5,2.25,2
T00071-1,customer0071@demo-ml.example, open , medium ,3.0,2026-02-23,email,billing,46.0,1.5,0
T00072-1,customer0072@demo-ml.example, pending , high ,,2026-02-25,chat,security,46.5,1.75,1
T00072-2, CUSTOMER0072@DEMO-ML.EXAMPLE , resolved , low ,4.8,2026-02-26,phone,billing,5.0,3.0,2
T00073-1,customer0073@demo-ml.example, resolved , critical ,4.4,2026-02-27,phone,platform,47.0,2.0,2
T00074-1,customer0074@demo-ml.example, closed , low ,2.7,2026-03-01,web,success,47.5,2.25,0
T00076-1,customer0076@demo-ml.example,, high ,4.1,2026-03-05,chat,security,48.5,2.75,2
T00077-1,customer0077@demo-ml.example, resolved , critical ,4.8,2026-03-07,phone,platform,49.0,3.0,0
T00077-3,customer0077@demo-ml.example, open , critical ,4.6,2026-03-09,email,billing,14.0,5.5,2
T00078-1,customer0078@demo-ml.example, closed , low ,3.1,2026-03-09,web,success,49.5,3.25,1
T00078-1,customer0078@demo-ml.example, closed , low ,3.1,2026-03-09,web,success,49.5,3.25,1
T00078-2, CUSTOMER0078@DEMO-ML.EXAMPLE , open , high ,4.2,2026-03-10,email,platform,8.0,4.5,2
T00079-1,customer0079@demo-ml.example, open , medium ,3.8,2026-03-11,email,billing,50.0,3.5,2
T00081-1,customer0081@demo-ml.example, resolved , critical ,2.8,2026-03-15,phone,platform,51.0,4.0,1
T00081-2, CUSTOMER0081@DEMO-ML.EXAMPLE , closed , medium ,3.9,2026-03-16,web,security,9.5,5.25,2
T00082-1,customer0082@demo-ml.example, closed , low ,3.5,2026-03-17,web,success,51.5,4.25,2
T00083-1,customer0083@demo-ml.example, open , medium ,4.2,2026-03-19,email,billing,4.0,4.5,0
T00084-1,customer0084@demo-ml.example, pending , high ,4.9,2026-03-21,chat,security,4.5,4.75,1
T00084-2, CUSTOMER0084@DEMO-ML.EXAMPLE , resolved , low ,3.6,2026-03-22,phone,billing,11.0,6.0,2
T00084-3,customer0084@demo-ml.example, closed , high ,4.7,2026-03-23,web,success,17.5,7.25,0
T00086-1,customer0086@demo-ml.example, closed , low ,3.9,2026-03-25,web,success,5.5,5.25,0
T00087-1,customer0087@demo-ml.example, open , medium ,4.6,2026-03-27,email,billing,6.0,5.5,1
T00087-2, CUSTOMER0087@DEMO-ML.EXAMPLE , pending , critical ,3.3,2026-03-28,chat,success,12.5,6.75,2
T00088-1,customer0088@demo-ml.example, pending , high ,,2026-03-29,chat,security,6.5,5.75,2
T00089-1,customer0089@demo-ml.example, resolved , critical ,3.6,2026-03-31,phone,platform,7.0,6.0,0
T00091-1,customer0091@demo-ml.example, open , medium ,2.6,2026-01-04,email,billing,8.0,6.5,2
T00091-1,customer0091@demo-ml.example, open , medium ,2.6,2026-01-04,email,billing,8.0,6.5,2
T00091-3,customer0091@demo-ml.example, resolved , medium ,4.8,2026-01-06,phone,platform,21.0,9.0,1
T00092-1,customer0092@demo-ml.example, pending , high ,3.3,2026-01-06,chat,security,8.5,6.75,0
T00093-1,customer0093@demo-ml.example, resolved , critical ,4.0,2026-01-08,phone,platform,9.0,7.0,1
T00093-2, CUSTOMER0093@DEMO-ML.EXAMPLE , closed , medium ,2.7,2026-01-09,web,security,15.5,8.25,2
T00094-1,customer0094@demo-ml.example, closed , low ,4.7,2026-01-10,web,success,9.5,7.25,2
T00096-1,customer0096@demo-ml.example, pending , high ,,2026-01-14,chat,security,10.5,7.75,1
T00096-2, CUSTOMER0096@DEMO-ML.EXAMPLE , resolved , low ,4.8,2026-01-15,phone,billing,17.0,9.0,2
T00097-1,customer0097@demo-ml.example, resolved , critical ,4.4,2026-01-16,phone,platform,11.0,8.0,2
T00098-1,customer0098@demo-ml.example, closed , low ,2.7,2026-01-18,web,success,11.5,8.25,0
T00098-3,customer0098@demo-ml.example, pending , low ,4.9,2026-01-20,chat,security,24.5,1.75,2
T00099-1,customer0099@demo-ml.example, open , medium ,3.4,2026-01-20,email,billing,12.0,8.5,1
T00099-2, CUSTOMER0099@DEMO-ML.EXAMPLE , pending , critical ,4.5,2026-01-21,chat,success,18.5,0.75,2
T00101-1,customer0101@demo-ml.example, resolved , critical ,4.8,2026-01-24,phone,platform,13.0,9.0,0
T00102-1,customer0102@demo-ml.example, closed ,,3.1,2026-01-26,web,success,13.5,9.25,1
T00102-2, CUSTOMER0102@DEMO-ML.EXAMPLE , open , high ,4.2,2026-01-27,email,platform,20.0,1.5,2
T00103-1,customer0103@demo-ml.example, open , medium ,3.8,2026-01-28,email,billing,14.0,0.5,2
T00104-1,customer0104@demo-ml.example, pending , high ,,2026-01-30,chat,security,14.5,0.75,0
T00104-1,customer0104@demo-ml.example, pending , high ,,2026-01-30,chat,security,14.5,0.75,0
T00106-1,customer0106@demo-ml.example, closed , low ,3.5,2026-02-03,web,success,15.5,1.25,2
T00107-1,customer0107@demo-ml.example, open , medium ,4.2,2026-02-05,email,billing,16.0,1.5,0
T00108-1,customer0108@demo-ml.example, pending , high ,4.9,2026-02-07,chat,security,16.5,1.75,1
T00108-2, CUSTOMER0108@DEMO-ML.EXAMPLE , resolved , low ,3.6,2026-02-08,phone,billing,23.0,3.0,2
T00109-1,customer0109@demo-ml.example, resolved , critical ,3.2,2026-02-09,phone,platform,17.0,2.0,2
T00111-1,customer0111@demo-ml.example, open , medium ,4.6,2026-02-13,email,billing,18.0,2.5,1
T00111-2, CUSTOMER0111@DEMO-ML.EXAMPLE , pending , critical ,3.3,2026-02-14,chat,success,24.5,3.75,2
T00112-1,customer0112@demo-ml.example, pending , high ,,2026-02-15,chat,security,18.5,2.75,2
T00112-3,customer0112@demo-ml.example, closed , high ,2.7,2026-02-17,web,success,31.5,5.25,1
T00113-1,customer0113@demo-ml.example, resolved , critical ,3.6,2026-02-17,phone,platform,19.0,3.0,0
T00114-1,customer0114@demo-ml.example,, low ,4.3,2026-02-19,web,success,19.5,3.25,1
T00114-2, CUSTOMER0114@DEMO-ML.EXAMPLE , open , high ,3.0,2026-02-20,email,platform,26.0,4.5,2
T00116-1,customer0116@demo-ml.example, pending , high ,3.3,2026-02-23,chat,security,20.5,3.75,0
T00117-1,customer0117@demo-ml.example, resolved , critical ,4.0,2026-02-25,phone,platform,21.0,4.0,1
T00117-1,customer0117@demo-ml.example, resolved , critical ,4.0,2026-02-25,phone,platform,21.0,4.0,1
T00117-2, CUSTOMER0117@DEMO-ML.EXAMPLE , closed , medium ,2.7,2026-02-26,web,security,27.5,5.25,2
T00118-1,customer0118@demo-ml.example, closed , low ,4.7,2026-02-27,web,success,21.5,4.25,2
T00119-1,customer0119@demo-ml.example, open ,,3.0,2026-03-01,email,billing,22.0,4.5,0
T00119-3,customer0119@demo-ml.example, resolved , medium ,2.8,2026-03-03,phone,platform,35.0,7.0,2
T00121-1,customer0121@demo-ml.example, resolved , critical ,4.4,2026-03-05,phone,platform,23.0,5.0,2
T00122-1,customer0122@demo-ml.example, closed , low ,2.7,2026-03-07,web,success,23.5,5.25,0
T00123-1,customer0123@demo-ml.example, open , medium ,3.4,2026-03-09,email,billing,24.0,5.5,1
T00123-2, CUSTOMER0123@DEMO-ML.EXAMPLE , pending , critical ,4.5,2026-03-10,chat,success,30.5,6.75,2
T00124-1,customer0124@demo-ml.example, pending , high ,4.1,2026-03-11,chat,security,24.5,5.75,2
T00126-1,customer0126@demo-ml.example, closed , low ,3.1,2026-03-15,web,success,25.5,6.25,1
T00126-2, CUSTOMER0126@DEMO-ML.EXAMPLE , open , high ,4.2,2026-03-16,email,platform,32.0,7.5,2
T00126-3,customer0126@demo-ml.example, pending , low ,2.9,2026-03-17,chat,security,38.5,8.75,0
T00127-1,customer0127@demo-ml.example, open , medium ,3.8,2026-03-17,email,billing,26.0,6.5,2
T00128-1,customer0128@demo-ml.example, pending , high ,,2026-03-19,chat,security,26.5,6.75,0
T00129-1,customer0129@demo-ml.example, resolved , critical ,2.8,2026-03-21,phone,platform,27.0,7.0,1
T00129-2, CUSTOMER0129@DEMO-ML.EXAMPLE , closed , medium ,3.9,2026-03-22,web,security,33.5,8.25,2
T00131-1,customer0131@demo-ml.example, open , medium ,4.2,2026-03-25,email,billing,28.0,7.5,0
T00132-1,customer0132@demo-ml.example, pending , high ,4.9,2026-03-27,chat,security,28.5,7.75,1
T00132-2, CUSTOMER0132@DEMO-ML.EXAMPLE , resolved , low ,3.6,2026-03-28,phone,billing,35.0,9.0,2
T00133-1,customer0133@demo-ml.example,, critical ,3.2,2026-03-29,phone,platform,29.0,8.0,2
T00133-3,customer0133@demo-ml.example, open , critical ,3.0,2026-03-31,email,billing,42.0,1.5,1
T00134-1,customer0134@demo-ml.example, closed , low ,3.9,2026-03-31,web,success,29.5,8.25,0
T00136-1,customer0136@demo-ml.example, pending ,,,2026-01-04,chat,security,30.5,8.75,2
T00137-1,customer0137@demo-ml.example, resolved , critical ,3.6,2026-01-06,phone,platform,31.0,9.0,0
T00138-1,customer0138@demo-ml.example, closed , low ,4.3,2026-01-08,web,success,31.5,9.25,1
T00138-2, CUSTOMER0138@DEMO-ML.EXAMPLE , open , high ,3.0,2026-01-09,email,platform,38.0,1.5,2
T00139-1,customer0139@demo-ml.example, open , medium ,2.6,2026-01-10,email,billing,32.0,0.5,2
T00141-1,customer0141@demo-ml.example, resolved , critical ,4.0,2026-01-14,phone,platform,33.0,1.0,1
T00141-2, CUSTOMER0141@DEMO-ML.EXAMPLE , closed , medium ,2.7,2026-01-15,web,security,39.5,2.25,2
T00142-1,customer0142@demo-ml.example, closed , low ,4.7,2026-01-16,web,success,33.5,1.25,2
T00143-1,customer0143@demo-ml.example, open , medium ,3.0,2026-01-18,email,billing,34.0,1.5,0
T00143-1,customer0143@demo-ml.example, open , medium ,3.0,2026-01-18,email,billing,34.0,1.5,0
T00144-1,customer0144@demo-ml.example, pending , high ,,2026-01-20,chat,security,34.5,1.75,1
T00144-2, CUSTOMER0144@DEMO-ML.EXAMPLE , resolved , low ,4.8,2026-01-21,phone,billing,41.0,3.0,2
T00146-1,customer0146@demo-ml.example, closed , low ,2.7,2026-01-24,web,success,35.5,2.25,0
T00147-1,customer0147@demo-ml.example, open , medium ,3.4,2026-01-26,email,billing,36.0,2.5,1
T00147-2, CUSTOMER0147@DEMO-ML.EXAMPLE , pending , critical ,4.5,2026-01-27,chat,success,42.5,3.75,2
T00147-3,customer0147@demo-ml.example, resolved , medium ,3.2,2026-01-28,phone,platform,49.0,5.0,0
T00148-1,customer0148@demo-ml.example, pending , high ,4.1,2026-01-28,chat,security,36.5,2.75,2
T00149-1,customer0149@demo-ml.example, resolved , critical ,4.8,2026-01-30,phone,platform,37.0,3.0,0
T00151-1,customer0151@demo-ml.example, open , medium ,3.8,2026-02-03,email,billing,38.0,3.5,2
T00152-1,customer0152@demo-ml.example,, high ,,2026-02-05,chat,security,38.5,3.75,0
T00153-1,customer0153@demo-ml.example, resolved ,,2.8,2026-02-07,phone,platform,39.0,4.0,1
T00153-2, CUSTOMER0153@DEMO-ML.EXAMPLE , closed , medium ,3.9,2026-02-08,web,security,45.5,5.25,2
T00154-1,customer0154@demo-ml.example, closed , low ,3.5,2026-02-09,web,success,39.5,4.25,2
T00154-3,customer0154@demo-ml.example, pending , low ,3.3,2026-02-11,chat,security,4.5,6.75,1
T00156-1,customer0156@demo-ml.example, pending , high ,4.9,2026-02-13,chat,security,40.5,4.75,1
T00156-1,customer0156@demo-ml.example, pending , high ,4.9,2026-02-13,chat,security,40.5,4.75,1
T00156-2, CUSTOMER0156@DEMO-ML.EXAMPLE , resolved , low ,3.6,2026-02-14,phone,billing,47.0,6.0,2
T00157-1,customer0157@demo-ml.example, resolved , critical ,3.2,2026-02-15,phone,platform,41.0,5.0,2
T00158-1,customer0158@demo-ml.example, closed , low ,3.9,2026-02-17,web,success,41.5,5.25,0
T00159-1,customer0159@demo-ml.example, open , medium ,4.6,2026-02-19,email,billing,42.0,5.5,1
T00159-2, CUSTOMER0159@DEMO-ML.EXAMPLE , pending , critical ,3.3,2026-02-20,chat,success,48.5,6.75,2
T00161-1,customer0161@demo-ml.example, resolved , critical ,3.6,2026-02-23,phone,platform,43.0,6.0,0
T00161-3,customer0161@demo-ml.example, open , critical ,3.4,2026-02-25,email,billing,8.0,8.5,2
T00162-1,customer0162@demo-ml.example, closed , low ,4.3,2026-02-25,web,success,43.5,6.25,1
T00162-2, CUSTOMER0162@DEMO-ML.EXAMPLE , open , high ,3.0,2026-02-26,email,platform,50.0,7.5,2
T00163-1,customer0163@demo-ml.example, open , medium ,2.6,2026-02-27,email,billing,44.0,6.5,2
T00164-1,customer0164@demo-ml.example, pending , high ,3.3,2026-03-01,chat,security,44.5,6.75,0
T00166-1,customer0166@demo-ml.example, closed , low ,4.7,2026-03-05,web,success,45.5,7.25,2
T00167-1,customer0167@demo-ml.example, open , medium ,3.0,2026-03-07,email,billing,46.0,7.5,0
T00168-1,customer0168@demo-ml.example, pending , high ,,2026-03-09,chat,security,46.5,7.75,1
T00168-2, CUSTOMER0168@DEMO-ML.EXAMPLE , resolved , low ,4.8,2026-03-10,phone,billing,5.0,9.0,2
T00168-3,customer0168@demo-ml.example, closed , high ,3.5,2026-03-11,web,success,11.5,1.25,0
T00169-1,customer0169@demo-ml.example, resolved , critical ,4.4,2026-03-11,phone,platform,47.0,8.0,2
T00169-1,customer0169@demo-ml.example, resolved , critical ,4.4,2026-03-11,phone,platform,47.0,8.0,2
T00171-1,customer0171@demo-ml.example,, medium ,3.4,2026-03-15,email,billing,48.0,8.5,1
T00171-2, CUSTOMER0171@DEMO-ML.EXAMPLE , pending , critical ,4.5,2026-03-16,chat,success,6.5,0.75,2
T00172-1,customer0172@demo-ml.example, pending , high ,4.1,2026-03-17,chat,security,48.5,8.75,2
T00173-1,customer0173@demo-ml.example, resolved , critical ,4.8,2026-03-19,phone,platform,49.0,9.0,0
T00174-1,customer0174@demo-ml.example, closed , low ,3.1,2026-03-21,web,success,49.5,9.25,1
T00174-2, CUSTOMER0174@DEMO-ML.EXAMPLE , open , high ,4.2,2026-03-22,email,platform,8.0,1.5,2
T00176-1,customer0176@demo-ml.example, pending , high ,,2026-03-25,chat,security,50.5,0.75,0
T00177-1,customer0177@demo-ml.example, resolved , critical ,2.8,2026-03-27,phone,platform,51.0,1.0,1
T00177-2, CUSTOMER0177@DEMO-ML.EXAMPLE , closed , medium ,3.9,2026-03-28,web,security,9.5,2.25,2
T00178-1,customer0178@demo-ml.example, closed , low ,3.5,2026-03-29,web,success,51.5,1.25,2
T00179-1,customer0179@demo-ml.example, open , medium ,4.2,2026-03-31,email,billing,4.0,1.5,0
T00181-1,customer0181@demo-ml.example, resolved , critical ,3.2,2026-01-04,phone,platform,5.0,2.0,2
T00182-1,customer0182@demo-ml.example, closed , low ,3.9,2026-01-06,web,success,5.5,2.25,0
T00182-1,customer0182@demo-ml.example, closed , low ,3.9,2026-01-06,web,success,5.5,2.25,0
T00182-3,customer0182@demo-ml.example, pending , low ,3.7,2026-01-08,chat,security,18.5,4.75,2
T00183-1,customer0183@demo-ml.example, open , medium ,4.6,2026-01-08,email,billing,6.0,2.5,1
T00183-2, CUSTOMER0183@DEMO-ML.EXAMPLE , pending , critical ,3.3,2026-01-09,chat,success,12.5,3.75,2
T00184-1,customer0184@demo-ml.example, pending , high ,,2026-01-10,chat,security,6.5,2.75,2
T00186-1,customer0186@demo-ml.example, closed , low ,4.3,2026-01-14,web,success,7.5,3.25,1
T00186-2, CUSTOMER0186@DEMO-ML.EXAMPLE , open , high ,3.0,2026-01-15,email,platform,14.0,4.5,2
T00187-1,customer0187@demo-ml.example, open ,,2.6,2026-01-16,email,billing,8.0,3.5,2
T00188-1,customer0188@demo-ml.example, pending , high ,3.3,2026-01-18,chat,security,8.5,3.75,0
T00189-1,customer0189@demo-ml.example, resolved , critical ,4.0,2026-01-20,phone,platform,9.0,4.0,1
T00189-2, CUSTOMER0189@DEMO-ML.EXAMPLE , closed , medium ,2.7,2026-01-21,web,security,15.5,5.25,2
T00189-3,customer0189@demo-ml.example, open , critical ,3.8,2026-01-22,email,billing,22.0,6.5,0
T00191-1,customer0191@demo-ml.example, open , medium ,3.0,2026-01-24,email,billing,10.0,4.5,0
T00192-1,customer0192@demo-ml.example, pending , high ,,2026-01-26,chat,security,10.5,4.75,1
T00192-2, CUSTOMER0192@DEMO-ML.EXAMPLE , resolved , low ,4.8,2026-01-27,phone,billing,17.0,6.0,2
T00193-1,customer0193@demo-ml.example, resolved , critical ,4.4,2026-01-28,phone,platform,11.0,5.0,2
T00194-1,customer0194@demo-ml.example, closed , low ,2.7,2026-01-30,web,success,11.5,5.25,0
T00196-1,customer0196@demo-ml.example, pending , high ,4.1,2026-02-03,chat,security,12.5,5.75,2
T00196-3,customer0196@demo-ml.example, closed , high ,3.9,2026-02-05,web,success,25.5,8.25,1
T00197-1,customer0197@demo-ml.example, resolved , critical ,4.8,2026-02-05,phone,platform,13.0,6.0,0
T00198-1,customer0198@demo-ml.example, closed , low ,3.1,2026-02-07,web,success,13.5,6.25,1
T00198-2, CUSTOMER0198@DEMO-ML.EXAMPLE , open , high ,4.2,2026-02-08,email,platform,20.0,7.5,2
T00199-1,customer0199@demo-ml.example, open , medium ,3.8,2026-02-09,email,billing,14.0,6.5,2
T00201-1,customer0201@demo-ml.example, resolved , critical ,2.8,2026-02-13,phone,platform,15.0,7.0,1
T00201-2, CUSTOMER0201@DEMO-ML.EXAMPLE , closed , medium ,3.9,2026-02-14,web,security,21.5,8.25,2
T00202-1,customer0202@demo-ml.example, closed , low ,3.5,2026-02-15,web,success,15.5,7.25,2
T00203-1,customer0203@demo-ml.example, open , medium ,4.2,2026-02-17,email,billing,16.0,7.5,0
T00203-3,customer0203@demo-ml.example, resolved , medium ,4.0,2026-02-19,phone,platform,29.0,1.0,2
T00204-1,customer0204@demo-ml.example, pending ,,4.9,2026-02-19,chat,security,16.5,7.75,1
T00204-2, CUSTOMER0204@DEMO-ML.EXAMPLE , resolved , low ,3.6,2026-02-20,phone,billing,23.0,9.0,2
T00206-1,customer0206@demo-ml.example, closed , low ,3.9,2026-02-23,web,success,17.5,8.25,0
T00207-1,customer0207@demo-ml.example, open , medium ,4.6,2026-02-25,email,billing,18.0,8.5,1
T00207-2, CUSTOMER0207@DEMO-ML.EXAMPLE , pending , critical ,3.3,2026-02-26,chat,success,24.5,0.75,2
T00208-1,customer0208@demo-ml.example, pending , high ,,2026-02-27,chat,security,18.5,8.75,2
T00208-1,customer0208@demo-ml.example, pending , high ,,2026-02-27,chat,security,18.5,8.75,2
T00209-1,customer0209@demo-ml.example,, critical ,3.6,2026-03-01,phone,platform,19.0,9.0,0
T00211-1,customer0211@demo-ml.example, open , medium ,2.6,2026-03-05,email,billing,20.0,0.5,2
T00212-1,customer0212@demo-ml.example, pending , high ,3.3,2026-03-07,chat,security,20.5,0.75,0
T00213-1,customer0213@demo-ml.example, resolved , critical ,4.0,2026-03-09,phone,platform,21.0,1.0,1
T00213-2, CUSTOMER0213@DEMO-ML.EXAMPLE , closed , medium ,2.7,2026-03-10,web,security,27.5,2.25,2
T00214-1,customer0214@demo-ml.example, closed , low ,4.7,2026-03-11,web,success,21.5,1.25,2
T00216-1,customer0216@demo-ml.example, pending , high ,,2026-03-15,chat,security,22.5,1.75,1
T00216-2, CUSTOMER0216@DEMO-ML.EXAMPLE , resolved , low ,4.8,2026-03-16,phone,billing,29.0,3.0,2
T00217-1,customer0217@demo-ml.example, resolved , critical ,4.4,2026-03-17,phone,platform,23.0,2.0,2
T00217-3,customer0217@demo-ml.example, open , critical ,4.2,2026-03-19,email,billing,36.0,4.5,1
T00218-1,customer0218@demo-ml.example, closed , low ,2.7,2026-03-19,web,success,23.5,2.25,0
T00219-1,customer0219@demo-ml.example, open , medium ,3.4,2026-03-21,email,billing,24.0,2.5,1
T00219-2, CUSTOMER0219@DEMO-ML.EXAMPLE , pending , critical ,4.5,2026-03-22,chat,success,30.5,3.75,2
T00221-1,customer0221@demo-ml.example, resolved ,,4.8,2026-03-25,phone,platform,25.0,3.0,0
T00221-1,customer0221@demo-ml.example, resolved ,,4.8,2026-03-25,phone,platform,25.0,3.0,0
T00222-1,customer0222@demo-ml.example, closed , low ,3.1,2026-03-27,web,success,25.5,3.25,1
T00222-2, CUSTOMER0222@DEMO-ML.EXAMPLE , open , high ,4.2,2026-03-28,email,platform,32.0,4.5,2
T00223-1,customer0223@demo-ml.example, open , medium ,3.8,2026-03-29,email,billing,26.0,3.5,2
T00224-1,customer0224@demo-ml.example, pending , high ,,2026-03-31,chat,security,26.5,3.75,0
T00224-3,customer0224@demo-ml.example, closed , high ,4.3,2026-01-02,web,success,39.5,6.25,2
T00226-1,customer0226@demo-ml.example, closed , low ,3.5,2026-01-04,web,success,27.5,4.25,2
T00227-1,customer0227@demo-ml.example, open , medium ,4.2,2026-01-06,email,billing,28.0,4.5,0
T00228-1,customer0228@demo-ml.example,, high ,4.9,2026-01-08,chat,security,28.5,4.75,1
T00228-2, CUSTOMER0228@DEMO-ML.EXAMPLE , resolved , low ,3.6,2026-01-09,phone,billing,35.0,6.0,2
T00229-1,customer0229@demo-ml.example, resolved , critical ,3.2,2026-01-10,phone,platform,29.0,5.0,2
T00231-1,customer0231@demo-ml.example, open , medium ,4.6,2026-01-14,email,billing,30.0,5.5,1
T00231-2, CUSTOMER0231@DEMO-ML.EXAMPLE , pending , critical ,3.3,2026-01-15,chat,success,36.5,6.75,2
T00231-3,customer0231@demo-ml.example, resolved , medium ,4.4,2026-01-16,phone,platform,43.0,8.0,0
T00232-1,customer0232@demo-ml.example, pending , high ,,2026-01-16,chat,security,30.5,5.75,2
T00233-1,customer0233@demo-ml.example, resolved , critical ,3.6,2026-01-18,phone,platform,31.0,6.0,0
T00234-1,customer0234@demo-ml.example, closed , low ,4.3,2026-01-20,web,success,31.5,6.25,1
T00234-1,customer0234@demo-ml.example, closed , low ,4.3,2026-01-20,web,success,31.5,6.25,1
T00234-2, CUSTOMER0234@DEMO-ML.EXAMPLE , open , high ,3.0,2026-01-21,email,platform,38.0,7.5,2
T00236-1,customer0236@demo-ml.example, pending , high ,3.3,2026-01-24,chat,security,32.5,6.75,0
T00237-1,customer0237@demo-ml.example, resolved , critical ,4.0,2026-01-26,phone,platform,33.0,7.0,1
T00237-2, CUSTOMER0237@DEMO-ML.EXAMPLE , closed , medium ,2.7,2026-01-27,web,security,39.5,8.25,2
T00238-1,customer0238@demo-ml.example, closed ,,4.7,2026-01-28,web,success,33.5,7.25,2
T00238-3,customer0238@demo-ml.example, pending , low ,4.5,2026-01-30,chat,security,46.5,0.75,1
T00239-1,customer0239@demo-ml.example, open , medium ,3.0,2026-01-30,email,billing,34.0,7.5,0
T00241-1,customer0241@demo-ml.example, resolved , critical ,4.4,2026-02-03,phone,platform,35.0,8.0,2
T00242-1,customer0242@demo-ml.example, closed , low ,2.7,2026-02-05,web,success,35.5,8.25,0
T00243-1,customer0243@demo-ml.example, open , medium ,3.4,2026-02-07,email,billing,36.0,8.5,1
T00243-2, CUSTOMER0243@DEMO-ML.EXAMPLE , pending , critical ,4.5,2026-02-08,chat,success,42.5,0.75,2
T00244-1,customer0244@demo-ml.example, pending , high ,4.1,2026-02-09,chat,security,36.5,8.75,2
T00246-1,customer0246@demo-ml.example, closed , low ,3.1,2026-02-13,web,success,37.5,9.25,1
T00246-2, CUSTOMER0246@DEMO-ML.EXAMPLE , open , high ,4.2,2026-02-14,email,platform,44.0,1.5,2
T00247-1,customer0247@demo-ml.example,, medium ,3.8,2026-02-15,email,billing,38.0,0.5,2
T00247-1,customer0247@demo-ml.example,, medium ,3.8,2026-02-15,email,billing,38.0,0.5,2
T00248-1,customer0248@demo-ml.example, pending , high ,,2026-02-17,chat,security,38.5,0.75,0
T00249-1,customer0249@demo-ml.example, resolved , critical ,2.8,2026-02-19,phone,platform,39.0,1.0,1
T00249-2, CUSTOMER0249@DEMO-ML.EXAMPLE , closed , medium ,3.9,2026-02-20,web,security,45.5,2.25,2
T00251-1,customer0251@demo-ml.example, open , medium ,4.2,2026-02-23,email,billing,40.0,1.5,0
T00252-1,customer0252@demo-ml.example, pending , high ,4.9,2026-02-25,chat,security,40.5,1.75,1
T00252-2, CUSTOMER0252@DEMO-ML.EXAMPLE , resolved , low ,3.6,2026-02-26,phone,billing,47.0,3.0,2
T00252-3,customer0252@demo-ml.example, closed , high ,4.7,2026-02-27,web,success,5.5,4.25,0
T00253-1,customer0253@demo-ml.example, resolved , critical ,3.2,2026-02-27,phone,platform,41.0,2.0,2
T00254-1,customer0254@demo-ml.example, closed , low ,3.9,2026-03-01,web,success,41.5,2.25,0
T00256-1,customer0256@demo-ml.example, pending , high ,,2026-03-05,chat,security,42.5,2.75,2
T00257-1,customer0257@demo-ml.example, resolved , critical ,3.6,2026-03-07,phone,platform,43.0,3.0,0
T00258-1,customer0258@demo-ml.example, closed , low ,4.3,2026-03-09,web,success,43.5,3.25,1
T00258-2, CUSTOMER0258@DEMO-ML.EXAMPLE , open , high ,3.0,2026-03-10,email,platform,50.0,4.5,2
T00259-1,customer0259@demo-ml.example, open , medium ,2.6,2026-03-11,email,billing,44.0,3.5,2
T00259-3,customer0259@demo-ml.example, resolved , medium ,4.8,2026-03-13,phone,platform,9.0,6.0,1
T00261-1,customer0261@demo-ml.example, resolved , critical ,4.0,2026-03-15,phone,platform,45.0,4.0,1
T00261-2, CUSTOMER0261@DEMO-ML.EXAMPLE , closed , medium ,2.7,2026-03-16,web,security,51.5,5.25,2
T00262-1,customer0262@demo-ml.example, closed , low ,4.7,2026-03-17,web,success,45.5,4.25,2
T00263-1,customer0263@demo-ml.example, open , medium ,3.0,2026-03-19,email,billing,46.0,4.5,0
T00264-1,customer0264@demo-ml.example, pending , high ,,2026-03-21,chat,security,46.5,4.75,1
T00264-2, CUSTOMER0264@DEMO-ML.EXAMPLE , resolved , low ,4.8,2026-03-22,phone,billing,5.0,6.0,2
T00266-1,customer0266@demo-ml.example,, low ,2.7,2026-03-25,web,success,47.5,5.25,0
T00266-3,customer0266@demo-ml.example, pending , low ,4.9,2026-03-27,chat,security,12.5,7.75,2
T00267-1,customer0267@demo-ml.example, open , medium ,3.4,2026-03-27,email,billing,48.0,5.5,1
T00267-2, CUSTOMER0267@DEMO-ML.EXAMPLE , pending , critical ,4.5,2026-03-28,chat,success,6.5,6.75,2
T00268-1,customer0268@demo-ml.example, pending , high ,4.1,2026-03-29,chat,security,48.5,5.75,2
T00269-1,customer0269@demo-ml.example, resolved , critical ,4.8,2026-03-31,phone,platform,49.0,6.0,0
T00271-1,customer0271@demo-ml.example, open , medium ,3.8,2026-01-04,email,billing,50.0,6.5,2
T00272-1,customer0272@demo-ml.example, pending ,,,2026-01-06,chat,security,50.5,6.75,0
T00273-1,customer0273@demo-ml.example, resolved , critical ,2.8,2026-01-08,phone,platform,51.0,7.0,1
T00273-1,customer0273@demo-ml.example, resolved , critical ,2.8,2026-01-08,phone,platform,51.0,7.0,1
T00273-2, CUSTOMER0273@DEMO-ML.EXAMPLE , closed , medium ,3.9,2026-01-09,web,security,9.5,8.25,2
T00273-3,customer0273@demo-ml.example, open , critical ,2.6,2026-01-10,email,billing,16.0,0.5,0
T00274-1,customer0274@demo-ml.example, closed , low ,3.5,2026-01-10,web,success,51.5,7.25,2
T00276-1,customer0276@demo-ml.example, pending , high ,4.9,2026-01-14,chat,security,4.5,7.75,1
T00276-2, CUSTOMER0276@DEMO-ML.EXAMPLE , resolved , low ,3.6,2026-01-15,phone,billing,11.0,9.0,2
T00277-1,customer0277@demo-ml.example, resolved , critical ,3.2,2026-01-16,phone,platform,5.0,8.0,2
T00278-1,customer0278@demo-ml.example, closed , low ,3.9,2026-01-18,web,success,5.5,8.25,0
T00279-1,customer0279@demo-ml.example, open , medium ,4.6,2026-01-20,email,billing,6.0,8.5,1
T00279-2, CUSTOMER0279@DEMO-ML.EXAMPLE , pending , critical ,3.3,2026-01-21,chat,success,12.5,0.75,2
T00281-1,customer0281@demo-ml.example, resolved , critical ,3.6,2026-01-24,phone,platform,7.0,9.0,0
T00282-1,customer0282@demo-ml.example, closed , low ,4.3,2026-01-26,web,success,7.5,9.25,1
T00282-2, CUSTOMER0282@DEMO-ML.EXAMPLE , open , high ,3.0,2026-01-27,email,platform,14.0,1.5,2
T00283-1,customer0283@demo-ml.example, open , medium ,2.6,2026-01-28,email,billing,8.0,0.5,2
T00284-1,customer0284@demo-ml.example, pending , high ,3.3,2026-01-30,chat,security,8.5,0.75,0
T00286-1,customer0286@demo-ml.example, closed , low ,4.7,2026-02-03,web,success,9.5,1.25,2
T00286-1,customer0286@demo-ml.example, closed , low ,4.7,2026-02-03,web,success,9.5,1.25,2
T00287-1,customer0287@demo-ml.example, open , medium ,3.0,2026-02-05,email,billing,10.0,1.5,0
T00287-3,customer0287@demo-ml.example, resolved , medium ,2.8,2026-02-07,phone,platform,23.0,4.0,2
T00288-1,customer0288@demo-ml.example, pending , high ,,2026-02-07,chat,security,10.5,1.75,1
T00288-2, CUSTOMER0288@DEMO-ML.EXAMPLE , resolved , low ,4.8,2026-02-08,phone,billing,17.0,3.0,2
T00289-1,customer0289@demo-ml.example, resolved ,,4.4,2026-02-09,phone,platform,11.0,2.0,2
T00291-1,customer0291@demo-ml.example, open , medium ,3.4,2026-02-13,email,billing,12.0,2.5,1
T00291-2, CUSTOMER0291@DEMO-ML.EXAMPLE , pending , critical ,4.5,2026-02-14,chat,success,18.5,3.75,2
T00292-1,customer0292@demo-ml.example, pending , high ,4.1,2026-02-15,chat,security,12.5,2.75,2
T00293-1,customer0293@demo-ml.example, resolved , critical ,4.8,2026-02-17,phone,platform,13.0,3.0,0
T00294-1,customer0294@demo-ml.example, closed , low ,3.1,2026-02-19,web,success,13.5,3.25,1
T00294-2, CUSTOMER0294@DEMO-ML.EXAMPLE , open , high ,4.2,2026-02-20,email,platform,20.0,4.5,2
T00294-3,customer0294@demo-ml.example, pending , low ,2.9,2026-02-21,chat,security,26.5,5.75,0
T00296-1,customer0296@demo-ml.example, pending , high ,,2026-02-23,chat,security,14.5,3.75,0
T00297-1,customer0297@demo-ml.example, resolved , critical ,2.8,2026-02-25,phone,platform,15.0,4.0,1
T00297-2, CUSTOMER0297@DEMO-ML.EXAMPLE , closed , medium ,3.9,2026-02-26,web,security,21.5,5.25,2
T00298-1,customer0298@demo-ml.example, closed , low ,3.5,2026-02-27,web,success,15.5,4.25,2
T00299-1,customer0299@demo-ml.example, open , medium ,4.2,2026-03-01,email,billing,16.0,4.5,0
T00299-1,customer0299@demo-ml.example, open , medium ,4.2,2026-03-01,email,billing,16.0,4.5,0
T00301-1,customer0301@demo-ml.example, resolved , critical ,3.2,2026-03-05,phone,platform,17.0,5.0,2
T00301-3,customer0301@demo-ml.example, open , critical ,3.0,2026-03-07,email,billing,30.0,7.5,1
T00302-1,customer0302@demo-ml.example, closed , low ,3.9,2026-03-07,web,success,17.5,5.25,0
T00303-1,customer0303@demo-ml.example, open , medium ,4.6,2026-03-09,email,billing,18.0,5.5,1
T00303-2, CUSTOMER0303@DEMO-ML.EXAMPLE , pending , critical ,3.3,2026-03-10,chat,success,24.5,6.75,2
T00304-1,customer0304@demo-ml.example,, high ,,2026-03-11,chat,security,18.5,5.75,2
T00306-1,customer0306@demo-ml.example, closed ,,4.3,2026-03-15,web,success,19.5,6.25,1
T00306-2, CUSTOMER0306@DEMO-ML.EXAMPLE , open , high ,3.0,2026-03-16,email,platform,26.0,7.5,2
T00307-1,customer0307@demo-ml.example, open , medium ,2.6,2026-03-17,email,billing,20.0,6.5,2
T00308-1,customer0308@demo-ml.example, pending , high ,3.3,2026-03-19,chat,security,20.5,6.75,0
T00308-3,customer0308@demo-ml.example, closed , high ,3.1,2026-03-21,web,success,33.5,9.25,2
T00309-1,customer0309@demo-ml.example, resolved , critical ,4.0,2026-03-21,phone,platform,21.0,7.0,1
T00309-2, CUSTOMER0309@DEMO-ML.EXAMPLE , closed , medium ,2.7,2026-03-22,web,security,27.5,8.25,2
T00311-1,customer0311@demo-ml.example, open , medium ,3.0,2026-03-25,email,billing,22.0,7.5,0
T00312-1,customer0312@demo-ml.example, pending , high ,,2026-03-27,chat,security,22.5,7.75,1
T00312-1,customer0312@demo-ml.example, pending , high ,,2026-03-27,chat,security,22.5,7.75,1
T00312-2, CUSTOMER0312@DEMO-ML.EXAMPLE , resolved , low ,4.8,2026-03-28,phone,billing,29.0,9.0,2
T00313-1,customer0313@demo-ml.example, resolved , critical ,4.4,2026-03-29,phone,platform,23.0,8.0,2
T00314-1,customer0314@demo-ml.example, closed , low ,2.7,2026-03-31,web,success,23.5,8.25,0
T00316-1,customer0316@demo-ml.example, pending , high ,4.1,2026-01-04,chat,security,24.5,8.75,2
T00317-1,customer0317@demo-ml.example, resolved , critical ,4.8,2026-01-06,phone,platform,25.0,9.0,0
T00318-1,customer0318@demo-ml.example, closed , low ,3.1,2026-01-08,web,success,25.5,9.25,1
T00318-2, CUSTOMER0318@DEMO-ML.EXAMPLE , open , high ,4.2,2026-01-09,email,platform,32.0,1.5,2
T00319-1,customer0319@demo-ml.example, open , medium ,3.8,2026-01-10,email,billing,26.0,0.5,2
T00321-1,customer0321@demo-ml.example, resolved , critical ,2.8,2026-01-14,phone,platform,27.0,1.0,1
T00321-2, CUSTOMER0321@DEMO-ML.EXAMPLE , closed , medium ,3.9,2026-01-15,web,security,33.5,2.25,2
T00322-1,customer0322@demo-ml.example, closed , low ,3.5,2026-01-16,web,success,27.5,1.25,2
T00322-3,customer0322@demo-ml.example, pending , low ,3.3,2026-01-18,chat,security,40.5,3.75,1
T00323-1,customer0323@demo-ml.example,,,4.2,2026-01-18,email,billing,28.0,1.5,0
T00324-1,customer0324@demo-ml.example, pending , high ,4.9,2026-01-20,chat,security,28.5,1.75,1
T00324-2, CUSTOMER0324@DEMO-ML.EXAMPLE , resolved , low ,3.6,2026-01-21,phone,billing,35.0,3.0,2
T00326-1,customer0326@demo-ml.example, closed , low ,3.9,2026-01-24,web,success,29.5,2.25,0
T00327-1,customer0327@demo-ml.example, open , medium ,4.6,2026-01-26,email,billing,30.0,2.5,1
T00327-2, CUSTOMER0327@DEMO-ML.EXAMPLE , pending , critical ,3.3,2026-01-27,chat,success,36.5,3.75,2
T00328-1,customer0328@demo-ml.example, pending , high ,,2026-01-28,chat,security,30.5,2.75,2
T00329-1,customer0329@demo-ml.example, resolved , critical ,3.6,2026-01-30,phone,platform,31.0,3.0,0
T00329-3,customer0329@demo-ml.example, open , critical ,3.4,2026-02-01,email,billing,44.0,5.5,2
T00331-1,customer0331@demo-ml.example, open , medium ,2.6,2026-02-03,email,billing,32.0,3.5,2
T00332-1,customer0332@demo-ml.example, pending , high ,3.3,2026-02-05,chat,security,32.5,3.75,0
T00333-1,customer0333@demo-ml.example, resolved , critical ,4.0,2026-02-07,phone,platform,33.0,4.0,1
T00333-2, CUSTOMER0333@DEMO-ML.EXAMPLE , closed , medium ,2.7,2026-02-08,web,security,39.5,5.25,2
T00334-1,customer0334@demo-ml.example, closed , low ,4.7,2026-02-09,web,success,33.5,4.25,2
T00336-1,customer0336@demo-ml.example, pending , high ,,2026-02-13,chat,security,34.5,4.75,1
T00336-2, CUSTOMER0336@DEMO-ML.EXAMPLE , resolved , low ,4.8,2026-02-14,phone,billing,41.0,6.0,2
T00336-3,customer0336@demo-ml.example, closed , high ,3.5,2026-02-15,web,success,47.5,7.25,0
T00337-1,customer0337@demo-ml.example, resolved , critical ,4.4,2026-02-15,phone,platform,35.0,5.0,2
T00338-1,customer0338@demo-ml.example, closed , low ,2.7,2026-02-17,web,success,35.5,5.25,0
T00338-1,customer0338@demo-ml.example, closed , low ,2.7,2026-02-17,web,success,35.5,5.25,0
T00339-1,customer0339@demo-ml.example, open , medium ,3.4,2026-02-19,email,billing,36.0,5.5,1
T00339-2, CUSTOMER0339@DEMO-ML.EXAMPLE , pending , critical ,4.5,2026-02-20,chat,success,42.5,6.75,2
T00341-1,customer0341@demo-ml.example, resolved , critical ,4.8,2026-02-23,phone,platform,37.0,6.0,0
T00342-1,customer0342@demo-ml.example,, low ,3.1,2026-02-25,web,success,37.5,6.25,1
T00342-2, CUSTOMER0342@DEMO-ML.EXAMPLE , open , high ,4.2,2026-02-26,email,platform,44.0,7.5,2
T00343-1,customer0343@demo-ml.example, open , medium ,3.8,2026-02-27,email,billing,38.0,6.5,2
T00343-3,customer0343@demo-ml.example, resolved , medium ,3.6,2026-03-01,phone,platform,51.0,9.0,1
T00344-1,customer0344@demo-ml.example, pending , high ,,2026-03-01,chat,security,38.5,6.75,0
T00346-1,customer0346@demo-ml.example, closed , low ,3.5,2026-03-05,web,success,39.5,7.25,2
T00347-1,customer0347@demo-ml.example, open , medium ,4.2,2026-03-07,email,billing,40.0,7.5,0
T00348-1,customer0348@demo-ml.example, pending , high ,4.9,2026-03-09,chat,security,40.5,7.75,1
T00348-2, CUSTOMER0348@DEMO-ML.EXAMPLE , resolved , low ,3.6,2026-03-10,phone,billing,47.0,9.0,2
T00349-1,customer0349@demo-ml.example, resolved , critical ,3.2,2026-03-11,phone,platform,41.0,8.0,2
T00351-1,customer0351@demo-ml.example, open , medium ,4.6,2026-03-15,email,billing,42.0,8.5,1
T00351-1,customer0351@demo-ml.example, open , medium ,4.6,2026-03-15,email,billing,42.0,8.5,1
T00351-2, CUSTOMER0351@DEMO-ML.EXAMPLE , pending , critical ,3.3,2026-03-16,chat,success,48.5,0.75,2
T00352-1,customer0352@demo-ml.example, pending , high ,,2026-03-17,chat,security,42.5,8.75,2
T00353-1,customer0353@demo-ml.example, resolved , critical ,3.6,2026-03-19,phone,platform,43.0,9.0,0
T00354-1,customer0354@demo-ml.example, closed , low ,4.3,2026-03-21,web,success,43.5,9.25,1
T00354-2, CUSTOMER0354@DEMO-ML.EXAMPLE , open , high ,3.0,2026-03-22,email,platform,50.0,1.5,2
T00356-1,customer0356@demo-ml.example, pending , high ,3.3,2026-03-25,chat,security,44.5,0.75,0
T00357-1,customer0357@demo-ml.example, resolved ,,4.0,2026-03-27,phone,platform,45.0,1.0,1
T00357-2, CUSTOMER0357@DEMO-ML.EXAMPLE , closed , medium ,2.7,2026-03-28,web,security,51.5,2.25,2
T00357-3,customer0357@demo-ml.example, open , critical ,3.8,2026-03-29,email,billing,10.0,3.5,0
T00358-1,customer0358@demo-ml.example, closed , low ,4.7,2026-03-29,web,success,45.5,1.25,2
T00359-1,customer0359@demo-ml.example, open , medium ,3.0,2026-03-31,email,billing,46.0,1.5,0
T00361-1,customer0361@demo-ml.example,, critical ,4.4,2026-01-04,phone,platform,47.0,2.0,2
T00362-1,customer0362@demo-ml.example, closed , low ,2.7,2026-01-06,web,success,47.5,2.25,0
T00363-1,customer0363@demo-ml.example, open , medium ,3.4,2026-01-08,email,billing,48.0,2.5,1
T00363-2, CUSTOMER0363@DEMO-ML.EXAMPLE , pending , critical ,4.5,2026-01-09,chat,success,6.5,3.75,2
T00364-1,customer0364@demo-ml.example, pending , high ,4.1,2026-01-10,chat,security,48.5,2.75,2
T00364-1,customer0364@demo-ml.example, pending , high ,4.1,2026-01-10,chat,security,48.5,2.75,2
T00364-3,customer0364@demo-ml.example, closed , high ,3.9,2026-01-12,web,success,13.5,5.25,1
T00366-1,customer0366@demo-ml.example, closed , low ,3.1,2026-01-14,web,success,49.5,3.25,1
T00366-2, CUSTOMER0366@DEMO-ML.EXAMPLE , open , high ,4.2,2026-01-15,email,platform,8.0,4.5,2
T00367-1,customer0367@demo-ml.example, open , medium ,3.8,2026-01-16,email,billing,50.0,3.5,2
T00368-1,customer0368@demo-ml.example, pending , high ,,2026-01-18,chat,security,50.5,3.75,0
T00369-1,customer0369@demo-ml.example, resolved , critical ,2.8,2026-01-20,phone,platform,51.0,4.0,1
T00369-2, CUSTOMER0369@DEMO-ML.EXAMPLE , closed , medium ,3.9,2026-01-21,web,security,9.5,5.25,2
T00371-1,customer0371@demo-ml.example, open , medium ,4.2,2026-01-24,email,billing,4.0,4.5,0
T00371-3,customer0371@demo-ml.example, resolved , medium ,4.0,2026-01-26,phone,platform,17.0,7.0,2
T00372-1,customer0372@demo-ml.example, pending , high ,4.9,2026-01-26,chat,security,4.5,4.75,1
T00372-2, CUSTOMER0372@DEMO-ML.EXAMPLE , resolved , low ,3.6,2026-01-27,phone,billing,11.0,6.0,2
T00373-1,customer0373@demo-ml.example, resolved , critical ,3.2,2026-01-28,phone,platform,5.0,5.0,2
T00374-1,customer0374@demo-ml.example, closed ,,3.9,2026-01-30,web,success,5.5,5.25,0
T00376-1,customer0376@demo-ml.example, pending , high ,,2026-02-03,chat,security,6.5,5.75,2
T00377-1,customer0377@demo-ml.example, resolved , critical ,3.6,2026-02-05,phone,platform,7.0,6.0,0
T00377-1,customer0377@demo-ml.example, resolved , critical ,3.6,2026-02-05,phone,platform,7.0,6.0,0
T00378-1,customer0378@demo-ml.example, closed , low ,4.3,2026-02-07,web,success,7.5,6.25,1
T00378-2, CUSTOMER0378@DEMO-ML.EXAMPLE , open , high ,3.0,2026-02-08,email,platform,14.0,7.5,2
T00378-3,customer0378@demo-ml.example, pending , low ,4.1,2026-02-09,chat,security,20.5,8.75,0
T00379-1,customer0379@demo-ml.example, open , medium ,2.6,2026-02-09,email,billing,8.0,6.5,2
T00381-1,customer0381@demo-ml.example, resolved , critical ,4.0,2026-02-13,phone,platform,9.0,7.0,1
T00381-2, CUSTOMER0381@DEMO-ML.EXAMPLE , closed , medium ,2.7,2026-02-14,web,security,15.5,8.25,2
T00382-1,customer0382@demo-ml.example, closed , low ,4.7,2026-02-15,web,success,9.5,7.25,2
T00383-1,customer0383@demo-ml.example, open , medium ,3.0,2026-02-17,email,billing,10.0,7.5,0
T00384-1,customer0384@demo-ml.example, pending , high ,,2026-02-19,chat,security,10.5,7.75,1
T00384-2, CUSTOMER0384@DEMO-ML.EXAMPLE , resolved , low ,4.8,2026-02-20,phone,billing,17.0,9.0,2
T00386-1,customer0386@demo-ml.example, closed , low ,2.7,2026-02-23,web,success,11.5,8.25,0
T00387-1,customer0387@demo-ml.example, open , medium ,3.4,2026-02-25,email,billing,12.0,8.5,1
T00387-2, CUSTOMER0387@DEMO-ML.EXAMPLE , pending , critical ,4.5,2026-02-26,chat,success,18.5,0.75,2
T00388-1,customer0388@demo-ml.example, pending , high ,4.1,2026-02-27,chat,security,12.5,8.75,2
T00389-1,customer0389@demo-ml.example, resolved , critical ,4.8,2026-03-01,phone,platform,13.0,9.0,0
T00391-1,customer0391@demo-ml.example, open ,,3.8,2026-03-05,email,billing,14.0,0.5,2
T00392-1,customer0392@demo-ml.example, pending , high ,,2026-03-07,chat,security,14.5,0.75,0
T00392-3,customer0392@demo-ml.example, closed , high ,4.3,2026-03-09,web,success,27.5,3.25,2
T00393-1,customer0393@demo-ml.example, resolved , critical ,2.8,2026-03-09,phone,platform,15.0,1.0,1
T00393-2, CUSTOMER0393@DEMO-ML.EXAMPLE , closed , medium ,3.9,2026-03-10,web,security,21.5,2.25,2
T00394-1,customer0394@demo-ml.example, closed , low ,3.5,2026-03-11,web,success,15.5,1.25,2
T00396-1,customer0396@demo-ml.example, pending , high ,4.9,2026-03-15,chat,security,16.5,1.75,1
T00396-2, CUSTOMER0396@DEMO-ML.EXAMPLE , resolved , low ,3.6,2026-03-16,phone,billing,23.0,3.0,2
T00397-1,customer0397@demo-ml.example, resolved , critical ,3.2,2026-03-17,phone,platform,17.0,2.0,2
T00398-1,customer0398@demo-ml.example, closed , low ,3.9,2026-03-19,web,success,17.5,2.25,0
T00399-1,customer0399@demo-ml.example,, medium ,4.6,2026-03-21,email,billing,18.0,2.5,1
T00399-2, CUSTOMER0399@DEMO-ML.EXAMPLE , pending , critical ,3.3,2026-03-22,chat,success,24.5,3.75,2
T00399-3,customer0399@demo-ml.example, resolved , medium ,4.4,2026-03-23,phone,platform,31.0,5.0,0
T00401-1,customer0401@demo-ml.example, resolved , critical ,3.6,2026-03-25,phone,platform,19.0,3.0,0
T00402-1,customer0402@demo-ml.example, closed , low ,4.3,2026-03-27,web,success,19.5,3.25,1
T00402-2, CUSTOMER0402@DEMO-ML.EXAMPLE , open , high ,3.0,2026-03-28,email,platform,26.0,4.5,2
T00403-1,customer0403@demo-ml.example, open , medium ,2.6,2026-03-29,email,billing,20.0,3.5,2
T00403-1,customer0403@demo-ml.example, open , medium ,2.6,2026-03-29,email,billing,20.0,3.5,2
T00404-1,customer0404@demo-ml.example, pending , high ,3.3,2026-03-31,chat,security,20.5,3.75,0
T00406-1,customer0406@demo-ml.example, closed , low ,4.7,2026-01-04,web,success,21.5,4.25,2
T00406-3,customer0406@demo-ml.example, pending , low ,4.5,2026-01-06,chat,security,34.5,6.75,1
T00407-1,customer0407@demo-ml.example, open , medium ,3.0,2026-01-06,email,billing,22.0,4.5,0
T00408-1,customer0408@demo-ml.example, pending ,,,2026-01-08,chat,security,22.5,4.75,1
T00408-2, CUSTOMER0408@DEMO-ML.EXAMPLE , resolved , low ,4.8,2026-01-09,phone,billing,29.0,6.0,2
T00409-1,customer0409@demo-ml.example, resolved , critical ,4.4,2026-01-10,phone,platform,23.0,5.0,2
T00411-1,customer0411@demo-ml.example, open , medium ,3.4,2026-01-14,email,billing,24.0,5.5,1
T00411-2, CUSTOMER0411@DEMO-ML.EXAMPLE , pending , critical ,4.5,2026-01-15,chat,success,30.5,6.75,2
T00412-1,customer0412@demo-ml.example, pending , high ,4.1,2026-01-16,chat,security,24.5,5.75,2
T00413-1,customer0413@demo-ml.example, resolved , critical ,4.8,2026-01-18,phone,platform,25.0,6.0,0
T00413-3,customer0413@demo-ml.example, open , critical ,4.6,2026-01-20,email,billing,38.0,8.5,2
T00414-1,customer0414@demo-ml.example, closed , low ,3.1,2026-01-20,web,success,25.5,6.25,1
T00414-2, CUSTOMER0414@DEMO-ML.EXAMPLE , open , high ,4.2,2026-01-21,email,platform,32.0,7.5,2
T00416-1,customer0416@demo-ml.example, pending , high ,,2026-01-24,chat,security,26.5,6.75,0
T00416-1,customer0416@demo-ml.example, pending , high ,,2026-01-24,chat,security,26.5,6.75,0
T00417-1,customer0417@demo-ml.example, resolved , critical ,2.8,2026-01-26,phone,platform,27.0,7.0,1
T00417-2, CUSTOMER0417@DEMO-ML.EXAMPLE , closed , medium ,3.9,2026-01-27,web,security,33.5,8.25,2
T00418-1,customer0418@demo-ml.example,, low ,3.5,2026-01-28,web,success,27.5,7.25,2
T00419-1,customer0419@demo-ml.example, open , medium ,4.2,2026-01-30,email,billing,28.0,7.5,0
T00421-1,customer0421@demo-ml.example, resolved , critical ,3.2,2026-02-03,phone,platform,29.0,8.0,2
T00422-1,customer0422@demo-ml.example, closed , low ,3.9,2026-02-05,web,success,29.5,8.25,0
T00423-1,customer0423@demo-ml.example, open , medium ,4.6,2026-02-07,email,billing,30.0,8.5,1
T00423-2, CUSTOMER0423@DEMO-ML.EXAMPLE , pending , critical ,3.3,2026-02-08,chat,success,36.5,0.75,2
T00424-1,customer0424@demo-ml.example, pending , high ,,2026-02-09,chat,security,30.5,8.75,2
T00426-1,customer0426@demo-ml.example, closed , low ,4.3,2026-02-13,web,success,31.5,9.25,1
T00426-2, CUSTOMER0426@DEMO-ML.EXAMPLE , open , high ,3.0,2026-02-14,email,platform,38.0,1.5,2
T00427-1,customer0427@demo-ml.example, open , medium ,2.6,2026-02-15,email,billing,32.0,0.5,2
T00427-3,customer0427@demo-ml.example, resolved , medium ,4.8,2026-02-17,phone,platform,45.0,3.0,1
T00428-1,customer0428@demo-ml.example, pending , high ,3.3,2026-02-17,chat,security,32.5,0.75,0
T00429-1,customer0429@demo-ml.example, resolved , critical ,4.0,2026-02-19,phone,platform,33.0,1.0,1
T00429-1,customer0429@demo-ml.example, resolved , critical ,4.0,2026-02-19,phone,platform,33.0,1.0,1
T00429-2, CUSTOMER0429@DEMO-ML.EXAMPLE , closed , medium ,2.7,2026-02-20,web,security,39.5,2.25,2
T00431-1,customer0431@demo-ml.example, open , medium ,3.0,2026-02-23,email,billing,34.0,1.5,0
T00432-1,customer0432@demo-ml.example, pending , high ,,2026-02-25,chat,security,34.5,1.75,1
T00432-2, CUSTOMER0432@DEMO-ML.EXAMPLE , resolved , low ,4.8,2026-02-26,phone,billing,41.0,3.0,2
T00433-1,customer0433@demo-ml.example, resolved , critical ,4.4,2026-02-27,phone,platform,35.0,2.0,2
T00434-1,customer0434@demo-ml.example, closed , low ,2.7,2026-03-01,web,success,35.5,2.25,0
T00434-3,customer0434@demo-ml.example, pending , low ,4.9,2026-03-03,chat,security,48.5,4.75,2
T00436-1,customer0436@demo-ml.example, pending , high ,4.1,2026-03-05,chat,security,36.5,2.75,2
T00437-1,customer0437@demo-ml.example,, critical ,4.8,2026-03-07,phone,platform,37.0,3.0,0
T00438-1,customer0438@demo-ml.example, closed , low ,3.1,2026-03-09,web,success,37.5,3.25,1
T00438-2, CUSTOMER0438@DEMO-ML.EXAMPLE , open , high ,4.2,2026-03-10,email,platform,44.0,4.5,2
T00439-1,customer0439@demo-ml.example, open , medium ,3.8,2026-03-11,email,billing,38.0,3.5,2
T00441-1,customer0441@demo-ml.example, resolved , critical ,2.8,2026-03-15,phone,platform,39.0,4.0,1
T00441-2, CUSTOMER0441@DEMO-ML.EXAMPLE , closed , medium ,3.9,2026-03-16,web,security,45.5,5.25,2
T00441-3,customer0441@demo-ml.example, open , critical ,2.6,2026-03-17,email,billing,4.0,6.5,0
T00442-1,customer0442@demo-ml.example, closed ,,3.5,2026-03-17,web,success,39.5,4.25,2
T00442-1,customer0442@demo-ml.example, closed ,,3.5,2026-03-17,web,success,39.5,4.25,2
T00443-1,customer0443@demo-ml.example, open , medium ,4.2,2026-03-19,email,billing,40.0,4.5,0
T00444-1,customer0444@demo-ml.example, pending , high ,4.9,2026-03-21,chat,security,40.5,4.75,1
T00444-2, CUSTOMER0444@DEMO-ML.EXAMPLE , resolved , low ,3.6,2026-03-22,phone,billing,47.0,6.0,2
T00446-1,customer0446@demo-ml.example, closed , low ,3.9,2026-03-25,web,success,41.5,5.25,0
T00447-1,customer0447@demo-ml.example, open , medium ,4.6,2026-03-27,email,billing,42.0,5.5,1
T00447-2, CUSTOMER0447@DEMO-ML.EXAMPLE , pending , critical ,3.3,2026-03-28,chat,success,48.5,6.75,2
T00448-1,customer0448@demo-ml.example, pending , high ,,2026-03-29,chat,security,42.5,5.75,2
T00448-3,customer0448@demo-ml.example, closed , high ,2.7,2026-03-31,web,success,7.5,8.25,1
T00449-1,customer0449@demo-ml.example, resolved , critical ,3.6,2026-03-31,phone,platform,43.0,6.0,0
T00451-1,customer0451@demo-ml.example, open , medium ,2.6,2026-01-04,email,billing,44.0,6.5,2
T00452-1,customer0452@demo-ml.example, pending , high ,3.3,2026-01-06,chat,security,44.5,6.75,0
T00453-1,customer0453@demo-ml.example, resolved , critical ,4.0,2026-01-08,phone,platform,45.0,7.0,1
T00453-2, CUSTOMER0453@DEMO-ML.EXAMPLE , closed , medium ,2.7,2026-01-09,web,security,51.5,8.25,2
T00454-1,customer0454@demo-ml.example, closed , low ,4.7,2026-01-10,web,success,45.5,7.25,2
T00456-1,customer0456@demo-ml.example,, high ,,2026-01-14,chat,security,46.5,7.75,1
T00456-2, CUSTOMER0456@DEMO-ML.EXAMPLE , resolved , low ,4.8,2026-01-15,phone,billing,5.0,9.0,2
T00457-1,customer0457@demo-ml.example, resolved , critical ,4.4,2026-01-16,phone,platform,47.0,8.0,2
T00458-1,customer0458@demo-ml.example, closed , low ,2.7,2026-01-18,web,success,47.5,8.25,0
T00459-1,customer0459@demo-ml.example, open ,,3.4,2026-01-20,email,billing,48.0,8.5,1
T00459-2, CUSTOMER0459@DEMO-ML.EXAMPLE , pending , critical ,4.5,2026-01-21,chat,success,6.5,0.75,2
T00461-1,customer0461@demo-ml.example, resolved , critical ,4.8,2026-01-24,phone,platform,49.0,9.0,0
T00462-1,customer0462@demo-ml.example, closed , low ,3.1,2026-01-26,web,success,49.5,9.25,1
T00462-2, CUSTOMER0462@DEMO-ML.EXAMPLE , open , high ,4.2,2026-01-27,email,platform,8.0,1.5,2
T00462-3,customer0462@demo-ml.example, pending , low ,2.9,2026-01-28,chat,security,14.5,2.75,0
T00463-1,customer0463@demo-ml.example, open , medium ,3.8,2026-01-28,email,billing,50.0,0.5,2
T00464-1,customer0464@demo-ml.example, pending , high ,,2026-01-30,chat,security,50.5,0.75,0
T00466-1,customer0466@demo-ml.example, closed , low ,3.5,2026-02-03,web,success,51.5,1.25,2
T00467-1,customer0467@demo-ml.example, open , medium ,4.2,2026-02-05,email,billing,4.0,1.5,0
T00468-1,customer0468@demo-ml.example, pending , high ,4.9,2026-02-07,chat,security,4.5,1.75,1
T00468-1,customer0468@demo-ml.example, pending , high ,4.9,2026-02-07,chat,security,4.5,1.75,1
T00468-2, CUSTOMER0468@DEMO-ML.EXAMPLE , resolved , low ,3.6,2026-02-08,phone,billing,11.0,3.0,2
T00469-1,customer0469@demo-ml.example, resolved , critical ,3.2,2026-02-09,phone,platform,5.0,2.0,2
T00469-3,customer0469@demo-ml.example, open , critical ,3.0,2026-02-11,email,billing,18.0,4.5,1
T00471-1,customer0471@demo-ml.example, open , medium ,4.6,2026-02-13,email,billing,6.0,2.5,1
T00471-2, CUSTOMER0471@DEMO-ML.EXAMPLE , pending , critical ,3.3,2026-02-14,chat,success,12.5,3.75,2
T00472-1,customer0472@demo-ml.example, pending , high ,,2026-02-15,chat,security,6.5,2.75,2
T00473-1,customer0473@demo-ml.example, resolved , critical ,3.6,2026-02-17,phone,platform,7.0,3.0,0
T00474-1,customer0474@demo-ml.example, closed , low ,4.3,2026-02-19,web,success,7.5,3.25,1
T00474-2, CUSTOMER0474@DEMO-ML.EXAMPLE , open , high ,3.0,2026-02-20,email,platform,14.0,4.5,2
T00476-1,customer0476@demo-ml.example, pending ,,3.3,2026-02-23,chat,security,8.5,3.75,0
T00476-3,customer0476@demo-ml.example, closed , high ,3.1,2026-02-25,web,success,21.5,6.25,2
T00477-1,customer0477@demo-ml.example, resolved , critical ,4.0,2026-02-25,phone,platform,9.0,4.0,1
T00477-2, CUSTOMER0477@DEMO-ML.EXAMPLE , closed , medium ,2.7,2026-02-26,web,security,15.5,5.25,2
T00478-1,customer0478@demo-ml.example, closed , low ,4.7,2026-02-27,web,success,9.5,4.25,2
T00479-1,customer0479@demo-ml.example, open , medium ,3.0,2026-03-01,email,billing,10.0,4.5,0
T00481-1,customer0481@demo-ml.example, resolved , critical ,4.4,2026-03-05,phone,platform,11.0,5.0,2
T00481-1,customer0481@demo-ml.example, resolved , critical ,4.4,2026-03-05,phone,platform,11.0,5.0,2
T00482-1,customer0482@demo-ml.example, closed , low ,2.7,2026-03-07,web,success,11.5,5.25,0
T00483-1,customer0483@demo-ml.example, open , medium ,3.4,2026-03-09,email,billing,12.0,5.5,1
T00483-2, CUSTOMER0483@DEMO-ML.EXAMPLE , pending , critical ,4.5,2026-03-10,chat,success,18.5,6.75,2
T00483-3,customer0483@demo-ml.example, resolved , medium ,3.2,2026-03-11,phone,platform,25.0,8.0,0
T00484-1,customer0484@demo-ml.example, pending , high ,4.1,2026-03-11,chat,security,12.5,5.75,2
T00486-1,customer0486@demo-ml.example, closed , low ,3.1,2026-03-15,web,success,13.5,6.25,1
T00486-2, CUSTOMER0486@DEMO-ML.EXAMPLE , open , high ,4.2,2026-03-16,email,platform,20.0,7.5,2
T00487-1,customer0487@demo-ml.example, open , medium ,3.8,2026-03-17,email,billing,14.0,6.5,2
T00488-1,customer0488@demo-ml.example, pending , high ,,2026-03-19,chat,security,14.5,6.75,0
T00489-1,customer0489@demo-ml.example, resolved , critical ,2.8,2026-03-21,phone,platform,15.0,7.0,1
T00489-2, CUSTOMER0489@DEMO-ML.EXAMPLE , closed , medium ,3.9,2026-03-22,web,security,21.5,8.25,2
T00491-1,customer0491@demo-ml.example, open , medium ,4.2,2026-03-25,email,billing,16.0,7.5,0
T00492-1,customer0492@demo-ml.example, pending , high ,4.9,2026-03-27,chat,security,16.5,7.75,1
T00492-2, CUSTOMER0492@DEMO-ML.EXAMPLE , resolved , low ,3.6,2026-03-28,phone,billing,23.0,9.0,2
T00493-1,customer0493@demo-ml.example, resolved ,,3.2,2026-03-29,phone,platform,17.0,8.0,2
T00494-1,customer0494@demo-ml.example,, low ,3.9,2026-03-31,web,success,17.5,8.25,0
T00494-1,customer0494@demo-ml.example,, low ,3.9,2026-03-31,web,success,17.5,8.25,0
T00496-1,customer0496@demo-ml.example, pending , high ,,2026-01-04,chat,security,18.5,8.75,2
T00497-1,customer0497@demo-ml.example, resolved , critical ,3.6,2026-01-06,phone,platform,19.0,9.0,0
T00497-3,customer0497@demo-ml.example, open , critical ,3.4,2026-01-08,email,billing,32.0,2.5,2
T00498-1,customer0498@demo-ml.example, closed , low ,4.3,2026-01-08,web,success,19.5,9.25,1
T00498-2, CUSTOMER0498@DEMO-ML.EXAMPLE , open , high ,3.0,2026-01-09,email,platform,26.0,1.5,2
T00499-1,customer0499@demo-ml.example, open , medium ,2.6,2026-01-10,email,billing,20.0,0.5,2
T00501-1,customer0501@demo-ml.example, resolved , critical ,4.0,2026-01-14,phone,platform,21.0,1.0,1
T00501-2, CUSTOMER0501@DEMO-ML.EXAMPLE , closed , medium ,2.7,2026-01-15,web,security,27.5,2.25,2
T00502-1,customer0502@demo-ml.example, closed , low ,4.7,2026-01-16,web,success,21.5,1.25,2
T00503-1,customer0503@demo-ml.example, open , medium ,3.0,2026-01-18,email,billing,22.0,1.5,0
T00504-1,customer0504@demo-ml.example, pending , high ,,2026-01-20,chat,security,22.5,1.75,1
T00504-2, CUSTOMER0504@DEMO-ML.EXAMPLE , resolved , low ,4.8,2026-01-21,phone,billing,29.0,3.0,2
T00504-3,customer0504@demo-ml.example, closed , high ,3.5,2026-01-22,web,success,35.5,4.25,0
T00506-1,customer0506@demo-ml.example, closed , low ,2.7,2026-01-24,web,success,23.5,2.25,0
T00507-1,customer0507@demo-ml.example, open , medium ,3.4,2026-01-26,email,billing,24.0,2.5,1
T00507-1,customer0507@demo-ml.example, open , medium ,3.4,2026-01-26,email,billing,24.0,2.5,1
T00507-2, CUSTOMER0507@DEMO-ML.EXAMPLE , pending , critical ,4.5,2026-01-27,chat,success,30.5,3.75,2
T00508-1,customer0508@demo-ml.example, pending , high ,4.1,2026-01-28,chat,security,24.5,2.75,2
T00509-1,customer0509@demo-ml.example, resolved , critical ,4.8,2026-01-30,phone,platform,25.0,3.0,0
T00511-1,customer0511@demo-ml.example, open , medium ,3.8,2026-02-03,email,billing,26.0,3.5,2
T00511-3,customer0511@demo-ml.example, resolved , medium ,3.6,2026-02-05,phone,platform,39.0,6.0,1
T00512-1,customer0512@demo-ml.example, pending , high ,,2026-02-05,chat,security,26.5,3.75,0
T00513-1,customer0513@demo-ml.example,, critical ,2.8,2026-02-07,phone,platform,27.0,4.0,1
T00513-2, CUSTOMER0513@DEMO-ML.EXAMPLE , closed , medium ,3.9,2026-02-08,web,security,33.5,5.25,2
T00514-1,customer0514@demo-ml.example, closed , low ,3.5,2026-02-09,web,success,27.5,4.25,2
T00516-1,customer0516@demo-ml.example, pending , high ,4.9,2026-02-13,chat,security,28.5,4.75,1
T00516-2, CUSTOMER0516@DEMO-ML.EXAMPLE , resolved , low ,3.6,2026-02-14,phone,billing,35.0,6.0,2
T00517-1,customer0517@demo-ml.example, resolved , critical ,3.2,2026-02-15,phone,platform,29.0,5.0,2
T00518-1,customer0518@demo-ml.example, closed , low ,3.9,2026-02-17,web,success,29.5,5.25,0
T00518-3,customer0518@demo-ml.example, pending , low ,3.7,2026-02-19,chat,security,42.5,7.75,2
T00519-1,customer0519@demo-ml.example, open , medium ,4.6,2026-02-19,email,billing,30.0,5.5,1
T00519-2, CUSTOMER0519@DEMO-ML.EXAMPLE , pending , critical ,3.3,2026-02-20,chat,success,36.5,6.75,2
T00521-1,customer0521@demo-ml.example, resolved , critical ,3.6,2026-02-23,phone,platform,31.0,6.0,0
T00522-1,customer0522@demo-ml.example, closed , low ,4.3,2026-02-25,web,success,31.5,6.25,1
T00522-2, CUSTOMER0522@DEMO-ML.EXAMPLE , open , high ,3.0,2026-02-26,email,platform,38.0,7.5,2
T00523-1,customer0523@demo-ml.example, open , medium ,2.6,2026-02-27,email,billing,32.0,6.5,2
T00524-1,customer0524@demo-ml.example, pending , high ,3.3,2026-03-01,chat,security,32.5,6.75,0
T00526-1,customer0526@demo-ml.example, closed , low ,4.7,2026-03-05,web,success,33.5,7.25,2
T00527-1,customer0527@demo-ml.example, open ,,3.0,2026-03-07,email,billing,34.0,7.5,0
T00528-1,customer0528@demo-ml.example, pending , high ,,2026-03-09,chat,security,34.5,7.75,1
T00528-2, CUSTOMER0528@DEMO-ML.EXAMPLE , resolved , low ,4.8,2026-03-10,phone,billing,41.0,9.0,2
T00529-1,customer0529@demo-ml.example, resolved , critical ,4.4,2026-03-11,phone,platform,35.0,8.0,2
T00531-1,customer0531@demo-ml.example, open , medium ,3.4,2026-03-15,email,billing,36.0,8.5,1
T00531-2, CUSTOMER0531@DEMO-ML.EXAMPLE , pending , critical ,4.5,2026-03-16,chat,success,42.5,0.75,2
T00532-1,customer0532@demo-ml.example,, high ,4.1,2026-03-17,chat,security,36.5,8.75,2
T00532-3,customer0532@demo-ml.example, closed , high ,3.9,2026-03-19,web,success,49.5,2.25,1
T00533-1,customer0533@demo-ml.example, resolved , critical ,4.8,2026-03-19,phone,platform,37.0,9.0,0
T00533-1,customer0533@demo-ml.example, resolved , critical ,4.8,2026-03-19,phone,platform,37.0,9.0,0
T00534-1,customer0534@demo-ml.example, closed , low ,3.1,2026-03-21,web,success,37.5,9.25,1
T00534-2, CUSTOMER0534@DEMO-ML.EXAMPLE , open , high ,4.2,2026-03-22,email,platform,44.0,1.5,2
T00536-1,customer0536@demo-ml.example, pending , high ,,2026-03-25,chat,security,38.5,0.75,0
T00537-1,customer0537@demo-ml.example, resolved , critical ,2.8,2026-03-27,phone,platform,39.0,1.0,1
T00537-2, CUSTOMER0537@DEMO-ML.EXAMPLE , closed , medium ,3.9,2026-03-28,web,security,45.5,2.25,2
T00538-1,customer0538@demo-ml.example, closed , low ,3.5,2026-03-29,web,success,39.5,1.25,2
T00539-1,customer0539@demo-ml.example, open , medium ,4.2,2026-03-31,email,billing,40.0,1.5,0
T00539-3,customer0539@demo-ml.example, resolved , medium ,4.0,2026-01-02,phone,platform,5.0,4.0,2
T00541-1,customer0541@demo-ml.example, resolved , critical ,3.2,2026-01-04,phone,platform,41.0,2.0,2
T00542-1,customer0542@demo-ml.example, closed , low ,3.9,2026-01-06,web,success,41.5,2.25,0
T00543-1,customer0543@demo-ml.example, open , medium ,4.6,2026-01-08,email,billing,42.0,2.5,1
T00543-2, CUSTOMER0543@DEMO-ML.EXAMPLE , pending , critical ,3.3,2026-01-09,chat,success,48.5,3.75,2
T00544-1,customer0544@demo-ml.example, pending ,,,2026-01-10,chat,security,42.5,2.75,2
T00546-1,customer0546@demo-ml.example, closed , low ,4.3,2026-01-14,web,success,43.5,3.25,1
T00546-1,customer0546@demo-ml.example, closed , low ,4.3,2026-01-14,web,success,43.5,3.25,1
T00546-2, CUSTOMER0546@DEMO-ML.EXAMPLE , open , high ,3.0,2026-01-15,email,platform,50.0,4.5,2
T00546-3,customer0546@demo-ml.example, pending , low ,4.1,2026-01-16,chat,security,8.5,5.75,0
T00547-1,customer0547@demo-ml.example, open , medium ,2.6,2026-01-16,email,billing,44.0,3.5,2
T00548-1,customer0548@demo-ml.example, pending , high ,3.3,2026-01-18,chat,security,44.5,3.75,0
T00549-1,customer0549@demo-ml.example, resolved , critical ,4.0,2026-01-20,phone,platform,45.0,4.0,1
T00549-2, CUSTOMER0549@DEMO-ML.EXAMPLE , closed , medium ,2.7,2026-01-21,web,security,51.5,5.25,2
T00551-1,customer0551@demo-ml.example,, medium ,3.0,2026-01-24,email,billing,46.0,4.5,0
T00552-1,customer0552@demo-ml.example, pending , high ,,2026-01-26,chat,security,46.5,4.75,1
T00552-2, CUSTOMER0552@DEMO-ML.EXAMPLE , resolved , low ,4.8,2026-01-27,phone,billing,5.0,6.0,2
T00553-1,customer0553@demo-ml.example, resolved , critical ,4.4,2026-01-28,phone,platform,47.0,5.0,2
T00553-3,customer0553@demo-ml.example, open , critical ,4.2,2026-01-30,email,billing,12.0,7.5,1
T00554-1,customer0554@demo-ml.example, closed , low ,2.7,2026-01-30,web,success,47.5,5.25,0
T00556-1,customer0556@demo-ml.example, pending , high ,4.1,2026-02-03,chat,security,48.5,5.75,2
T00557-1,customer0557@demo-ml.example, resolved , critical ,4.8,2026-02-05,phone,platform,49.0,6.0,0
T00558-1,customer0558@demo-ml.example, closed , low ,3.1,2026-02-07,web,success,49.5,6.25,1
T00558-2, CUSTOMER0558@DEMO-ML.EXAMPLE , open , high ,4.2,2026-02-08,email,platform,8.0,7.5,2
T00559-1,customer0559@demo-ml.example, open , medium ,3.8,2026-02-09,email,billing,50.0,6.5,2
T00559-1,customer0559@demo-ml.example, open , medium ,3.8,2026-02-09,email,billing,50.0,6.5,2
T00561-1,customer0561@demo-ml.example, resolved ,,2.8,2026-02-13,phone,platform,51.0,7.0,1
T00561-2, CUSTOMER0561@DEMO-ML.EXAMPLE , closed , medium ,3.9,2026-02-14,web,security,9.5,8.25,2
T00562-1,customer0562@demo-ml.example, closed , low ,3.5,2026-02-15,web,success,51.5,7.25,2
T00563-1,customer0563@demo-ml.example, open , medium ,4.2,2026-02-17,email,billing,4.0,7.5,0
T00564-1,customer0564@demo-ml.example, pending , high ,4.9,2026-02-19,chat,security,4.5,7.75,1
T00564-2, CUSTOMER0564@DEMO-ML.EXAMPLE , resolved , low ,3.6,2026-02-20,phone,billing,11.0,9.0,2
T00566-1,customer0566@demo-ml.example, closed , low ,3.9,2026-02-23,web,success,5.5,8.25,0
T00567-1,customer0567@demo-ml.example, open , medium ,4.6,2026-02-25,email,billing,6.0,8.5,1
T00567-2, CUSTOMER0567@DEMO-ML.EXAMPLE , pending , critical ,3.3,2026-02-26,chat,success,12.5,0.75,2
T00567-3,customer0567@demo-ml.example, resolved , medium ,4.4,2026-02-27,phone,platform,19.0,2.0,0
T00568-1,customer0568@demo-ml.example, pending , high ,,2026-02-27,chat,security,6.5,8.75,2
T00569-1,customer0569@demo-ml.example, resolved , critical ,3.6,2026-03-01,phone,platform,7.0,9.0,0
T00571-1,customer0571@demo-ml.example, open , medium ,2.6,2026-03-05,email,billing,8.0,0.5,2
T00572-1,customer0572@demo-ml.example, pending , high ,3.3,2026-03-07,chat,security,8.5,0.75,0
T00572-1,customer0572@demo-ml.example, pending , high ,3.3,2026-03-07,chat,security,8.5,0.75,0
T00573-1,customer0573@demo-ml.example, resolved , critical ,4.0,2026-03-09,phone,platform,9.0,1.0,1
T00573-2, CUSTOMER0573@DEMO-ML.EXAMPLE , closed , medium ,2.7,2026-03-10,web,security,15.5,2.25,2
T00574-1,customer0574@demo-ml.example, closed , low ,4.7,2026-03-11,web,success,9.5,1.25,2
T00574-3,customer0574@demo-ml.example, pending , low ,4.5,2026-03-13,chat,security,22.5,3.75,1
T00576-1,customer0576@demo-ml.example, pending , high ,,2026-03-15,chat,security,10.5,1.75,1
T00576-2, CUSTOMER0576@DEMO-ML.EXAMPLE , resolved , low ,4.8,2026-03-16,phone,billing,17.0,3.0,2
T00577-1,customer0577@demo-ml.example, resolved , critical ,4.4,2026-03-17,phone,platform,11.0,2.0,2
T00578-1,customer0578@demo-ml.example, closed ,,2.7,2026-03-19,web,success,11.5,2.25,0
T00579-1,customer0579@demo-ml.example, open , medium ,3.4,2026-03-21,email,billing,12.0,2.5,1
T00579-2, CUSTOMER0579@DEMO-ML.EXAMPLE , pending , critical ,4.5,2026-03-22,chat,success,18.5,3.75,2
T00581-1,customer0581@demo-ml.example, resolved , critical ,4.8,2026-03-25,phone,platform,13.0,3.0,0
T00581-3,customer0581@demo-ml.example, open , critical ,4.6,2026-03-27,email,billing,26.0,5.5,2
T00582-1,customer0582@demo-ml.example, closed , low ,3.1,2026-03-27,web,success,13.5,3.25,1
T00582-2, CUSTOMER0582@DEMO-ML.EXAMPLE , open , high ,4.2,2026-03-28,email,platform,20.0,4.5,2
T00583-1,customer0583@demo-ml.example, open , medium ,3.8,2026-03-29,email,billing,14.0,3.5,2
T00584-1,customer0584@demo-ml.example, pending , high ,,2026-03-31,chat,security,14.5,3.75,0
T00586-1,customer0586@demo-ml.example, closed , low ,3.5,2026-01-04,web,success,15.5,4.25,2
T00587-1,customer0587@demo-ml.example, open , medium ,4.2,2026-01-06,email,billing,16.0,4.5,0
T00588-1,customer0588@demo-ml.example, pending , high ,4.9,2026-01-08,chat,security,16.5,4.75,1
T00588-2, CUSTOMER0588@DEMO-ML.EXAMPLE , resolved , low ,3.6,2026-01-09,phone,billing,23.0,6.0,2
T00588-3,customer0588@demo-ml.example, closed , high ,4.7,2026-01-10,web,success,29.5,7.25,0
T00589-1,customer0589@demo-ml.example,, critical ,3.2,2026-01-10,phone,platform,17.0,5.0,2
T00591-1,customer0591@demo-ml.example, open , medium ,4.6,2026-01-14,email,billing,18.0,5.5,1
T00591-2, CUSTOMER0591@DEMO-ML.EXAMPLE , pending , critical ,3.3,2026-01-15,chat,success,24.5,6.75,2
T00592-1,customer0592@demo-ml.example, pending , high ,,2026-01-16,chat,security,18.5,5.75,2
T00593-1,customer0593@demo-ml.example, resolved , critical ,3.6,2026-01-18,phone,platform,19.0,6.0,0
T00594-1,customer0594@demo-ml.example, closed , low ,4.3,2026-01-20,web,success,19.5,6.25,1
T00594-2, CUSTOMER0594@DEMO-ML.EXAMPLE , open , high ,3.0,2026-01-21,email,platform,26.0,7.5,2
T00596-1,customer0596@demo-ml.example, pending , high ,3.3,2026-01-24,chat,security,20.5,6.75,0
T00597-1,customer0597@demo-ml.example, resolved , critical ,4.0,2026-01-26,phone,platform,21.0,7.0,1
T00597-2, CUSTOMER0597@DEMO-ML.EXAMPLE , closed , medium ,2.7,2026-01-27,web,security,27.5,8.25,2
T00598-1,customer0598@demo-ml.example, closed , low ,4.7,2026-01-28,web,success,21.5,7.25,2
T00598-1,customer0598@demo-ml.example, closed , low ,4.7,2026-01-28,web,success,21.5,7.25,2
T00599-1,customer0599@demo-ml.example, open , medium ,3.0,2026-01-30,email,billing,22.0,7.5,0
T00601-1,customer0601@demo-ml.example, resolved , critical ,4.4,2026-02-03,phone,platform,23.0,8.0,2
T00602-1,customer0602@demo-ml.example, closed , low ,2.7,2026-02-05,web,success,23.5,8.25,0
T00602-3,customer0602@demo-ml.example, pending , low ,4.9,2026-02-07,chat,security,36.5,1.75,2
T00603-1,customer0603@demo-ml.example, open , medium ,3.4,2026-02-07,email,billing,24.0,8.5,1
T00603-2, CUSTOMER0603@DEMO-ML.EXAMPLE , pending , critical ,4.5,2026-02-08,chat,success,30.5,0.75,2
T00604-1,customer0604@demo-ml.example, pending , high ,4.1,2026-02-09,chat,security,24.5,8.75,2
T00606-1,customer0606@demo-ml.example, closed , low ,3.1,2026-02-13,web,success,25.5,9.25,1
T00606-2, CUSTOMER0606@DEMO-ML.EXAMPLE , open , high ,4.2,2026-02-14,email,platform,32.0,1.5,2
T00607-1,customer0607@demo-ml.example, open , medium ,3.8,2026-02-15,email,billing,26.0,0.5,2
T00608-1,customer0608@demo-ml.example,, high ,,2026-02-17,chat,security,26.5,0.75,0
T00609-1,customer0609@demo-ml.example, resolved , critical ,2.8,2026-02-19,phone,platform,27.0,1.0,1
T00609-2, CUSTOMER0609@DEMO-ML.EXAMPLE , closed , medium ,3.9,2026-02-20,web,security,33.5,2.25,2
T00609-3,customer0609@demo-ml.example, open , critical ,2.6,2026-02-21,email,billing,40.0,3.5,0
T00611-1,customer0611@demo-ml.example, open , medium ,4.2,2026-02-23,email,billing,28.0,1.5,0
T00611-1,customer0611@demo-ml.example, open , medium ,4.2,2026-02-23,email,billing,28.0,1.5,0
T00612-1,customer0612@demo-ml.example, pending ,,4.9,2026-02-25,chat,security,28.5,1.75,1
T00612-2, CUSTOMER0612@DEMO-ML.EXAMPLE , resolved , low ,3.6,2026-02-26,phone,billing,35.0,3.0,2
T00613-1,customer0613@demo-ml.example, resolved , critical ,3.2,2026-02-27,phone,platform,29.0,2.0,2
T00614-1,customer0614@demo-ml.example, closed , low ,3.9,2026-03-01,web,success,29.5,2.25,0
T00616-1,customer0616@demo-ml.example, pending , high ,,2026-03-05,chat,security,30.5,2.75,2
T00616-3,customer0616@demo-ml.example, closed , high ,2.7,2026-03-07,web,success,43.5,5.25,1
T00617-1,customer0617@demo-ml.example, resolved , critical ,3.6,2026-03-07,phone,platform,31.0,3.0,0
T00618-1,customer0618@demo-ml.example, closed , low ,4.3,2026-03-09,web,success,31.5,3.25,1
T00618-2, CUSTOMER0618@DEMO-ML.EXAMPLE , open , high ,3.0,2026-03-10,email,platform,38.0,4.5,2
T00619-1,customer0619@demo-ml.example, open , medium ,2.6,2026-03-11,email,billing,32.0,3.5,2
T00621-1,customer0621@demo-ml.example, resolved , critical ,4.0,2026-03-15,phone,platform,33.0,4.0,1
T00621-2, CUSTOMER0621@DEMO-ML.EXAMPLE , closed , medium ,2.7,2026-03-16,web,security,39.5,5.25,2
T00622-1,customer0622@demo-ml.example, closed , low ,4.7,2026-03-17,web,success,33.5,4.25,2
T00623-1,customer0623@demo-ml.example, open , medium ,3.0,2026-03-19,email,billing,34.0,4.5,0
T00623-3,customer0623@demo-ml.example, resolved , medium ,2.8,2026-03-21,phone,platform,47.0,7.0,2
T00624-1,customer0624@demo-ml.example, pending , high ,,2026-03-21,chat,security,34.5,4.75,1
T00624-1,customer0624@demo-ml.example, pending , high ,,2026-03-21,chat,security,34.5,4.75,1
T00624-2, CUSTOMER0624@DEMO-ML.EXAMPLE , resolved , low ,4.8,2026-03-22,phone,billing,41.0,6.0,2
T00626-1,customer0626@demo-ml.example, closed , low ,2.7,2026-03-25,web,success,35.5,5.25,0
T00627-1,customer0627@demo-ml.example,, medium ,3.4,2026-03-27,email,billing,36.0,5.5,1
T00627-2, CUSTOMER0627@DEMO-ML.EXAMPLE , pending , critical ,4.5,2026-03-28,chat,success,42.5,6.75,2
T00628-1,customer0628@demo-ml.example, pending , high ,4.1,2026-03-29,chat,security,36.5,5.75,2
T00629-1,customer0629@demo-ml.example, resolved ,,4.8,2026-03-31,phone,platform,37.0,6.0,0
T00631-1,customer0631@demo-ml.example, open , medium ,3.8,2026-01-04,email,billing,38.0,6.5,2
T00632-1,customer0632@demo-ml.example, pending , high ,,2026-01-06,chat,security,38.5,6.75,0
T00633-1,customer0633@demo-ml.example, resolved , critical ,2.8,2026-01-08,phone,platform,39.0,7.0,1
T00633-2, CUSTOMER0633@DEMO-ML.EXAMPLE , closed , medium ,3.9,2026-01-09,web,security,45.5,8.25,2
T00634-1,customer0634@demo-ml.example, closed , low ,3.5,2026-01-10,web,success,39.5,7.25,2
T00636-1,customer0636@demo-ml.example, pending , high ,4.9,2026-01-14,chat,security,40.5,7.75,1
T00636-2, CUSTOMER0636@DEMO-ML.EXAMPLE , resolved , low ,3.6,2026-01-15,phone,billing,47.0,9.0,2
T00637-1,customer0637@demo-ml.example, resolved , critical ,3.2,2026-01-16,phone,platform,41.0,8.0,2
T00637-1,customer0637@demo-ml.example, resolved , critical ,3.2,2026-01-16,phone,platform,41.0,8.0,2
T00637-3,customer0637@demo-ml.example, open , critical ,3.0,2026-01-18,email,billing,6.0,1.5,1
T00638-1,customer0638@demo-ml.example, closed , low ,3.9,2026-01-18,web,success,41.5,8.25,0
T00639-1,customer0639@demo-ml.example, open , medium ,4.6,2026-01-20,email,billing,42.0,8.5,1
T00639-2, CUSTOMER0639@DEMO-ML.EXAMPLE , pending , critical ,3.3,2026-01-21,chat,success,48.5,0.75,2
T00641-1,customer0641@demo-ml.example, resolved , critical ,3.6,2026-01-24,phone,platform,43.0,9.0,0
T00642-1,customer0642@demo-ml.example, closed , low ,4.3,2026-01-26,web,success,43.5,9.25,1
T00642-2, CUSTOMER0642@DEMO-ML.EXAMPLE , open , high ,3.0,2026-01-27,email,platform,50.0,1.5,2
T00643-1,customer0643@demo-ml.example, open , medium ,2.6,2026-01-28,email,billing,44.0,0.5,2
T00644-1,customer0644@demo-ml.example, pending , high ,3.3,2026-01-30,chat,security,44.5,0.75,0
T00644-3,customer0644@demo-ml.example, closed , high ,3.1,2026-02-01,web,success,9.5,3.25,2
T00646-1,customer0646@demo-ml.example,,,4.7,2026-02-03,web,success,45.5,1.25,2
T00647-1,customer0647@demo-ml.example, open , medium ,3.0,2026-02-05,email,billing,46.0,1.5,0
T00648-1,customer0648@demo-ml.example, pending , high ,,2026-02-07,chat,security,46.5,1.75,1
T00648-2, CUSTOMER0648@DEMO-ML.EXAMPLE , resolved , low ,4.8,2026-02-08,phone,billing,5.0,3.0,2
T00649-1,customer0649@demo-ml.example, resolved , critical ,4.4,2026-02-09,phone,platform,47.0,2.0,2
T00651-1,customer0651@demo-ml.example, open , medium ,3.4,2026-02-13,email,billing,48.0,2.5,1
T00651-2, CUSTOMER0651@DEMO-ML.EXAMPLE , pending , critical ,4.5,2026-02-14,chat,success,6.5,3.75,2
T00651-3,customer0651@demo-ml.example, resolved , medium ,3.2,2026-02-15,phone,platform,13.0,5.0,0
T00652-1,customer0652@demo-ml.example, pending , high ,4.1,2026-02-15,chat,security,48.5,2.75,2
T00653-1,customer0653@demo-ml.example, resolved , critical ,4.8,2026-02-17,phone,platform,49.0,3.0,0
T00654-1,customer0654@demo-ml.example, closed , low ,3.1,2026-02-19,web,success,49.5,3.25,1
T00654-2, CUSTOMER0654@DEMO-ML.EXAMPLE , open , high ,4.2,2026-02-20,email,platform,8.0,4.5,2
T00656-1,customer0656@demo-ml.example, pending , high ,,2026-02-23,chat,security,50.5,3.75,0
T00657-1,customer0657@demo-ml.example, resolved , critical ,2.8,2026-02-25,phone,platform,51.0,4.0,1
T00657-2, CUSTOMER0657@DEMO-ML.EXAMPLE , closed , medium ,3.9,2026-02-26,web,security,9.5,5.25,2
T00658-1,customer0658@demo-ml.example, closed , low ,3.5,2026-02-27,web,success,51.5,4.25,2
T00658-3,customer0658@demo-ml.example, pending , low ,3.3,2026-03-01,chat,security,16.5,6.75,1
T00659-1,customer0659@demo-ml.example, open , medium ,4.2,2026-03-01,email,billing,4.0,4.5,0
T00661-1,customer0661@demo-ml.example, resolved , critical ,3.2,2026-03-05,phone,platform,5.0,5.0,2
T00662-1,customer0662@demo-ml.example, closed , low ,3.9,2026-03-07,web,success,5.5,5.25,0
T00663-1,customer0663@demo-ml.example, open ,,4.6,2026-03-09,email,billing,6.0,5.5,1
T00663-1,customer0663@demo-ml.example, open ,,4.6,2026-03-09,email,billing,6.0,5.5,1
T00663-2, CUSTOMER0663@DEMO-ML.EXAMPLE , pending , critical ,3.3,2026-03-10,chat,success,12.5,6.75,2
T00664-1,customer0664@demo-ml.example, pending , high ,,2026-03-11,chat,security,6.5,5.75,2
T00666-1,customer0666@demo-ml.example, closed , low ,4.3,2026-03-15,web,success,7.5,6.25,1
T00666-2, CUSTOMER0666@DEMO-ML.EXAMPLE , open , high ,3.0,2026-03-16,email,platform,14.0,7.5,2
T00667-1,customer0667@demo-ml.example, open , medium ,2.6,2026-03-17,email,billing,8.0,6.5,2
T00668-1,customer0668@demo-ml.example, pending , high ,3.3,2026-03-19,chat,security,8.5,6.75,0
T00669-1,customer0669@demo-ml.example, resolved , critical ,4.0,2026-03-21,phone,platform,9.0,7.0,1
T00669-2, CUSTOMER0669@DEMO-ML.EXAMPLE , closed , medium ,2.7,2026-03-22,web,security,15.5,8.25,2
T00671-1,customer0671@demo-ml.example, open , medium ,3.0,2026-03-25,email,billing,10.0,7.5,0
T00672-1,customer0672@demo-ml.example, pending , high ,,2026-03-27,chat,security,10.5,7.75,1
T00672-2, CUSTOMER0672@DEMO-ML.EXAMPLE , resolved , low ,4.8,2026-03-28,phone,billing,17.0,9.0,2
T00672-3,customer0672@demo-ml.example, closed , high ,3.5,2026-03-29,web,success,23.5,1.25,0
T00673-1,customer0673@demo-ml.example, resolved , critical ,4.4,2026-03-29,phone,platform,11.0,8.0,2
T00674-1,customer0674@demo-ml.example, closed , low ,2.7,2026-03-31,web,success,11.5,8.25,0
T00676-1,customer0676@demo-ml.example, pending , high ,4.1,2026-01-04,chat,security,12.5,8.75,2
T00676-1,customer0676@demo-ml.example, pending , high ,4.1,2026-01-04,chat,security,12.5,8.75,2
T00677-1,customer0677@demo-ml.example, resolved , critical ,4.8,2026-01-06,phone,platform,13.0,9.0,0
T00678-1,customer0678@demo-ml.example, closed , low ,3.1,2026-01-08,web,success,13.5,9.25,1
T00678-2, CUSTOMER0678@DEMO-ML.EXAMPLE , open , high ,4.2,2026-01-09,email,platform,20.0,1.5,2
T00679-1,customer0679@demo-ml.example, open , medium ,3.8,2026-01-10,email,billing,14.0,0.5,2
T00679-3,customer0679@demo-ml.example, resolved , medium ,3.6,2026-01-12,phone,platform,27.0,3.0,1
T00681-1,customer0681@demo-ml.example, resolved , critical ,2.8,2026-01-14,phone,platform,15.0,1.0,1
T00681-2, CUSTOMER0681@DEMO-ML.EXAMPLE , closed , medium ,3.9,2026-01-15,web,security,21.5,2.25,2
T00682-1,customer0682@demo-ml.example, closed , low ,3.5,2026-01-16,web,success,15.5,1.25,2
T00683-1,customer0683@demo-ml.example, open , medium ,4.2,2026-01-18,email,billing,16.0,1.5,0
T00684-1,customer0684@demo-ml.example,, high ,4.9,2026-01-20,chat,security,16.5,1.75,1
T00684-2, CUSTOMER0684@DEMO-ML.EXAMPLE , resolved , low ,3.6,2026-01-21,phone,billing,23.0,3.0,2
T00686-1,customer0686@demo-ml.example, closed , low ,3.9,2026-01-24,web,success,17.5,2.25,0
T00686-3,customer0686@demo-ml.example, pending , low ,3.7,2026-01-26,chat,security,30.5,4.75,2
T00687-1,customer0687@demo-ml.example, open , medium ,4.6,2026-01-26,email,billing,18.0,2.5,1
T00687-2, CUSTOMER0687@DEMO-ML.EXAMPLE , pending , critical ,3.3,2026-01-27,chat,success,24.5,3.75,2
T00688-1,customer0688@demo-ml.example, pending , high ,,2026-01-28,chat,security,18.5,2.75,2
T00689-1,customer0689@demo-ml.example, resolved , critical ,3.6,2026-01-30,phone,platform,19.0,3.0,0
T00689-1,customer0689@demo-ml.example, resolved , critical ,3.6,2026-01-30,phone,platform,19.0,3.0,0
T00691-1,customer0691@demo-ml.example, open , medium ,2.6,2026-02-03,email,billing,20.0,3.5,2
T00692-1,customer0692@demo-ml.example, pending , high ,3.3,2026-02-05,chat,security,20.5,3.75,0
T00693-1,customer0693@demo-ml.example, resolved , critical ,4.0,2026-02-07,phone,platform,21.0,4.0,1
T00693-2, CUSTOMER0693@DEMO-ML.EXAMPLE , closed , medium ,2.7,2026-02-08,web,security,27.5,5.25,2
T00693-3,customer0693@demo-ml.example, open , critical ,3.8,2026-02-09,email,billing,34.0,6.5,0
T00694-1,customer0694@demo-ml.example, closed , low ,4.7,2026-02-09,web,success,21.5,4.25,2
T00696-1,customer0696@demo-ml.example, pending , high ,,2026-02-13,chat,security,22.5,4.75,1
T00696-2, CUSTOMER0696@DEMO-ML.EXAMPLE , resolved , low ,4.8,2026-02-14,phone,billing,29.0,6.0,2
T00697-1,customer0697@demo-ml.example, resolved ,,4.4,2026-02-15,phone,platform,23.0,5.0,2
T00698-1,customer0698@demo-ml.example, closed , low ,2.7,2026-02-17,web,success,23.5,5.25,0
T00699-1,customer0699@demo-ml.example, open , medium ,3.4,2026-02-19,email,billing,24.0,5.5,1
T00699-2, CUSTOMER0699@DEMO-ML.EXAMPLE , pending , critical ,4.5,2026-02-20,chat,success,30.5,6.75,2
T00701-1,customer0701@demo-ml.example, resolved , critical ,4.8,2026-02-23,phone,platform,25.0,6.0,0
T00702-1,customer0702@demo-ml.example, closed , low ,3.1,2026-02-25,web,success,25.5,6.25,1
T00702-1,customer0702@demo-ml.example, closed , low ,3.1,2026-02-25,web,success,25.5,6.25,1
T00702-2, CUSTOMER0702@DEMO-ML.EXAMPLE , open , high ,4.2,2026-02-26,email,platform,32.0,7.5,2
T00703-1,customer0703@demo-ml.example,, medium ,3.8,2026-02-27,email,billing,26.0,6.5,2
T00704-1,customer0704@demo-ml.example, pending , high ,,2026-03-01,chat,security,26.5,6.75,0
T00706-1,customer0706@demo-ml.example, closed , low ,3.5,2026-03-05,web,success,27.5,7.25,2
T00707-1,customer0707@demo-ml.example, open , medium ,4.2,2026-03-07,email,billing,28.0,7.5,0
T00707-3,customer0707@demo-ml.example, resolved , medium ,4.0,2026-03-09,phone,platform,41.0,1.0,2
T00708-1,customer0708@demo-ml.example, pending , high ,4.9,2026-03-09,chat,security,28.5,7.75,1
T00708-2, CUSTOMER0708@DEMO-ML.EXAMPLE , resolved , low ,3.6,2026-03-10,phone,billing,35.0,9.0,2
T00709-1,customer0709@demo-ml.example, resolved , critical ,3.2,2026-03-11,phone,platform,29.0,8.0,2
T00711-1,customer0711@demo-ml.example, open , medium ,4.6,2026-03-15,email,billing,30.0,8.5,1
T00711-2, CUSTOMER0711@DEMO-ML.EXAMPLE , pending , critical ,3.3,2026-03-16,chat,success,36.5,0.75,2
T00712-1,customer0712@demo-ml.example, pending , high ,,2026-03-17,chat,security,30.5,8.75,2
T00713-1,customer0713@demo-ml.example, resolved , critical ,3.6,2026-03-19,phone,platform,31.0,9.0,0
T00714-1,customer0714@demo-ml.example, closed ,,4.3,2026-03-21,web,success,31.5,9.25,1
T00714-2, CUSTOMER0714@DEMO-ML.EXAMPLE , open , high ,3.0,2026-03-22,email,platform,38.0,1.5,2
T00714-3,customer0714@demo-ml.example, pending , low ,4.1,2026-03-23,chat,security,44.5,2.75,0
T00716-1,customer0716@demo-ml.example, pending , high ,3.3,2026-03-25,chat,security,32.5,0.75,0
T00717-1,customer0717@demo-ml.example, resolved , critical ,4.0,2026-03-27,phone,platform,33.0,1.0,1
T00717-2, CUSTOMER0717@DEMO-ML.EXAMPLE , closed , medium ,2.7,2026-03-28,web,security,39.5,2.25,2
T00718-1,customer0718@demo-ml.example, closed , low ,4.7,2026-03-29,web,success,33.5,1.25,2
T00719-1,customer0719@demo-ml.example, open , medium ,3.0,2026-03-31,email,billing,34.0,1.5,0
T00721-1,customer0721@demo-ml.example, resolved , critical ,4.4,2026-01-04,phone,platform,35.0,2.0,2
T00721-3,customer0721@demo-ml.example, open , critical ,4.2,2026-01-06,email,billing,48.0,4.5,1
T00722-1,customer0722@demo-ml.example,, low ,2.7,2026-01-06,web,success,35.5,2.25,0
T00723-1,customer0723@demo-ml.example, open , medium ,3.4,2026-01-08,email,billing,36.0,2.5,1
T00723-2, CUSTOMER0723@DEMO-ML.EXAMPLE , pending , critical ,4.5,2026-01-09,chat,success,42.5,3.75,2
T00724-1,customer0724@demo-ml.example, pending , high ,4.1,2026-01-10,chat,security,36.5,2.75,2
T00726-1,customer0726@demo-ml.example, closed , low ,3.1,2026-01-14,web,success,37.5,3.25,1
T00726-2, CUSTOMER0726@DEMO-ML.EXAMPLE , open , high ,4.2,2026-01-15,email,platform,44.0,4.5,2
T00727-1,customer0727@demo-ml.example, open , medium ,3.8,2026-01-16,email,billing,38.0,3.5,2
T00728-1,customer0728@demo-ml.example, pending , high ,,2026-01-18,chat,security,38.5,3.75,0
T00728-1,customer0728@demo-ml.example, pending , high ,,2026-01-18,chat,security,38.5,3.75,0
T00728-3,customer0728@demo-ml.example, closed , high ,4.3,2026-01-20,web,success,51.5,6.25,2
T00729-1,customer0729@demo-ml.example, resolved , critical ,2.8,2026-01-20,phone,platform,39.0,4.0,1
T00729-2, CUSTOMER0729@DEMO-ML.EXAMPLE , closed , medium ,3.9,2026-01-21,web,security,45.5,5.25,2
T00731-1,customer0731@demo-ml.example, open ,,4.2,2026-01-24,email,billing,40.0,4.5,0
T00732-1,customer0732@demo-ml.example, pending , high ,4.9,2026-01-26,chat,security,40.5,4.75,1
T00732-2, CUSTOMER0732@DEMO-ML.EXAMPLE , resolved , low ,3.6,2026-01-27,phone,billing,47.0,6.0,2
T00733-1,customer0733@demo-ml.example, resolved , critical ,3.2,2026-01-28,phone,platform,41.0,5.0,2
T00734-1,customer0734@demo-ml.example, closed , low ,3.9,2026-01-30,web,success,41.5,5.25,0
T00736-1,customer0736@demo-ml.example, pending , high ,,2026-02-03,chat,security,42.5,5.75,2
T00737-1,customer0737@demo-ml.example, resolved , critical ,3.6,2026-02-05,phone,platform,43.0,6.0,0
T00738-1,customer0738@demo-ml.example, closed , low ,4.3,2026-02-07,web,success,43.5,6.25,1
T00738-2, CUSTOMER0738@DEMO-ML.EXAMPLE , open , high ,3.0,2026-02-08,email,platform,50.0,7.5,2
T00739-1,customer0739@demo-ml.example, open , medium ,2.6,2026-02-09,email,billing,44.0,6.5,2
T00741-1,customer0741@demo-ml.example,, critical ,4.0,2026-02-13,phone,platform,45.0,7.0,1
T00741-1,customer0741@demo-ml.example,, critical ,4.0,2026-02-13,phone,platform,45.0,7.0,1
T00741-2, CUSTOMER0741@DEMO-ML.EXAMPLE , closed , medium ,2.7,2026-02-14,web,security,51.5,8.25,2
T00742-1,customer0742@demo-ml.example, closed , low ,4.7,2026-02-15,web,success,45.5,7.25,2
T00742-3,customer0742@demo-ml.example, pending , low ,4.5,2026-02-17,chat,security,10.5,0.75,1
T00743-1,customer0743@demo-ml.example, open , medium ,3.0,2026-02-17,email,billing,46.0,7.5,0
T00744-1,customer0744@demo-ml.example, pending , high ,,2026-02-19,chat,security,46.5,7.75,1
T00744-2, CUSTOMER0744@DEMO-ML.EXAMPLE , resolved , low ,4.8,2026-02-20,phone,billing,5.0,9.0,2
T00746-1,customer0746@demo-ml.example, closed , low ,2.7,2026-02-23,web,success,47.5,8.25,0
T00747-1,customer0747@demo-ml.example, open , medium ,3.4,2026-02-25,email,billing,48.0,8.5,1
T00747-2, CUSTOMER0747@DEMO-ML.EXAMPLE , pending , critical ,4.5,2026-02-26,chat,success,6.5,0.75,2
T00748-1,customer0748@demo-ml.example, pending ,,4.1,2026-02-27,chat,security,48.5,8.75,2
T00749-1,customer0749@demo-ml.example, resolved , critical ,4.8,2026-03-01,phone,platform,49.0,9.0,0
T00749-3,customer0749@demo-ml.example, open , critical ,4.6,2026-03-03,email,billing,14.0,2.5,2
T00751-1,customer0751@demo-ml.example, open , medium ,3.8,2026-03-05,email,billing,50.0,0.5,2
T00752-1,customer0752@demo-ml.example, pending , high ,,2026-03-07,chat,security,50.5,0.75,0
T00753-1,customer0753@demo-ml.example, resolved , critical ,2.8,2026-03-09,phone,platform,51.0,1.0,1
T00753-2, CUSTOMER0753@DEMO-ML.EXAMPLE , closed , medium ,3.9,2026-03-10,web,security,9.5,2.25,2
T00754-1,customer0754@demo-ml.example, closed , low ,3.5,2026-03-11,web,success,51.5,1.25,2
T00754-1,customer0754@demo-ml.example, closed , low ,3.5,2026-03-11,web,success,51.5,1.25,2
T00756-1,customer0756@demo-ml.example, pending , high ,4.9,2026-03-15,chat,security,4.5,1.75,1
T00756-2, CUSTOMER0756@DEMO-ML.EXAMPLE , resolved , low ,3.6,2026-03-16,phone,billing,11.0,3.0,2
T00756-3,customer0756@demo-ml.example, closed , high ,4.7,2026-03-17,web,success,17.5,4.25,0
T00757-1,customer0757@demo-ml.example, resolved , critical ,3.2,2026-03-17,phone,platform,5.0,2.0,2
T00758-1,customer0758@demo-ml.example, closed , low ,3.9,2026-03-19,web,success,5.5,2.25,0
T00759-1,customer0759@demo-ml.example, open , medium ,4.6,2026-03-21,email,billing,6.0,2.5,1
T00759-2, CUSTOMER0759@DEMO-ML.EXAMPLE , pending , critical ,3.3,2026-03-22,chat,success,12.5,3.75,2
T00761-1,customer0761@demo-ml.example, resolved , critical ,3.6,2026-03-25,phone,platform,7.0,3.0,0
T00762-1,customer0762@demo-ml.example, closed , low ,4.3,2026-03-27,web,success,7.5,3.25,1
T00762-2, CUSTOMER0762@DEMO-ML.EXAMPLE , open , high ,3.0,2026-03-28,email,platform,14.0,4.5,2
T00763-1,customer0763@demo-ml.example, open , medium ,2.6,2026-03-29,email,billing,8.0,3.5,2
T00763-3,customer0763@demo-ml.example, resolved , medium ,4.8,2026-03-31,phone,platform,21.0,6.0,1
T00764-1,customer0764@demo-ml.example, pending , high ,3.3,2026-03-31,chat,security,8.5,3.75,0
T00766-1,customer0766@demo-ml.example, closed , low ,4.7,2026-01-04,web,success,9.5,4.25,2
T00767-1,customer0767@demo-ml.example, open , medium ,3.0,2026-01-06,email,billing,10.0,4.5,0
T00767-1,customer0767@demo-ml.example, open , medium ,3.0,2026-01-06,email,billing,10.0,4.5,0
T00768-1,customer0768@demo-ml.example, pending , high ,,2026-01-08,chat,security,10.5,4.75,1
T00768-2, CUSTOMER0768@DEMO-ML.EXAMPLE , resolved , low ,4.8,2026-01-09,phone,billing,17.0,6.0,2
T00769-1,customer0769@demo-ml.example, resolved , critical ,4.4,2026-01-10,phone,platform,11.0,5.0,2
T00771-1,customer0771@demo-ml.example, open , medium ,3.4,2026-01-14,email,billing,12.0,5.5,1
T00771-2, CUSTOMER0771@DEMO-ML.EXAMPLE , pending , critical ,4.5,2026-01-15,chat,success,18.5,6.75,2
T00772-1,customer0772@demo-ml.example, pending , high ,4.1,2026-01-16,chat,security,12.5,5.75,2
T00773-1,customer0773@demo-ml.example, resolved , critical ,4.8,2026-01-18,phone,platform,13.0,6.0,0
T00774-1,customer0774@demo-ml.example, closed , low ,3.1,2026-01-20,web,success,13.5,6.25,1
T00774-2, CUSTOMER0774@DEMO-ML.EXAMPLE , open , high ,4.2,2026-01-21,email,platform,20.0,7.5,2
T00776-1,customer0776@demo-ml.example, pending , high ,,2026-01-24,chat,security,14.5,6.75,0
T00777-1,customer0777@demo-ml.example, resolved , critical ,2.8,2026-01-26,phone,platform,15.0,7.0,1
T00777-2, CUSTOMER0777@DEMO-ML.EXAMPLE , closed , medium ,3.9,2026-01-27,web,security,21.5,8.25,2
T00777-3,customer0777@demo-ml.example, open , critical ,2.6,2026-01-28,email,billing,28.0,0.5,0
T00778-1,customer0778@demo-ml.example, closed , low ,3.5,2026-01-28,web,success,15.5,7.25,2
T00779-1,customer0779@demo-ml.example,, medium ,4.2,2026-01-30,email,billing,16.0,7.5,0
T00781-1,customer0781@demo-ml.example, resolved , critical ,3.2,2026-02-03,phone,platform,17.0,8.0,2
T00782-1,customer0782@demo-ml.example, closed ,,3.9,2026-02-05,web,success,17.5,8.25,0
T00783-1,customer0783@demo-ml.example, open , medium ,4.6,2026-02-07,email,billing,18.0,8.5,1
T00783-2, CUSTOMER0783@DEMO-ML.EXAMPLE , pending , critical ,3.3,2026-02-08,chat,success,24.5,0.75,2
T00784-1,customer0784@demo-ml.example, pending , high ,,2026-02-09,chat,security,18.5,8.75,2
T00784-3,customer0784@demo-ml.example, closed , high ,2.7,2026-02-11,web,success,31.5,2.25,1
T00786-1,customer0786@demo-ml.example, closed , low ,4.3,2026-02-13,web,success,19.5,9.25,1
T00786-2, CUSTOMER0786@DEMO-ML.EXAMPLE , open , high ,3.0,2026-02-14,email,platform,26.0,1.5,2
T00787-1,customer0787@demo-ml.example, open , medium ,2.6,2026-02-15,email,billing,20.0,0.5,2
T00788-1,customer0788@demo-ml.example, pending , high ,3.3,2026-02-17,chat,security,20.5,0.75,0
T00789-1,customer0789@demo-ml.example, resolved , critical ,4.0,2026-02-19,phone,platform,21.0,1.0,1
T00789-2, CUSTOMER0789@DEMO-ML.EXAMPLE , closed , medium ,2.7,2026-02-20,web,security,27.5,2.25,2
T00791-1,customer0791@demo-ml.example, open , medium ,3.0,2026-02-23,email,billing,22.0,1.5,0
T00791-3,customer0791@demo-ml.example, resolved , medium ,2.8,2026-02-25,phone,platform,35.0,4.0,2
T00792-1,customer0792@demo-ml.example, pending , high ,,2026-02-25,chat,security,22.5,1.75,1
T00792-2, CUSTOMER0792@DEMO-ML.EXAMPLE , resolved , low ,4.8,2026-02-26,phone,billing,29.0,3.0,2
T00793-1,customer0793@demo-ml.example, resolved , critical ,4.4,2026-02-27,phone,platform,23.0,2.0,2
T00793-1,customer0793@demo-ml.example, resolved , critical ,4.4,2026-02-27,phone,platform,23.0,2.0,2
T00794-1,customer0794@demo-ml.example, closed , low ,2.7,2026-03-01,web,success,23.5,2.25,0
T00796-1,customer0796@demo-ml.example, pending , high ,4.1,2026-03-05,chat,security,24.5,2.75,2
T00797-1,customer0797@demo-ml.example, resolved , critical ,4.8,2026-03-07,phone,platform,25.0,3.0,0
T00798-1,customer0798@demo-ml.example,, low ,3.1,2026-03-09,web,success,25.5,3.25,1
T00798-2, CUSTOMER0798@DEMO-ML.EXAMPLE , open , high ,4.2,2026-03-10,email,platform,32.0,4.5,2
T00798-3,customer0798@demo-ml.example, pending , low ,2.9,2026-03-11,chat,security,38.5,5.75,0
T00799-1,customer0799@demo-ml.example, open ,,3.8,2026-03-11,email,billing,26.0,3.5,2
T00801-1,customer0801@demo-ml.example, resolved , critical ,2.8,2026-03-15,phone,platform,27.0,4.0,1
T00801-2, CUSTOMER0801@DEMO-ML.EXAMPLE , closed , medium ,3.9,2026-03-16,web,security,33.5,5.25,2
T00802-1,customer0802@demo-ml.example, closed , low ,3.5,2026-03-17,web,success,27.5,4.25,2
T00803-1,customer0803@demo-ml.example, open , medium ,4.2,2026-03-19,email,billing,28.0,4.5,0
T00804-1,customer0804@demo-ml.example, pending , high ,4.9,2026-03-21,chat,security,28.5,4.75,1
T00804-2, CUSTOMER0804@DEMO-ML.EXAMPLE , resolved , low ,3.6,2026-03-22,phone,billing,35.0,6.0,2
T00806-1,customer0806@demo-ml.example, closed , low ,3.9,2026-03-25,web,success,29.5,5.25,0
T00806-1,customer0806@demo-ml.example, closed , low ,3.9,2026-03-25,web,success,29.5,5.25,0
T00807-1,customer0807@demo-ml.example, open , medium ,4.6,2026-03-27,email,billing,30.0,5.5,1
T00807-2, CUSTOMER0807@DEMO-ML.EXAMPLE , pending , critical ,3.3,2026-03-28,chat,success,36.5,6.75,2
T00808-1,customer0808@demo-ml.example, pending , high ,,2026-03-29,chat,security,30.5,5.75,2
T00809-1,customer0809@demo-ml.example, resolved , critical ,3.6,2026-03-31,phone,platform,31.0,6.0,0
T00811-1,customer0811@demo-ml.example, open , medium ,2.6,2026-01-04,email,billing,32.0,6.5,2
T00812-1,customer0812@demo-ml.example, pending , high ,3.3,2026-01-06,chat,security,32.5,6.75,0
T00812-3,customer0812@demo-ml.example, closed , high ,3.1,2026-01-08,web,success,45.5,9.25,2
T00813-1,customer0813@demo-ml.example, resolved , critical ,4.0,2026-01-08,phone,platform,33.0,7.0,1
T00813-2, CUSTOMER0813@DEMO-ML.EXAMPLE , closed , medium ,2.7,2026-01-09,web,security,39.5,8.25,2
T00814-1,customer0814@demo-ml.example, closed , low ,4.7,2026-01-10,web,success,33.5,7.25,2
T00816-1,customer0816@demo-ml.example, pending ,,,2026-01-14,chat,security,34.5,7.75,1
T00816-2, CUSTOMER0816@DEMO-ML.EXAMPLE , resolved , low ,4.8,2026-01-15,phone,billing,41.0,9.0,2
T00817-1,customer0817@demo-ml.example,, critical ,4.4,2026-01-16,phone,platform,35.0,8.0,2
T00818-1,customer0818@demo-ml.example, closed , low ,2.7,2026-01-18,web,success,35.5,8.25,0
T00819-1,customer0819@demo-ml.example, open , medium ,3.4,2026-01-20,email,billing,36.0,8.5,1
T00819-1,customer0819@demo-ml.example, open , medium ,3.4,2026-01-20,email,billing,36.0,8.5,1
T00819-2, CUSTOMER0819@DEMO-ML.EXAMPLE , pending , critical ,4.5,2026-01-21,chat,success,42.5,0.75,2
T00819-3,customer0819@demo-ml.example, resolved , medium ,3.2,2026-01-22,phone,platform,49.0,2.0,0
T00821-1,customer0821@demo-ml.example, resolved , critical ,4.8,2026-01-24,phone,platform,37.0,9.0,0
T00822-1,customer0822@demo-ml.example, closed , low ,3.1,2026-01-26,web,success,37.5,9.25,1
T00822-2, CUSTOMER0822@DEMO-ML.EXAMPLE , open , high ,4.2,2026-01-27,email,platform,44.0,1.5,2
T00823-1,customer0823@demo-ml.example, open , medium ,3.8,2026-01-28,email,billing,38.0,0.5,2
T00824-1,customer0824@demo-ml.example, pending , high ,,2026-01-30,chat,security,38.5,0.75,0
T00826-1,customer0826@demo-ml.example, closed , low ,3.5,2026-02-03,web,success,39.5,1.25,2
T00826-3,customer0826@demo-ml.example, pending , low ,3.3,2026-02-05,chat,security,4.5,3.75,1
T00827-1,customer0827@demo-ml.example, open , medium ,4.2,2026-02-05,email,billing,40.0,1.5,0
T00828-1,customer0828@demo-ml.example, pending , high ,4.9,2026-02-07,chat,security,40.5,1.75,1
T00828-2, CUSTOMER0828@DEMO-ML.EXAMPLE , resolved , low ,3.6,2026-02-08,phone,billing,47.0,3.0,2
T00829-1,customer0829@demo-ml.example, resolved , critical ,3.2,2026-02-09,phone,platform,41.0,2.0,2
T00831-1,customer0831@demo-ml.example, open , medium ,4.6,2026-02-13,email,billing,42.0,2.5,1
T00831-2, CUSTOMER0831@DEMO-ML.EXAMPLE , pending , critical ,3.3,2026-02-14,chat,success,48.5,3.75,2
T00832-1,customer0832@demo-ml.example, pending , high ,,2026-02-15,chat,security,42.5,2.75,2
T00832-1,customer0832@demo-ml.example, pending , high ,,2026-02-15,chat,security,42.5,2.75,2
T00833-1,customer0833@demo-ml.example, resolved ,,3.6,2026-02-17,phone,platform,43.0,3.0,0
T00833-3,customer0833@demo-ml.example, open , critical ,3.4,2026-02-19,email,billing,8.0,5.5,2
T00834-1,customer0834@demo-ml.example, closed , low ,4.3,2026-02-19,web,success,43.5,3.25,1
T00834-2, CUSTOMER0834@DEMO-ML.EXAMPLE , open , high ,3.0,2026-02-20,email,platform,50.0,4.5,2
T00836-1,customer0836@demo-ml.example,, high ,3.3,2026-02-23,chat,security,44.5,3.75,0
T00837-1,customer0837@demo-ml.example, resolved , critical ,4.0,2026-02-25,phone,platform,45.0,4.0,1
T00837-2, CUSTOMER0837@DEMO-ML.EXAMPLE , closed , medium ,2.7,2026-02-26,web,security,51.5,5.25,2
T00838-1,customer0838@demo-ml.example, closed , low ,4.7,2026-02-27,web,success,45.5,4.25,2
T00839-1,customer0839@demo-ml.example, open , medium ,3.0,2026-03-01,email,billing,46.0,4.5,0
T00841-1,customer0841@demo-ml.example, resolved , critical ,4.4,2026-03-05,phone,platform,47.0,5.0,2
T00842-1,customer0842@demo-ml.example, closed , low ,2.7,2026-03-07,web,success,47.5,5.25,0
T00843-1,customer0843@demo-ml.example, open , medium ,3.4,2026-03-09,email,billing,48.0,5.5,1
T00843-2, CUSTOMER0843@DEMO-ML.EXAMPLE , pending , critical ,4.5,2026-03-10,chat,success,6.5,6.75,2
T00844-1,customer0844@demo-ml.example, pending , high ,4.1,2026-03-11,chat,security,48.5,5.75,2
T00846-1,customer0846@demo-ml.example, closed , low ,3.1,2026-03-15,web,success,49.5,6.25,1
T00846-2, CUSTOMER0846@DEMO-ML.EXAMPLE , open , high ,4.2,2026-03-16,email,platform,8.0,7.5,2
T00847-1,customer0847@demo-ml.example, open , medium ,3.8,2026-03-17,email,billing,50.0,6.5,2
T00847-3,customer0847@demo-ml.example, resolved , medium ,3.6,2026-03-19,phone,platform,15.0,9.0,1
T00848-1,customer0848@demo-ml.example, pending , high ,,2026-03-19,chat,security,50.5,6.75,0
T00849-1,customer0849@demo-ml.example, resolved , critical ,2.8,2026-03-21,phone,platform,51.0,7.0,1
T00849-2, CUSTOMER0849@DEMO-ML.EXAMPLE , closed , medium ,3.9,2026-03-22,web,security,9.5,8.25,2
T00851-1,customer0851@demo-ml.example, open , medium ,4.2,2026-03-25,email,billing,4.0,7.5,0
T00852-1,customer0852@demo-ml.example, pending , high ,4.9,2026-03-27,chat,security,4.5,7.75,1
T00852-2, CUSTOMER0852@DEMO-ML.EXAMPLE , resolved , low ,3.6,2026-03-28,phone,billing,11.0,9.0,2
T00853-1,customer0853@demo-ml.example, resolved , critical ,3.2,2026-03-29,phone,platform,5.0,8.0,2
T00854-1,customer0854@demo-ml.example, closed , low ,3.9,2026-03-31,web,success,5.5,8.25,0
T00854-3,customer0854@demo-ml.example, pending , low ,3.7,2026-01-02,chat,security,18.5,1.75,2
T00856-1,customer0856@demo-ml.example, pending , high ,,2026-01-04,chat,security,6.5,8.75,2
T00857-1,customer0857@demo-ml.example, resolved , critical ,3.6,2026-01-06,phone,platform,7.0,9.0,0
T00858-1,customer0858@demo-ml.example, closed , low ,4.3,2026-01-08,web,success,7.5,9.25,1
T00858-1,customer0858@demo-ml.example, closed , low ,4.3,2026-01-08,web,success,7.5,9.25,1
T00858-2, CUSTOMER0858@DEMO-ML.EXAMPLE , open , high ,3.0,2026-01-09,email,platform,14.0,1.5,2
T00859-1,customer0859@demo-ml.example, open , medium ,2.6,2026-01-10,email,billing,8.0,0.5,2
T00861-1,customer0861@demo-ml.example, resolved , critical ,4.0,2026-01-14,phone,platform,9.0,1.0,1
T00861-2, CUSTOMER0861@DEMO-ML.EXAMPLE , closed , medium ,2.7,2026-01-15,web,security,15.5,2.25,2
T00861-3,customer0861@demo-ml.example, open , critical ,3.8,2026-01-16,email,billing,22.0,3.5,0
T00862-1,customer0862@demo-ml.example, closed , low ,4.7,2026-01-16,web,success,9.5,1.25,2
T00863-1,customer0863@demo-ml.example, open , medium ,3.0,2026-01-18,email,billing,10.0,1.5,0
T00864-1,customer0864@demo-ml.example, pending , high ,,2026-01-20,chat,security,10.5,1.75,1
T00864-2, CUSTOMER0864@DEMO-ML.EXAMPLE , resolved , low ,4.8,2026-01-21,phone,billing,17.0,3.0,2
T00866-1,customer0866@demo-ml.example, closed , low ,2.7,2026-01-24,web,success,11.5,2.25,0
T00867-1,customer0867@demo-ml.example, open ,,3.4,2026-01-26,email,billing,12.0,2.5,1
T00867-2, CUSTOMER0867@DEMO-ML.EXAMPLE , pending , critical ,4.5,2026-01-27,chat,success,18.5,3.75,2
T00868-1,customer0868@demo-ml.example, pending , high ,4.1,2026-01-28,chat,security,12.5,2.75,2
T00868-3,customer0868@demo-ml.example, closed , high ,3.9,2026-01-30,web,success,25.5,5.25,1
T00869-1,customer0869@demo-ml.example, resolved , critical ,4.8,2026-01-30,phone,platform,13.0,3.0,0
T00871-1,customer0871@demo-ml.example, open , medium ,3.8,2026-02-03,email,billing,14.0,3.5,2
T00871-1,customer0871@demo-ml.example, open , medium ,3.8,2026-02-03,email,billing,14.0,3.5,2
T00872-1,customer0872@demo-ml.example, pending , high ,,2026-02-05,chat,security,14.5,3.75,0
T00873-1,customer0873@demo-ml.example, resolved , critical ,2.8,2026-02-07,phone,platform,15.0,4.0,1
T00873-2, CUSTOMER0873@DEMO-ML.EXAMPLE , closed , medium ,3.9,2026-02-08,web,security,21.5,5.25,2
T00874-1,customer0874@demo-ml.example,, low ,3.5,2026-02-09,web,success,15.5,4.25,2
T00876-1,customer0876@demo-ml.example, pending , high ,4.9,2026-02-13,chat,security,16.5,4.75,1
T00876-2, CUSTOMER0876@DEMO-ML.EXAMPLE , resolved , low ,3.6,2026-02-14,phone,billing,23.0,6.0,2
T00877-1,customer0877@demo-ml.example, resolved , critical ,3.2,2026-02-15,phone,platform,17.0,5.0,2
T00878-1,customer0878@demo-ml.example, closed , low ,3.9,2026-02-17,web,success,17.5,5.25,0
T00879-1,customer0879@demo-ml.example, open , medium ,4.6,2026-02-19,email,billing,18.0,5.5,1
T00879-2, CUSTOMER0879@DEMO-ML.EXAMPLE , pending , critical ,3.3,2026-02-20,chat,success,24.5,6.75,2
T00881-1,customer0881@demo-ml.example, resolved , critical ,3.6,2026-02-23,phone,platform,19.0,6.0,0
T00882-1,customer0882@demo-ml.example, closed , low ,4.3,2026-02-25,web,success,19.5,6.25,1
T00882-2, CUSTOMER0882@DEMO-ML.EXAMPLE , open , high ,3.0,2026-02-26,email,platform,26.0,7.5,2
T00882-3,customer0882@demo-ml.example, pending , low ,4.1,2026-02-27,chat,security,32.5,8.75,0
T00883-1,customer0883@demo-ml.example, open , medium ,2.6,2026-02-27,email,billing,20.0,6.5,2
T00884-1,customer0884@demo-ml.example, pending ,,3.3,2026-03-01,chat,security,20.5,6.75,0
T00884-1,customer0884@demo-ml.example, pending ,,3.3,2026-03-01,chat,security,20.5,6.75,0
T00886-1,customer0886@demo-ml.example, closed , low ,4.7,2026-03-05,web,success,21.5,7.25,2
T00887-1,customer0887@demo-ml.example, open , medium ,3.0,2026-03-07,email,billing,22.0,7.5,0
T00888-1,customer0888@demo-ml.example, pending , high ,,2026-03-09,chat,security,22.5,7.75,1
T00888-2, CUSTOMER0888@DEMO-ML.EXAMPLE , resolved , low ,4.8,2026-03-10,phone,billing,29.0,9.0,2
T00889-1,customer0889@demo-ml.example, resolved , critical ,4.4,2026-03-11,phone,platform,23.0,8.0,2
T00889-3,customer0889@demo-ml.example, open , critical ,4.2,2026-03-13,email,billing,36.0,1.5,1
T00891-1,customer0891@demo-ml.example, open , medium ,3.4,2026-03-15,email,billing,24.0,8.5,1
T00891-2, CUSTOMER0891@DEMO-ML.EXAMPLE , pending , critical ,4.5,2026-03-16,chat,success,30.5,0.75,2
T00892-1,customer0892@demo-ml.example, pending , high ,4.1,2026-03-17,chat,security,24.5,8.75,2
T00893-1,customer0893@demo-ml.example,, critical ,4.8,2026-03-19,phone,platform,25.0,9.0,0
T00894-1,customer0894@demo-ml.example, closed , low ,3.1,2026-03-21,web,success,25.5,9.25,1
T00894-2, CUSTOMER0894@DEMO-ML.EXAMPLE , open , high ,4.2,2026-03-22,email,platform,32.0,1.5,2
T00896-1,customer0896@demo-ml.example, pending , high ,,2026-03-25,chat,security,26.5,0.75,0
T00896-3,customer0896@demo-ml.example, closed , high ,4.3,2026-03-27,web,success,39.5,3.25,2
T00897-1,customer0897@demo-ml.example, resolved , critical ,2.8,2026-03-27,phone,platform,27.0,1.0,1
T00897-1,customer0897@demo-ml.example, resolved , critical ,2.8,2026-03-27,phone,platform,27.0,1.0,1
T00897-2, CUSTOMER0897@DEMO-ML.EXAMPLE , closed , medium ,3.9,2026-03-28,web,security,33.5,2.25,2
T00898-1,customer0898@demo-ml.example, closed , low ,3.5,2026-03-29,web,success,27.5,1.25,2
T00899-1,customer0899@demo-ml.example, open , medium ,4.2,2026-03-31,email,billing,28.0,1.5,0
T00901-1,customer0901@demo-ml.example, resolved ,,3.2,2026-01-04,phone,platform,29.0,2.0,2
T00902-1,customer0902@demo-ml.example, closed , low ,3.9,2026-01-06,web,success,29.5,2.25,0
T00903-1,customer0903@demo-ml.example, open , medium ,4.6,2026-01-08,email,billing,30.0,2.5,1
T00903-2, CUSTOMER0903@DEMO-ML.EXAMPLE , pending , critical ,3.3,2026-01-09,chat,success,36.5,3.75,2
T00903-3,customer0903@demo-ml.example, resolved , medium ,4.4,2026-01-10,phone,platform,43.0,5.0,0
T00904-1,customer0904@demo-ml.example, pending , high ,,2026-01-10,chat,security,30.5,2.75,2
T00906-1,customer0906@demo-ml.example, closed , low ,4.3,2026-01-14,web,success,31.5,3.25,1
T00906-2, CUSTOMER0906@DEMO-ML.EXAMPLE , open , high ,3.0,2026-01-15,email,platform,38.0,4.5,2
T00907-1,customer0907@demo-ml.example, open , medium ,2.6,2026-01-16,email,billing,32.0,3.5,2
T00908-1,customer0908@demo-ml.example, pending , high ,3.3,2026-01-18,chat,security,32.5,3.75,0
T00909-1,customer0909@demo-ml.example, resolved , critical ,4.0,2026-01-20,phone,platform,33.0,4.0,1
T00909-2, CUSTOMER0909@DEMO-ML.EXAMPLE , closed , medium ,2.7,2026-01-21,web,security,39.5,5.25,2
T00911-1,customer0911@demo-ml.example, open , medium ,3.0,2026-01-24,email,billing,34.0,4.5,0
T00912-1,customer0912@demo-ml.example,, high ,,2026-01-26,chat,security,34.5,4.75,1
T00912-2, CUSTOMER0912@DEMO-ML.EXAMPLE , resolved , low ,4.8,2026-01-27,phone,billing,41.0,6.0,2
T00913-1,customer0913@demo-ml.example, resolved , critical ,4.4,2026-01-28,phone,platform,35.0,5.0,2
T00914-1,customer0914@demo-ml.example, closed , low ,2.7,2026-01-30,web,success,35.5,5.25,0
T00916-1,customer0916@demo-ml.example, pending , high ,4.1,2026-02-03,chat,security,36.5,5.75,2
T00917-1,customer0917@demo-ml.example, resolved , critical ,4.8,2026-02-05,phone,platform,37.0,6.0,0
T00917-3,customer0917@demo-ml.example, open , critical ,4.6,2026-02-07,email,billing,50.0,8.5,2
T00918-1,customer0918@demo-ml.example, closed ,,3.1,2026-02-07,web,success,37.5,6.25,1
T00918-2, CUSTOMER0918@DEMO-ML.EXAMPLE , open , high ,4.2,2026-02-08,email,platform,44.0,7.5,2
T00919-1,customer0919@demo-ml.example, open , medium ,3.8,2026-02-09,email,billing,38.0,6.5,2
T00921-1,customer0921@demo-ml.example, resolved , critical ,2.8,2026-02-13,phone,platform,39.0,7.0,1
T00921-2, CUSTOMER0921@DEMO-ML.EXAMPLE , closed , medium ,3.9,2026-02-14,web,security,45.5,8.25,2
T00922-1,customer0922@demo-ml.example, closed , low ,3.5,2026-02-15,web,success,39.5,7.25,2
T00923-1,customer0923@demo-ml.example, open , medium ,4.2,2026-02-17,email,billing,40.0,7.5,0
T00923-1,customer0923@demo-ml.example, open , medium ,4.2,2026-02-17,email,billing,40.0,7.5,0
T00924-1,customer0924@demo-ml.example, pending , high ,4.9,2026-02-19,chat,security,40.5,7.75,1
T00924-2, CUSTOMER0924@DEMO-ML.EXAMPLE , resolved , low ,3.6,2026-02-20,phone,billing,47.0,9.0,2
T00924-3,customer0924@demo-ml.example, closed , high ,4.7,2026-02-21,web,success,5.5,1.25,0
T00926-1,customer0926@demo-ml.example, closed , low ,3.9,2026-02-23,web,success,41.5,8.25,0
T00927-1,customer0927@demo-ml.example, open , medium ,4.6,2026-02-25,email,billing,42.0,8.5,1
T00927-2, CUSTOMER0927@DEMO-ML.EXAMPLE , pending , critical ,3.3,2026-02-26,chat,success,48.5,0.75,2
T00928-1,customer0928@demo-ml.example, pending , high ,,2026-02-27,chat,security,42.5,8.75,2
T00929-1,customer0929@demo-ml.example, resolved , critical ,3.6,2026-03-01,phone,platform,43.0,9.0,0
T00931-1,customer0931@demo-ml.example,, medium ,2.6,2026-03-05,email,billing,44.0,0.5,2
T00931-3,customer0931@demo-ml.example, resolved , medium ,4.8,2026-03-07,phone,platform,9.0,3.0,1
T00932-1,customer0932@demo-ml.example, pending , high ,3.3,2026-03-07,chat,security,44.5,0.75,0
T00933-1,customer0933@demo-ml.example, resolved , critical ,4.0,2026-03-09,phone,platform,45.0,1.0,1
T00933-2, CUSTOMER0933@DEMO-ML.EXAMPLE , closed , medium ,2.7,2026-03-10,web,security,51.5,2.25,2
T00934-1,customer0934@demo-ml.example, closed , low ,4.7,2026-03-11,web,success,45.5,1.25,2
T00936-1,customer0936@demo-ml.example, pending , high ,,2026-03-15,chat,security,46.5,1.75,1
T00936-1,customer0936@demo-ml.example, pending , high ,,2026-03-15,chat,security,46.5,1.75,1
T00936-2, CUSTOMER0936@DEMO-ML.EXAMPLE , resolved , low ,4.8,2026-03-16,phone,billing,5.0,3.0,2
T00937-1,customer0937@demo-ml.example, resolved , critical ,4.4,2026-03-17,phone,platform,47.0,2.0,2
T00938-1,customer0938@demo-ml.example, closed , low ,2.7,2026-03-19,web,success,47.5,2.25,0
T00938-3,customer0938@demo-ml.example, pending , low ,4.9,2026-03-21,chat,security,12.5,4.75,2
T00939-1,customer0939@demo-ml.example, open , medium ,3.4,2026-03-21,email,billing,48.0,2.5,1
T00939-2, CUSTOMER0939@DEMO-ML.EXAMPLE , pending , critical ,4.5,2026-03-22,chat,success,6.5,3.75,2
T00941-1,customer0941@demo-ml.example, resolved , critical ,4.8,2026-03-25,phone,platform,49.0,3.0,0
T00942-1,customer0942@demo-ml.example, closed , low ,3.1,2026-03-27,web,success,49.5,3.25,1
T00942-2, CUSTOMER0942@DEMO-ML.EXAMPLE , open , high ,4.2,2026-03-28,email,platform,8.0,4.5,2
T00943-1,customer0943@demo-ml.example, open , medium ,3.8,2026-03-29,email,billing,50.0,3.5,2
T00944-1,customer0944@demo-ml.example, pending , high ,,2026-03-31,chat,security,50.5,3.75,0
T00946-1,customer0946@demo-ml.example, closed , low ,3.5,2026-01-04,web,success,51.5,4.25,2
T00947-1,customer0947@demo-ml.example, open , medium ,4.2,2026-01-06,email,billing,4.0,4.5,0
T00948-1,customer0948@demo-ml.example, pending , high ,4.9,2026-01-08,chat,security,4.5,4.75,1
T00948-2, CUSTOMER0948@DEMO-ML.EXAMPLE , resolved , low ,3.6,2026-01-09,phone,billing,11.0,6.0,2
T00949-1,customer0949@demo-ml.example, resolved , critical ,3.2,2026-01-10,phone,platform,5.0,5.0,2
T00949-1,customer0949@demo-ml.example, resolved , critical ,3.2,2026-01-10,phone,platform,5.0,5.0,2
T00951-1,customer0951@demo-ml.example, open , medium ,4.6,2026-01-14,email,billing,6.0,5.5,1
T00951-2, CUSTOMER0951@DEMO-ML.EXAMPLE , pending , critical ,3.3,2026-01-15,chat,success,12.5,6.75,2
T00952-1,customer0952@demo-ml.example, pending ,,,2026-01-16,chat,security,6.5,5.75,2
T00952-3,customer0952@demo-ml.example, closed , high ,2.7,2026-01-18,web,success,19.5,8.25,1
T00953-1,customer0953@demo-ml.example, resolved , critical ,3.6,2026-01-18,phone,platform,7.0,6.0,0
T00954-1,customer0954@demo-ml.example, closed , low ,4.3,2026-01-20,web,success,7.5,6.25,1
T00954-2, CUSTOMER0954@DEMO-ML.EXAMPLE , open , high ,3.0,2026-01-21,email,platform,14.0,7.5,2
T00956-1,customer0956@demo-ml.example, pending , high ,3.3,2026-01-24,chat,security,8.5,6.75,0
T00957-1,customer0957@demo-ml.example, resolved , critical ,4.0,2026-01-26,phone,platform,9.0,7.0,1
T00957-2, CUSTOMER0957@DEMO-ML.EXAMPLE , closed , medium ,2.7,2026-01-27,web,security,15.5,8.25,2
T00958-1,customer0958@demo-ml.example, closed , low ,4.7,2026-01-28,web,success,9.5,7.25,2
T00959-1,customer0959@demo-ml.example, open , medium ,3.0,2026-01-30,email,billing,10.0,7.5,0
T00959-3,customer0959@demo-ml.example, resolved , medium ,2.8,2026-02-01,phone,platform,23.0,1.0,2
T00961-1,customer0961@demo-ml.example, resolved , critical ,4.4,2026-02-03,phone,platform,11.0,8.0,2
T00962-1,customer0962@demo-ml.example, closed , low ,2.7,2026-02-05,web,success,11.5,8.25,0
T00962-1,customer0962@demo-ml.example, closed , low ,2.7,2026-02-05,web,success,11.5,8.25,0
T00963-1,customer0963@demo-ml.example, open , medium ,3.4,2026-02-07,email,billing,12.0,8.5,1
T00963-2, CUSTOMER0963@DEMO-ML.EXAMPLE , pending , critical ,4.5,2026-02-08,chat,success,18.5,0.75,2
T00964-1,customer0964@demo-ml.example, pending , high ,4.1,2026-02-09,chat,security,12.5,8.75,2
T00966-1,customer0966@demo-ml.example, closed , low ,3.1,2026-02-13,web,success,13.5,9.25,1
T00966-2, CUSTOMER0966@DEMO-ML.EXAMPLE , open , high ,4.2,2026-02-14,email,platform,20.0,1.5,2
T00966-3,customer0966@demo-ml.example, pending , low ,2.9,2026-02-15,chat,security,26.5,2.75,0
T00967-1,customer0967@demo-ml.example, open , medium ,3.8,2026-02-15,email,billing,14.0,0.5,2
T00968-1,customer0968@demo-ml.example, pending , high ,,2026-02-17,chat,security,14.5,0.75,0
T00969-1,customer0969@demo-ml.example,,,2.8,2026-02-19,phone,platform,15.0,1.0,1
T00969-2, CUSTOMER0969@DEMO-ML.EXAMPLE , closed , medium ,3.9,2026-02-20,web,security,21.5,2.25,2
T00971-1,customer0971@demo-ml.example, open , medium ,4.2,2026-02-23,email,billing,16.0,1.5,0
T00972-1,customer0972@demo-ml.example, pending , high ,4.9,2026-02-25,chat,security,16.5,1.75,1
T00972-2, CUSTOMER0972@DEMO-ML.EXAMPLE , resolved , low ,3.6,2026-02-26,phone,billing,23.0,3.0,2
T00973-1,customer0973@demo-ml.example, resolved , critical ,3.2,2026-02-27,phone,platform,17.0,2.0,2
T00973-3,customer0973@demo-ml.example, open , critical ,3.0,2026-03-01,email,billing,30.0,4.5,1
T00974-1,customer0974@demo-ml.example, closed , low ,3.9,2026-03-01,web,success,17.5,2.25,0
T00976-1,customer0976@demo-ml.example, pending , high ,,2026-03-05,chat,security,18.5,2.75,2
T00977-1,customer0977@demo-ml.example, resolved , critical ,3.6,2026-03-07,phone,platform,19.0,3.0,0
T00978-1,customer0978@demo-ml.example, closed , low ,4.3,2026-03-09,web,success,19.5,3.25,1
T00978-2, CUSTOMER0978@DEMO-ML.EXAMPLE , open , high ,3.0,2026-03-10,email,platform,26.0,4.5,2
T00979-1,customer0979@demo-ml.example, open , medium ,2.6,2026-03-11,email,billing,20.0,3.5,2
T00981-1,customer0981@demo-ml.example, resolved , critical ,4.0,2026-03-15,phone,platform,21.0,4.0,1
T00981-2, CUSTOMER0981@DEMO-ML.EXAMPLE , closed , medium ,2.7,2026-03-16,web,security,27.5,5.25,2
T00982-1,customer0982@demo-ml.example, closed , low ,4.7,2026-03-17,web,success,21.5,4.25,2
T00983-1,customer0983@demo-ml.example, open , medium ,3.0,2026-03-19,email,billing,22.0,4.5,0
T00984-1,customer0984@demo-ml.example, pending , high ,,2026-03-21,chat,security,22.5,4.75,1
T00984-2, CUSTOMER0984@DEMO-ML.EXAMPLE , resolved , low ,4.8,2026-03-22,phone,billing,29.0,6.0,2
T00986-1,customer0986@demo-ml.example, closed ,,2.7,2026-03-25,web,success,23.5,5.25,0
T00987-1,customer0987@demo-ml.example, open , medium ,3.4,2026-03-27,email,billing,24.0,5.5,1
T00987-2, CUSTOMER0987@DEMO-ML.EXAMPLE , pending , critical ,4.5,2026-03-28,chat,success,30.5,6.75,2
T00987-3,customer0987@demo-ml.example, resolved , medium ,3.2,2026-03-29,phone,platform,37.0,8.0,0
T00988-1,customer0988@demo-ml.example,, high ,4.1,2026-03-29,chat,security,24.5,5.75,2
T00988-1,customer0988@demo-ml.example,, high ,4.1,2026-03-29,chat,security,24.5,5.75,2
T00989-1,customer0989@demo-ml.example, resolved , critical ,4.8,2026-03-31,phone,platform,25.0,6.0,0
T00991-1,customer0991@demo-ml.example, open , medium ,3.8,2026-01-04,email,billing,26.0,6.5,2
T00992-1,customer0992@demo-ml.example, pending , high ,,2026-01-06,chat,security,26.5,6.75,0
T00993-1,customer0993@demo-ml.example, resolved , critical ,2.8,2026-01-08,phone,platform,27.0,7.0,1
T00993-2, CUSTOMER0993@DEMO-ML.EXAMPLE , closed , medium ,3.9,2026-01-09,web,security,33.5,8.25,2
T00994-1,customer0994@demo-ml.example, closed , low ,3.5,2026-01-10,web,success,27.5,7.25,2
T00994-3,customer0994@demo-ml.example, pending , low ,3.3,2026-01-12,chat,security,40.5,0.75,1
T00996-1,customer0996@demo-ml.example, pending , high ,4.9,2026-01-14,chat,security,28.5,7.75,1
T00996-2, CUSTOMER0996@DEMO-ML.EXAMPLE , resolved , low ,3.6,2026-01-15,phone,billing,35.0,9.0,2
T00997-1,customer0997@demo-ml.example, resolved , critical ,3.2,2026-01-16,phone,platform,29.0,8.0,2
T00998-1,customer0998@demo-ml.example, closed , low ,3.9,2026-01-18,web,success,29.5,8.25,0
T00999-1,customer0999@demo-ml.example, open , medium ,4.6,2026-01-20,email,billing,30.0,8.5,1
T00999-2, CUSTOMER0999@DEMO-ML.EXAMPLE , pending , critical ,3.3,2026-01-21,chat,success,36.5,0.75,2
T01001-1,customer1001@demo-ml.example, resolved , critical ,3.6,2026-01-24,phone,platform,31.0,9.0,0
T01001-1,customer1001@demo-ml.example, resolved , critical ,3.6,2026-01-24,phone,platform,31.0,9.0,0
T01001-3,customer1001@demo-ml.example, open , critical ,3.4,2026-01-26,email,billing,44.0,2.5,2
T01002-1,customer1002@demo-ml.example, closed , low ,4.3,2026-01-26,web,success,31.5,9.25,1
T01002-2, CUSTOMER1002@DEMO-ML.EXAMPLE , open , high ,3.0,2026-01-27,email,platform,38.0,1.5,2
T01003-1,customer1003@demo-ml.example, open ,,2.6,2026-01-28,email,billing,32.0,0.5,2
T01004-1,customer1004@demo-ml.example, pending , high ,3.3,2026-01-30,chat,security,32.5,0.75,0
T01006-1,customer1006@demo-ml.example, closed , low ,4.7,2026-02-03,web,success,33.5,1.25,2
T01007-1,customer1007@demo-ml.example,, medium ,3.0,2026-02-05,email,billing,34.0,1.5,0
T01008-1,customer1008@demo-ml.example, pending , high ,,2026-02-07,chat,security,34.5,1.75,1
T01008-2, CUSTOMER1008@DEMO-ML.EXAMPLE , resolved , low ,4.8,2026-02-08,phone,billing,41.0,3.0,2
T01008-3,customer1008@demo-ml.example, closed , high ,3.5,2026-02-09,web,success,47.5,4.25,0
T01009-1,customer1009@demo-ml.example, resolved , critical ,4.4,2026-02-09,phone,platform,35.0,2.0,2
T01011-1,customer1011@demo-ml.example, open , medium ,3.4,2026-02-13,email,billing,36.0,2.5,1
T01011-2, CUSTOMER1011@DEMO-ML.EXAMPLE , pending , critical ,4.5,2026-02-14,chat,success,42.5,3.75,2
T01012-1,customer1012@demo-ml.example, pending , high ,4.1,2026-02-15,chat,security,36.5,2.75,2
T01013-1,customer1013@demo-ml.example, resolved , critical ,4.8,2026-02-17,phone,platform,37.0,3.0,0
T01014-1,customer1014@demo-ml.example, closed , low ,3.1,2026-02-19,web,success,37.5,3.25,1
T01014-1,customer1014@demo-ml.example, closed , low ,3.1,2026-02-19,web,success,37.5,3.25,1
T01014-2, CUSTOMER1014@DEMO-ML.EXAMPLE , open , high ,4.2,2026-02-20,email,platform,44.0,4.5,2
T01016-1,customer1016@demo-ml.example, pending , high ,,2026-02-23,chat,security,38.5,3.75,0
T01017-1,customer1017@demo-ml.example, resolved , critical ,2.8,2026-02-25,phone,platform,39.0,4.0,1
T01017-2, CUSTOMER1017@DEMO-ML.EXAMPLE , closed , medium ,3.9,2026-02-26,web,security,45.5,5.25,2
T01018-1,customer1018@demo-ml.example, closed , low ,3.5,2026-02-27,web,success,39.5,4.25,2
T01019-1,customer1019@demo-ml.example, open , medium ,4.2,2026-03-01,email,billing,40.0,4.5,0
T01021-1,customer1021@demo-ml.example, resolved , critical ,3.2,2026-03-05,phone,platform,41.0,5.0,2
T01022-1,customer1022@demo-ml.example, closed , low ,3.9,2026-03-07,web,success,41.5,5.25,0
T01022-3,customer1022@demo-ml.example, pending , low ,3.7,2026-03-09,chat,security,6.5,7.75,2
T01023-1,customer1023@demo-ml.example, open , medium ,4.6,2026-03-09,email,billing,42.0,5.5,1
T01023-2, CUSTOMER1023@DEMO-ML.EXAMPLE , pending , critical ,3.3,2026-03-10,chat,success,48.5,6.75,2
T01024-1,customer1024@demo-ml.example, pending , high ,,2026-03-11,chat,security,42.5,5.75,2
T01026-1,customer1026@demo-ml.example,, low ,4.3,2026-03-15,web,success,43.5,6.25,1
T01026-2, CUSTOMER1026@DEMO-ML.EXAMPLE , open , high ,3.0,2026-03-16,email,platform,50.0,7.5,2
T01027-1,customer1027@demo-ml.example, open , medium ,2.6,2026-03-17,email,billing,44.0,6.5,2
T01027-1,customer1027@demo-ml.example, open , medium ,2.6,2026-03-17,email,billing,44.0,6.5,2
T01028-1,customer1028@demo-ml.example, pending , high ,3.3,2026-03-19,chat,security,44.5,6.75,0
T01029-1,customer1029@demo-ml.example, resolved , critical ,4.0,2026-03-21,phone,platform,45.0,7.0,1
T01029-2, CUSTOMER1029@DEMO-ML.EXAMPLE , closed , medium ,2.7,2026-03-22,web,security,51.5,8.25,2
T01029-3,customer1029@demo-ml.example, open , critical ,3.8,2026-03-23,email,billing,10.0,0.5,0
T01031-1,customer1031@demo-ml.example, open , medium ,3.0,2026-03-25,email,billing,46.0,7.5,0
T01032-1,customer1032@demo-ml.example, pending , high ,,2026-03-27,chat,security,46.5,7.75,1
T01032-2, CUSTOMER1032@DEMO-ML.EXAMPLE , resolved , low ,4.8,2026-03-28,phone,billing,5.0,9.0,2
T01033-1,customer1033@demo-ml.example, resolved , critical ,4.4,2026-03-29,phone,platform,47.0,8.0,2
T01034-1,customer1034@demo-ml.example, closed , low ,2.7,2026-03-31,web,success,47.5,8.25,0
T01036-1,customer1036@demo-ml.example, pending , high ,4.1,2026-01-04,chat,security,48.5,8.75,2
T01036-3,customer1036@demo-ml.example, closed , high ,3.9,2026-01-06,web,success,13.5,2.25,1
T01037-1,customer1037@demo-ml.example, resolved ,,4.8,2026-01-06,phone,platform,49.0,9.0,0
T01038-1,customer1038@demo-ml.example, closed , low ,3.1,2026-01-08,web,success,49.5,9.25,1
T01038-2, CUSTOMER1038@DEMO-ML.EXAMPLE , open , high ,4.2,2026-01-09,email,platform,8.0,1.5,2
T01039-1,customer1039@demo-ml.example, open , medium ,3.8,2026-01-10,email,billing,50.0,0.5,2
T01041-1,customer1041@demo-ml.example, resolved , critical ,2.8,2026-01-14,phone,platform,51.0,1.0,1
T01041-2, CUSTOMER1041@DEMO-ML.EXAMPLE , closed , medium ,3.9,2026-01-15,web,security,9.5,2.25,2
T01042-1,customer1042@demo-ml.example, closed , low ,3.5,2026-01-16,web,success,51.5,1.25,2
T01043-1,customer1043@demo-ml.example, open , medium ,4.2,2026-01-18,email,billing,4.0,1.5,0
T01043-3,customer1043@demo-ml.example, resolved , medium ,4.0,2026-01-20,phone,platform,17.0,4.0,2
T01044-1,customer1044@demo-ml.example, pending , high ,4.9,2026-01-20,chat,security,4.5,1.75,1
T01044-2, CUSTOMER1044@DEMO-ML.EXAMPLE , resolved , low ,3.6,2026-01-21,phone,billing,11.0,3.0,2
T01046-1,customer1046@demo-ml.example, closed , low ,3.9,2026-01-24,web,success,5.5,2.25,0
T01047-1,customer1047@demo-ml.example, open , medium ,4.6,2026-01-26,email,billing,6.0,2.5,1
T01047-2, CUSTOMER1047@DEMO-ML.EXAMPLE , pending , critical ,3.3,2026-01-27,chat,success,12.5,3.75,2
T01048-1,customer1048@demo-ml.example, pending , high ,,2026-01-28,chat,security,6.5,2.75,2
T01049-1,customer1049@demo-ml.example, resolved , critical ,3.6,2026-01-30,phone,platform,7.0,3.0,0
T01051-1,customer1051@demo-ml.example, open , medium ,2.6,2026-02-03,email,billing,8.0,3.5,2
T01052-1,customer1052@demo-ml.example, pending , high ,3.3,2026-02-05,chat,security,8.5,3.75,0
T01053-1,customer1053@demo-ml.example, resolved , critical ,4.0,2026-02-07,phone,platform,9.0,4.0,1
T01053-1,customer1053@demo-ml.example, resolved , critical ,4.0,2026-02-07,phone,platform,9.0,4.0,1
T01053-2, CUSTOMER1053@DEMO-ML.EXAMPLE , closed , medium ,2.7,2026-02-08,web,security,15.5,5.25,2
T01054-1,customer1054@demo-ml.example, closed ,,4.7,2026-02-09,web,success,9.5,4.25,2
T01056-1,customer1056@demo-ml.example, pending , high ,,2026-02-13,chat,security,10.5,4.75,1
T01056-2, CUSTOMER1056@DEMO-ML.EXAMPLE , resolved , low ,4.8,2026-02-14,phone,billing,17.0,6.0,2
T01057-1,customer1057@demo-ml.example, resolved , critical ,4.4,2026-02-15,phone,platform,11.0,5.0,2
T01057-3,customer1057@demo-ml.example, open , critical ,4.2,2026-02-17,email,billing,24.0,7.5,1
T01058-1,customer1058@demo-ml.example, closed , low ,2.7,2026-02-17,web,success,11.5,5.25,0
T01059-1,customer1059@demo-ml.example, open , medium ,3.4,2026-02-19,email,billing,12.0,5.5,1
T01059-2, CUSTOMER1059@DEMO-ML.EXAMPLE , pending , critical ,4.5,2026-02-20,chat,success,18.5,6.75,2
T01061-1,customer1061@demo-ml.example, resolved , critical ,4.8,2026-02-23,phone,platform,13.0,6.0,0
T01062-1,customer1062@demo-ml.example, closed , low ,3.1,2026-02-25,web,success,13.5,6.25,1
T01062-2, CUSTOMER1062@DEMO-ML.EXAMPLE , open , high ,4.2,2026-02-26,email,platform,20.0,7.5,2
T01063-1,customer1063@demo-ml.example, open , medium ,3.8,2026-02-27,email,billing,14.0,6.5,2
T01064-1,customer1064@demo-ml.example,, high ,,2026-03-01,chat,security,14.5,6.75,0
T01064-3,customer1064@demo-ml.example, closed , high ,4.3,2026-03-03,web,success,27.5,9.25,2
T01066-1,customer1066@demo-ml.example, closed , low ,3.5,2026-03-05,web,success,15.5,7.25,2
T01066-1,customer1066@demo-ml.example, closed , low ,3.5,2026-03-05,web,success,15.5,7.25,2
T01067-1,customer1067@demo-ml.example, open , medium ,4.2,2026-03-07,email,billing,16.0,7.5,0
T01068-1,customer1068@demo-ml.example, pending , high ,4.9,2026-03-09,chat,security,16.5,7.75,1
T01068-2, CUSTOMER1068@DEMO-ML.EXAMPLE , resolved , low ,3.6,2026-03-10,phone,billing,23.0,9.0,2
T01069-1,customer1069@demo-ml.example, resolved , critical ,3.2,2026-03-11,phone,platform,17.0,8.0,2
T01071-1,customer1071@demo-ml.example, open ,,4.6,2026-03-15,email,billing,18.0,8.5,1
T01071-2, CUSTOMER1071@DEMO-ML.EXAMPLE , pending , critical ,3.3,2026-03-16,chat,success,24.5,0.75,2
T01071-3,customer1071@demo-ml.example, resolved , medium ,4.4,2026-03-17,phone,platform,31.0,2.0,0
T01072-1,customer1072@demo-ml.example, pending , high ,,2026-03-17,chat,security,18.5,8.75,2
T01073-1,customer1073@demo-ml.example, resolved , critical ,3.6,2026-03-19,phone,platform,19.0,9.0,0
T01074-1,customer1074@demo-ml.example, closed , low ,4.3,2026-03-21,web,success,19.5,9.25,1
T01074-2, CUSTOMER1074@DEMO-ML.EXAMPLE , open , high ,3.0,2026-03-22,email,platform,26.0,1.5,2
T01076-1,customer1076@demo-ml.example, pending , high ,3.3,2026-03-25,chat,security,20.5,0.75,0
T01077-1,customer1077@demo-ml.example, resolved , critical ,4.0,2026-03-27,phone,platform,21.0,1.0,1
T01077-2, CUSTOMER1077@DEMO-ML.EXAMPLE , closed , medium ,2.7,2026-03-28,web,security,27.5,2.25,2
T01078-1,customer1078@demo-ml.example, closed , low ,4.7,2026-03-29,web,success,21.5,1.25,2
T01078-3,customer1078@demo-ml.example, pending , low ,4.5,2026-03-31,chat,security,34.5,3.75,1
T01079-1,customer1079@demo-ml.example, open , medium ,3.0,2026-03-31,email,billing,22.0,1.5,0
T01079-1,customer1079@demo-ml.example, open , medium ,3.0,2026-03-31,email,billing,22.0,1.5,0
T01081-1,customer1081@demo-ml.example, resolved , critical ,4.4,2026-01-04,phone,platform,23.0,2.0,2
T01082-1,customer1082@demo-ml.example, closed , low ,2.7,2026-01-06,web,success,23.5,2.25,0
T01083-1,customer1083@demo-ml.example,, medium ,3.4,2026-01-08,email,billing,24.0,2.5,1
T01083-2, CUSTOMER1083@DEMO-ML.EXAMPLE , pending , critical ,4.5,2026-01-09,chat,success,30.5,3.75,2
T01084-1,customer1084@demo-ml.example, pending , high ,4.1,2026-01-10,chat,security,24.5,2.75,2
T01086-1,customer1086@demo-ml.example, closed , low ,3.1,2026-01-14,web,success,25.5,3.25,1
T01086-2, CUSTOMER1086@DEMO-ML.EXAMPLE , open , high ,4.2,2026-01-15,email,platform,32.0,4.5,2
T01087-1,customer1087@demo-ml.example, open , medium ,3.8,2026-01-16,email,billing,26.0,3.5,2
T01088-1,customer1088@demo-ml.example, pending ,,,2026-01-18,chat,security,26.5,3.75,0
T01089-1,customer1089@demo-ml.example, resolved , critical ,2.8,2026-01-20,phone,platform,27.0,4.0,1
T01089-2, CUSTOMER1089@DEMO-ML.EXAMPLE , closed , medium ,3.9,2026-01-21,web,security,33.5,5.25,2
T01091-1,customer1091@demo-ml.example, open , medium ,4.2,2026-01-24,email,billing,28.0,4.5,0
T01092-1,customer1092@demo-ml.example, pending , high ,4.9,2026-01-26,chat,security,28.5,4.75,1
T01092-1,customer1092@demo-ml.example, pending , high ,4.9,2026-01-26,chat,security,28.5,4.75,1
T01092-2, CUSTOMER1092@DEMO-ML.EXAMPLE , resolved , low ,3.6,2026-01-27,phone,billing,35.0,6.0,2
T01092-3,customer1092@demo-ml.example, closed , high ,4.7,2026-01-28,web,success,41.5,7.25,0
T01093-1,customer1093@demo-ml.example, resolved , critical ,3.2,2026-01-28,phone,platform,29.0,5.0,2
T01094-1,customer1094@demo-ml.example, closed , low ,3.9,2026-01-30,web,success,29.5,5.25,0
T01096-1,customer1096@demo-ml.example, pending , high ,,2026-02-03,chat,security,30.5,5.75,2
T01097-1,customer1097@demo-ml.example, resolved , critical ,3.6,2026-02-05,phone,platform,31.0,6.0,0
T01098-1,customer1098@demo-ml.example, closed , low ,4.3,2026-02-07,web,success,31.5,6.25,1
T01098-2, CUSTOMER1098@DEMO-ML.EXAMPLE , open , high ,3.0,2026-02-08,email,platform,38.0,7.5,2
T01099-1,customer1099@demo-ml.example, open , medium ,2.6,2026-02-09,email,billing,32.0,6.5,2
T01099-3,customer1099@demo-ml.example, resolved , medium ,4.8,2026-02-11,phone,platform,45.0,9.0,1
T01101-1,customer1101@demo-ml.example, resolved , critical ,4.0,2026-02-13,phone,platform,33.0,7.0,1
T01101-2, CUSTOMER1101@DEMO-ML.EXAMPLE , closed , medium ,2.7,2026-02-14,web,security,39.5,8.25,2
T01102-1,customer1102@demo-ml.example,, low ,4.7,2026-02-15,web,success,33.5,7.25,2
T01103-1,customer1103@demo-ml.example, open , medium ,3.0,2026-02-17,email,billing,34.0,7.5,0
T01104-1,customer1104@demo-ml.example, pending , high ,,2026-02-19,chat,security,34.5,7.75,1
T01104-2, CUSTOMER1104@DEMO-ML.EXAMPLE , resolved , low ,4.8,2026-02-20,phone,billing,41.0,9.0,2
T01106-1,customer1106@demo-ml.example, closed , low ,2.7,2026-02-23,web,success,35.5,8.25,0
T01106-3,customer1106@demo-ml.example, pending , low ,4.9,2026-02-25,chat,security,48.5,1.75,2
T01107-1,customer1107@demo-ml.example, open , medium ,3.4,2026-02-25,email,billing,36.0,8.5,1
T01107-2, CUSTOMER1107@DEMO-ML.EXAMPLE , pending , critical ,4.5,2026-02-26,chat,success,42.5,0.75,2
T01108-1,customer1108@demo-ml.example, pending , high ,4.1,2026-02-27,chat,security,36.5,8.75,2
T01109-1,customer1109@demo-ml.example, resolved , critical ,4.8,2026-03-01,phone,platform,37.0,9.0,0
T01111-1,customer1111@demo-ml.example, open , medium ,3.8,2026-03-05,email,billing,38.0,0.5,2
T01112-1,customer1112@demo-ml.example, pending , high ,,2026-03-07,chat,security,38.5,0.75,0
T01113-1,customer1113@demo-ml.example, resolved , critical ,2.8,2026-03-09,phone,platform,39.0,1.0,1
T01113-2, CUSTOMER1113@DEMO-ML.EXAMPLE , closed , medium ,3.9,2026-03-10,web,security,45.5,2.25,2
T01113-3,customer1113@demo-ml.example, open , critical ,2.6,2026-03-11,email,billing,4.0,3.5,0
T01114-1,customer1114@demo-ml.example, closed , low ,3.5,2026-03-11,web,success,39.5,1.25,2
T01116-1,customer1116@demo-ml.example, pending , high ,4.9,2026-03-15,chat,security,40.5,1.75,1
T01116-2, CUSTOMER1116@DEMO-ML.EXAMPLE , resolved , low ,3.6,2026-03-16,phone,billing,47.0,3.0,2
T01117-1,customer1117@demo-ml.example, resolved , critical ,3.2,2026-03-17,phone,platform,41.0,2.0,2
T01118-1,customer1118@demo-ml.example, closed , low ,3.9,2026-03-19,web,success,41.5,2.25,0
T01118-1,customer1118@demo-ml.example, closed , low ,3.9,2026-03-19,web,success,41.5,2.25,0
T01119-1,customer1119@demo-ml.example, open , medium ,4.6,2026-03-21,email,billing,42.0,2.5,1
T01119-2, CUSTOMER1119@DEMO-ML.EXAMPLE , pending , critical ,3.3,2026-03-22,chat,success,48.5,3.75,2
T01121-1,customer1121@demo-ml.example,, critical ,3.6,2026-03-25,phone,platform,43.0,3.0,0
T01122-1,customer1122@demo-ml.example, closed ,,4.3,2026-03-27,web,success,43.5,3.25,1
T01122-2, CUSTOMER1122@DEMO-ML.EXAMPLE , open , high ,3.0,2026-03-28,email,platform,50.0,4.5,2
T01123-1,customer1123@demo-ml.example, open , medium ,2.6,2026-03-29,email,billing,44.0,3.5,2
T01124-1,customer1124@demo-ml.example, pending , high ,3.3,2026-03-31,chat,security,44.5,3.75,0
T01126-1,customer1126@demo-ml.example, closed , low ,4.7,2026-01-04,web,success,45.5,4.25,2
T01127-1,customer1127@demo-ml.example, open , medium ,3.0,2026-01-06,email,billing,46.0,4.5,0
T01127-3,customer1127@demo-ml.example, resolved , medium ,2.8,2026-01-08,phone,platform,11.0,7.0,2
T01128-1,customer1128@demo-ml.example, pending , high ,,2026-01-08,chat,security,46.5,4.75,1
T01128-2, CUSTOMER1128@DEMO-ML.EXAMPLE , resolved , low ,4.8,2026-01-09,phone,billing,5.0,6.0,2
T01129-1,customer1129@demo-ml.example, resolved , critical ,4.4,2026-01-10,phone,platform,47.0,5.0,2
T01131-1,customer1131@demo-ml.example, open , medium ,3.4,2026-01-14,email,billing,48.0,5.5,1
T01131-1,customer1131@demo-ml.example, open , medium ,3.4,2026-01-14,email,billing,48.0,5.5,1
T01131-2, CUSTOMER1131@DEMO-ML.EXAMPLE , pending , critical ,4.5,2026-01-15,chat,success,6.5,6.75,2
T01132-1,customer1132@demo-ml.example, pending , high ,4.1,2026-01-16,chat,security,48.5,5.75,2
T01133-1,customer1133@demo-ml.example, resolved , critical ,4.8,2026-01-18,phone,platform,49.0,6.0,0
T01134-1,customer1134@demo-ml.example, closed , low ,3.1,2026-01-20,web,success,49.5,6.25,1
T01134-2, CUSTOMER1134@DEMO-ML.EXAMPLE , open , high ,4.2,2026-01-21,email,platform,8.0,7.5,2
T01134-3,customer1134@demo-ml.example, pending , low ,2.9,2026-01-22,chat,security,14.5,8.75,0
T01136-1,customer1136@demo-ml.example, pending , high ,,2026-01-24,chat,security,50.5,6.75,0
T01137-1,customer1137@demo-ml.example, resolved , critical ,2.8,2026-01-26,phone,platform,51.0,7.0,1
T01137-2, CUSTOMER1137@DEMO-ML.EXAMPLE , closed , medium ,3.9,2026-01-27,web,security,9.5,8.25,2
T01138-1,customer1138@demo-ml.example, closed , low ,3.5,2026-01-28,web,success,51.5,7.25,2
T01139-1,customer1139@demo-ml.example, open ,,4.2,2026-01-30,email,billing,4.0,7.5,0
T01141-1,customer1141@demo-ml.example, resolved , critical ,3.2,2026-02-03,phone,platform,5.0,8.0,2
T01141-3,customer1141@demo-ml.example, open , critical ,3.0,2026-02-05,email,billing,18.0,1.5,1
T01142-1,customer1142@demo-ml.example, closed , low ,3.9,2026-02-05,web,success,5.5,8.25,0
T01143-1,customer1143@demo-ml.example, open , medium ,4.6,2026-02-07,email,billing,6.0,8.5,1
T01143-2, CUSTOMER1143@DEMO-ML.EXAMPLE , pending , critical ,3.3,2026-02-08,chat,success,12.5,0.75,2
T01144-1,customer1144@demo-ml.example, pending , high ,,2026-02-09,chat,security,6.5,8.75,2
T01144-1,customer1144@demo-ml.example, pending , high ,,2026-02-09,chat,security,6.5,8.75,2
T01146-1,customer1146@demo-ml.example, closed , low ,4.3,2026-02-13,web,success,7.5,9.25,1
T01146-2, CUSTOMER1146@DEMO-ML.EXAMPLE , open , high ,3.0,2026-02-14,email,platform,14.0,1.5,2
T01147-1,customer1147@demo-ml.example, open , medium ,2.6,2026-02-15,email,billing,8.0,0.5,2
T01148-1,customer1148@demo-ml.example, pending , high ,3.3,2026-02-17,chat,security,8.5,0.75,0
T01148-3,customer1148@demo-ml.example, closed , high ,3.1,2026-02-19,web,success,21.5,3.25,2
T01149-1,customer1149@demo-ml.example, resolved , critical ,4.0,2026-02-19,phone,platform,9.0,1.0,1
T01149-2, CUSTOMER1149@DEMO-ML.EXAMPLE , closed , medium ,2.7,2026-02-20,web,security,15.5,2.25,2
T01151-1,customer1151@demo-ml.example, open , medium ,3.0,2026-02-23,email,billing,10.0,1.5,0
T01152-1,customer1152@demo-ml.example, pending , high ,,2026-02-25,chat,security,10.5,1.75,1
T01152-2, CUSTOMER1152@DEMO-ML.EXAMPLE , resolved , low ,4.8,2026-02-26,phone,billing,17.0,3.0,2
T01153-1,customer1153@demo-ml.example, resolved , critical ,4.4,2026-02-27,phone,platform,11.0,2.0,2
T01154-1,customer1154@demo-ml.example, closed , low ,2.7,2026-03-01,web,success,11.5,2.25,0
T01156-1,customer1156@demo-ml.example, pending ,,4.1,2026-03-05,chat,security,12.5,2.75,2
T01157-1,customer1157@demo-ml.example, resolved , critical ,4.8,2026-03-07,phone,platform,13.0,3.0,0
T01157-1,customer1157@demo-ml.example, resolved , critical ,4.8,2026-03-07,phone,platform,13.0,3.0,0
T01158-1,customer1158@demo-ml.example, closed , low ,3.1,2026-03-09,web,success,13.5,3.25,1
T01158-2, CUSTOMER1158@DEMO-ML.EXAMPLE , open , high ,4.2,2026-03-10,email,platform,20.0,4.5,2
T01159-1,customer1159@demo-ml.example,, medium ,3.8,2026-03-11,email,billing,14.0,3.5,2
T01161-1,customer1161@demo-ml.example, resolved , critical ,2.8,2026-03-15,phone,platform,15.0,4.0,1
T01161-2, CUSTOMER1161@DEMO-ML.EXAMPLE , closed , medium ,3.9,2026-03-16,web,security,21.5,5.25,2
T01162-1,customer1162@demo-ml.example, closed , low ,3.5,2026-03-17,web,success,15.5,4.25,2
T01162-3,customer1162@demo-ml.example, pending , low ,3.3,2026-03-19,chat,security,28.5,6.75,1
T01163-1,customer1163@demo-ml.example, open , medium ,4.2,2026-03-19,email,billing,16.0,4.5,0
T01164-1,customer1164@demo-ml.example, pending , high ,4.9,2026-03-21,chat,security,16.5,4.75,1
T01164-2, CUSTOMER1164@DEMO-ML.EXAMPLE , resolved , low ,3.6,2026-03-22,phone,billing,23.0,6.0,2
T01166-1,customer1166@demo-ml.example, closed , low ,3.9,2026-03-25,web,success,17.5,5.25,0
T01167-1,customer1167@demo-ml.example, open , medium ,4.6,2026-03-27,email,billing,18.0,5.5,1
T01167-2, CUSTOMER1167@DEMO-ML.EXAMPLE , pending , critical ,3.3,2026-03-28,chat,success,24.5,6.75,2
T01168-1,customer1168@demo-ml.example, pending , high ,,2026-03-29,chat,security,18.5,5.75,2
T01169-1,customer1169@demo-ml.example, resolved , critical ,3.6,2026-03-31,phone,platform,19.0,6.0,0
T01169-3,customer1169@demo-ml.example, open , critical ,3.4,2026-01-02,email,billing,32.0,8.5,2
T01171-1,customer1171@demo-ml.example, open , medium ,2.6,2026-01-04,email,billing,20.0,6.5,2
T01172-1,customer1172@demo-ml.example, pending , high ,3.3,2026-01-06,chat,security,20.5,6.75,0
T01173-1,customer1173@demo-ml.example, resolved ,,4.0,2026-01-08,phone,platform,21.0,7.0,1
T01173-2, CUSTOMER1173@DEMO-ML.EXAMPLE , closed , medium ,2.7,2026-01-09,web,security,27.5,8.25,2
T01174-1,customer1174@demo-ml.example, closed , low ,4.7,2026-01-10,web,success,21.5,7.25,2
T01176-1,customer1176@demo-ml.example, pending , high ,,2026-01-14,chat,security,22.5,7.75,1
T01176-2, CUSTOMER1176@DEMO-ML.EXAMPLE , resolved , low ,4.8,2026-01-15,phone,billing,29.0,9.0,2
T01176-3,customer1176@demo-ml.example, closed , high ,3.5,2026-01-16,web,success,35.5,1.25,0
T01177-1,customer1177@demo-ml.example, resolved , critical ,4.4,2026-01-16,phone,platform,23.0,8.0,2
T01178-1,customer1178@demo-ml.example,, low ,2.7,2026-01-18,web,success,23.5,8.25,0
T01179-1,customer1179@demo-ml.example, open , medium ,3.4,2026-01-20,email,billing,24.0,8.5,1
T01179-2, CUSTOMER1179@DEMO-ML.EXAMPLE , pending , critical ,4.5,2026-01-21,chat,success,30.5,0.75,2
T01181-1,customer1181@demo-ml.example, resolved , critical ,4.8,2026-01-24,phone,platform,25.0,9.0,0
T01182-1,customer1182@demo-ml.example, closed , low ,3.1,2026-01-26,web,success,25.5,9.25,1
T01182-2, CUSTOMER1182@DEMO-ML.EXAMPLE , open , high ,4.2,2026-01-27,email,platform,32.0,1.5,2
T01183-1,customer1183@demo-ml.example, open , medium ,3.8,2026-01-28,email,billing,26.0,0.5,2
T01183-1,customer1183@demo-ml.example, open , medium ,3.8,2026-01-28,email,billing,26.0,0.5,2
T01183-3,customer1183@demo-ml.example, resolved , medium ,3.6,2026-01-30,phone,platform,39.0,3.0,1
T01184-1,customer1184@demo-ml.example, pending , high ,,2026-01-30,chat,security,26.5,0.75,0
T01186-1,customer1186@demo-ml.example, closed , low ,3.5,2026-02-03,web,success,27.5,1.25,2
T01187-1,customer1187@demo-ml.example, open , medium ,4.2,2026-02-05,email,billing,28.0,1.5,0
T01188-1,customer1188@demo-ml.example, pending , high ,4.9,2026-02-07,chat,security,28.5,1.75,1
T01188-2, CUSTOMER1188@DEMO-ML.EXAMPLE , resolved , low ,3.6,2026-02-08,phone,billing,35.0,3.0,2
T01189-1,customer1189@demo-ml.example, resolved , critical ,3.2,2026-02-09,phone,platform,29.0,2.0,2
T01191-1,customer1191@demo-ml.example, open , medium ,4.6,2026-02-13,email,billing,30.0,2.5,1
T01191-2, CUSTOMER1191@DEMO-ML.EXAMPLE , pending , critical ,3.3,2026-02-14,chat,success,36.5,3.75,2
T01192-1,customer1192@demo-ml.example, pending , high ,,2026-02-15,chat,security,30.5,2.75,2
T01193-1,customer1193@demo-ml.example, resolved , critical ,3.6,2026-02-17,phone,platform,31.0,3.0,0
T01194-1,customer1194@demo-ml.example, closed , low ,4.3,2026-02-19,web,success,31.5,3.25,1
T01194-2, CUSTOMER1194@DEMO-ML.EXAMPLE , open , high ,3.0,2026-02-20,email,platform,38.0,4.5,2
T01196-1,customer1196@demo-ml.example, pending , high ,3.3,2026-02-23,chat,security,32.5,3.75,0
T01196-1,customer1196@demo-ml.example, pending , high ,3.3,2026-02-23,chat,security,32.5,3.75,0
T01197-1,customer1197@demo-ml.example,, critical ,4.0,2026-02-25,phone,platform,33.0,4.0,1
T01197-2, CUSTOMER1197@DEMO-ML.EXAMPLE , closed , medium ,2.7,2026-02-26,web,security,39.5,5.25,2
T01197-3,customer1197@demo-ml.example, open , critical ,3.8,2026-02-27,email,billing,46.0,6.5,0
T01198-1,customer1198@demo-ml.example, closed , low ,4.7,2026-02-27,web,success,33.5,4.25,2
T01199-1,customer1199@demo-ml.example, open , medium ,3.0,2026-03-01,email,billing,34.0,4.5,0
T01201-1,customer1201@demo-ml.example, resolved , critical ,4.4,2026-03-05,phone,platform,35.0,5.0,2
T01202-1,customer1202@demo-ml.example, closed , low ,2.7,2026-03-07,web,success,35.5,5.25,0
T01203-1,customer1203@demo-ml.example, open , medium ,3.4,2026-03-09,email,billing,36.0,5.5,1
T01203-2, CUSTOMER1203@DEMO-ML.EXAMPLE , pending , critical ,4.5,2026-03-10,chat,success,42.5,6.75,2
T01204-1,customer1204@demo-ml.example, pending , high ,4.1,2026-03-11,chat,security,36.5,5.75,2
T01204-3,customer1204@demo-ml.example, closed , high ,3.9,2026-03-13,web,success,49.5,8.25,1
T01206-1,customer1206@demo-ml.example, closed , low ,3.1,2026-03-15,web,success,37.5,6.25,1
T01206-2, CUSTOMER1206@DEMO-ML.EXAMPLE , open , high ,4.2,2026-03-16,email,platform,44.0,7.5,2
T01207-1,customer1207@demo-ml.example, open ,,3.8,2026-03-17,email,billing,38.0,6.5,2
T01208-1,customer1208@demo-ml.example, pending , high ,,2026-03-19,chat,security,38.5,6.75,0
T01209-1,customer1209@demo-ml.example, resolved , critical ,2.8,2026-03-21,phone,platform,39.0,7.0,1
T01209-1,customer1209@demo-ml.example, resolved , critical ,2.8,2026-03-21,phone,platform,39.0,7.0,1
T01209-2, CUSTOMER1209@DEMO-ML.EXAMPLE , closed , medium ,3.9,2026-03-22,web,security,45.5,8.25,2
T01211-1,customer1211@demo-ml.example, open , medium ,4.2,2026-03-25,email,billing,40.0,7.5,0
T01211-3,customer1211@demo-ml.example, resolved , medium ,4.0,2026-03-27,phone,platform,5.0,1.0,2
T01212-1,customer1212@demo-ml.example, pending , high ,4.9,2026-03-27,chat,security,40.5,7.75,1
T01212-2, CUSTOMER1212@DEMO-ML.EXAMPLE , resolved , low ,3.6,2026-03-28,phone,billing,47.0,9.0,2
T01213-1,customer1213@demo-ml.example, resolved , critical ,3.2,2026-03-29,phone,platform,41.0,8.0,2
T01214-1,customer1214@demo-ml.example, closed , low ,3.9,2026-03-31,web,success,41.5,8.25,0
T01216-1,customer1216@demo-ml.example,, high ,,2026-01-04,chat,security,42.5,8.75,2
T01217-1,customer1217@demo-ml.example, resolved , critical ,3.6,2026-01-06,phone,platform,43.0,9.0,0
T01218-1,customer1218@demo-ml.example, closed , low ,4.3,2026-01-08,web,success,43.5,9.25,1
T01218-2, CUSTOMER1218@DEMO-ML.EXAMPLE , open , high ,3.0,2026-01-09,email,platform,50.0,1.5,2
T01218-3,customer1218@demo-ml.example, pending , low ,4.1,2026-01-10,chat,security,8.5,2.75,0
T01219-1,customer1219@demo-ml.example, open , medium ,2.6,2026-01-10,email,billing,44.0,0.5,2
T01221-1,customer1221@demo-ml.example, resolved , critical ,4.0,2026-01-14,phone,platform,45.0,1.0,1
T01221-2, CUSTOMER1221@DEMO-ML.EXAMPLE , closed , medium ,2.7,2026-01-15,web,security,51.5,2.25,2
T01222-1,customer1222@demo-ml.example, closed , low ,4.7,2026-01-16,web,success,45.5,1.25,2
T01222-1,customer1222@demo-ml.example, closed , low ,4.7,2026-01-16,web,success,45.5,1.25,2
T01223-1,customer1223@demo-ml.example, open , medium ,3.0,2026-01-18,email,billing,46.0,1.5,0
T01224-1,customer1224@demo-ml.example, pending ,,,2026-01-20,chat,security,46.5,1.75,1
T01224-2, CUSTOMER1224@DEMO-ML.EXAMPLE , resolved , low ,4.8,2026-01-21,phone,billing,5.0,3.0,2
T01226-1,customer1226@demo-ml.example, closed , low ,2.7,2026-01-24,web,success,47.5,2.25,0
T01227-1,customer1227@demo-ml.example, open , medium ,3.4,2026-01-26,email,billing,48.0,2.5,1
T01227-2, CUSTOMER1227@DEMO-ML.EXAMPLE , pending , critical ,4.5,2026-01-27,chat,success,6.5,3.75,2
T01228-1,customer1228@demo-ml.example, pending , high ,4.1,2026-01-28,chat,security,48.5,2.75,2
T01229-1,customer1229@demo-ml.example, resolved , critical ,4.8,2026-01-30,phone,platform,49.0,3.0,0
T01231-1,customer1231@demo-ml.example, open , medium ,3.8,2026-02-03,email,billing,50.0,3.5,2
T01232-1,customer1232@demo-ml.example, pending , high ,,2026-02-05,chat,security,50.5,3.75,0
T01232-3,customer1232@demo-ml.example, closed , high ,4.3,2026-02-07,web,success,15.5,6.25,2
T01233-1,customer1233@demo-ml.example, resolved , critical ,2.8,2026-02-07,phone,platform,51.0,4.0,1
T01233-2, CUSTOMER1233@DEMO-ML.EXAMPLE , closed , medium ,3.9,2026-02-08,web,security,9.5,5.25,2
T01234-1,customer1234@demo-ml.example, closed , low ,3.5,2026-02-09,web,success,51.5,4.25,2
T01236-1,customer1236@demo-ml.example, pending , high ,4.9,2026-02-13,chat,security,4.5,4.75,1
T01236-2, CUSTOMER1236@DEMO-ML.EXAMPLE , resolved , low ,3.6,2026-02-14,phone,billing,11.0,6.0,2
T01237-1,customer1237@demo-ml.example, resolved , critical ,3.2,2026-02-15,phone,platform,5.0,5.0,2
T01238-1,customer1238@demo-ml.example, closed , low ,3.9,2026-02-17,web,success,5.5,5.25,0
T01239-1,customer1239@demo-ml.example, open , medium ,4.6,2026-02-19,email,billing,6.0,5.5,1
T01239-2, CUSTOMER1239@DEMO-ML.EXAMPLE , pending , critical ,3.3,2026-02-20,chat,success,12.5,6.75,2
T01239-3,customer1239@demo-ml.example, resolved , medium ,4.4,2026-02-21,phone,platform,19.0,8.0,0
T01241-1,customer1241@demo-ml.example, resolved ,,3.6,2026-02-23,phone,platform,7.0,6.0,0
T01242-1,customer1242@demo-ml.example, closed , low ,4.3,2026-02-25,web,success,7.5,6.25,1
T01242-2, CUSTOMER1242@DEMO-ML.EXAMPLE , open , high ,3.0,2026-02-26,email,platform,14.0,7.5,2
T01243-1,customer1243@demo-ml.example, open , medium ,2.6,2026-02-27,email,billing,8.0,6.5,2
T01244-1,customer1244@demo-ml.example, pending , high ,3.3,2026-03-01,chat,security,8.5,6.75,0
T01246-1,customer1246@demo-ml.example, closed , low ,4.7,2026-03-05,web,success,9.5,7.25,2
T01246-3,customer1246@demo-ml.example, pending , low ,4.5,2026-03-07,chat,security,22.5,0.75,1
T01247-1,customer1247@demo-ml.example, open , medium ,3.0,2026-03-07,email,billing,10.0,7.5,0
T01248-1,customer1248@demo-ml.example, pending , high ,,2026-03-09,chat,security,10.5,7.75,1
T01248-1,customer1248@demo-ml.example, pending , high ,,2026-03-09,chat,security,10.5,7.75,1
T01248-2, CUSTOMER1248@DEMO-ML.EXAMPLE , resolved , low ,4.8,2026-03-10,phone,billing,17.0,9.0,2
T01249-1,customer1249@demo-ml.example, resolved , critical ,4.4,2026-03-11,phone,platform,11.0,8.0,2
T01251-1,customer1251@demo-ml.example, open , medium ,3.4,2026-03-15,email,billing,12.0,8.5,1
T01251-2, CUSTOMER1251@DEMO-ML.EXAMPLE , pending , critical ,4.5,2026-03-16,chat,success,18.5,0.75,2
T01252-1,customer1252@demo-ml.example, pending , high ,4.1,2026-03-17,chat,security,12.5,8.75,2
T01253-1,customer1253@demo-ml.example, resolved , critical ,4.8,2026-03-19,phone,platform,13.0,9.0,0
T01253-3,customer1253@demo-ml.example, open , critical ,4.6,2026-03-21,email,billing,26.0,2.5,2
T01254-1,customer1254@demo-ml.example,, low ,3.1,2026-03-21,web,success,13.5,9.25,1
T01254-2, CUSTOMER1254@DEMO-ML.EXAMPLE , open , high ,4.2,2026-03-22,email,platform,20.0,1.5,2
T01256-1,customer1256@demo-ml.example, pending , high ,,2026-03-25,chat,security,14.5,0.75,0
T01257-1,customer1257@demo-ml.example, resolved , critical ,2.8,2026-03-27,phone,platform,15.0,1.0,1
T01257-2, CUSTOMER1257@DEMO-ML.EXAMPLE , closed , medium ,3.9,2026-03-28,web,security,21.5,2.25,2
T01258-1,customer1258@demo-ml.example, closed ,,3.5,2026-03-29,web,success,15.5,1.25,2
T01259-1,customer1259@demo-ml.example, open , medium ,4.2,2026-03-31,email,billing,16.0,1.5,0
T01261-1,customer1261@demo-ml.example, resolved , critical ,3.2,2026-01-04,phone,platform,17.0,2.0,2
T01261-1,customer1261@demo-ml.example, resolved , critical ,3.2,2026-01-04,phone,platform,17.0,2.0,2
T01262-1,customer1262@demo-ml.example, closed , low ,3.9,2026-01-06,web,success,17.5,2.25,0
T01263-1,customer1263@demo-ml.example, open , medium ,4.6,2026-01-08,email,billing,18.0,2.5,1
T01263-2, CUSTOMER1263@DEMO-ML.EXAMPLE , pending , critical ,3.3,2026-01-09,chat,success,24.5,3.75,2
T01264-1,customer1264@demo-ml.example, pending , high ,,2026-01-10,chat,security,18.5,2.75,2
T01266-1,customer1266@demo-ml.example, closed , low ,4.3,2026-01-14,web,success,19.5,3.25,1
T01266-2, CUSTOMER1266@DEMO-ML.EXAMPLE , open , high ,3.0,2026-01-15,email,platform,26.0,4.5,2
T01267-1,customer1267@demo-ml.example, open , medium ,2.6,2026-01-16,email,billing,20.0,3.5,2
T01267-3,customer1267@demo-ml.example, resolved , medium ,4.8,2026-01-18,phone,platform,33.0,6.0,1
T01268-1,customer1268@demo-ml.example, pending , high ,3.3,2026-01-18,chat,security,20.5,3.75,0
T01269-1,customer1269@demo-ml.example, resolved , critical ,4.0,2026-01-20,phone,platform,21.0,4.0,1
T01269-2, CUSTOMER1269@DEMO-ML.EXAMPLE , closed , medium ,2.7,2026-01-21,web,security,27.5,5.25,2
T01271-1,customer1271@demo-ml.example, open , medium ,3.0,2026-01-24,email,billing,22.0,4.5,0
T01272-1,customer1272@demo-ml.example, pending , high ,,2026-01-26,chat,security,22.5,4.75,1
T01272-2, CUSTOMER1272@DEMO-ML.EXAMPLE , resolved , low ,4.8,2026-01-27,phone,billing,29.0,6.0,2
T01273-1,customer1273@demo-ml.example,, critical ,4.4,2026-01-28,phone,platform,23.0,5.0,2
T01274-1,customer1274@demo-ml.example, closed , low ,2.7,2026-01-30,web,success,23.5,5.25,0
T01274-1,customer1274@demo-ml.example, closed , low ,2.7,2026-01-30,web,success,23.5,5.25,0
T01274-3,customer1274@demo-ml.example, pending , low ,4.9,2026-02-01,chat,security,36.5,7.75,2
T01276-1,customer1276@demo-ml.example, pending , high ,4.1,2026-02-03,chat,security,24.5,5.75,2
T01277-1,customer1277@demo-ml.example, resolved , critical ,4.8,2026-02-05,phone,platform,25.0,6.0,0
T01278-1,customer1278@demo-ml.example, closed , low ,3.1,2026-02-07,web,success,25.5,6.25,1
T01278-2, CUSTOMER1278@DEMO-ML.EXAMPLE , open , high ,4.2,2026-02-08,email,platform,32.0,7.5,2
T01279-1,customer1279@demo-ml.example, open , medium ,3.8,2026-02-09,email,billing,26.0,6.5,2
T01281-1,customer1281@demo-ml.example, resolved , critical ,2.8,2026-02-13,phone,platform,27.0,7.0,1
T01281-2, CUSTOMER1281@DEMO-ML.EXAMPLE , closed , medium ,3.9,2026-02-14,web,security,33.5,8.25,2
T01281-3,customer1281@demo-ml.example, open , critical ,2.6,2026-02-15,email,billing,40.0,0.5,0
T01282-1,customer1282@demo-ml.example, closed , low ,3.5,2026-02-15,web,success,27.5,7.25,2
T01283-1,customer1283@demo-ml.example, open , medium ,4.2,2026-02-17,email,billing,28.0,7.5,0
T01284-1,customer1284@demo-ml.example, pending , high ,4.9,2026-02-19,chat,security,28.5,7.75,1
T01284-2, CUSTOMER1284@DEMO-ML.EXAMPLE , resolved , low ,3.6,2026-02-20,phone,billing,35.0,9.0,2
T01286-1,customer1286@demo-ml.example, closed , low ,3.9,2026-02-23,web,success,29.5,8.25,0
T01287-1,customer1287@demo-ml.example, open , medium ,4.6,2026-02-25,email,billing,30.0,8.5,1
T01287-1,customer1287@demo-ml.example, open , medium ,4.6,2026-02-25,email,billing,30.0,8.5,1
T01287-2, CUSTOMER1287@DEMO-ML.EXAMPLE , pending , critical ,3.3,2026-02-26,chat,success,36.5,0.75,2
T01288-1,customer1288@demo-ml.example, pending , high ,,2026-02-27,chat,security,30.5,8.75,2
T01288-3,customer1288@demo-ml.example, closed , high ,2.7,2026-03-01,web,success,43.5,2.25,1
T01289-1,customer1289@demo-ml.example, resolved , critical ,3.6,2026-03-01,phone,platform,31.0,9.0,0
T01291-1,customer1291@demo-ml.example, open , medium ,2.6,2026-03-05,email,billing,32.0,0.5,2
T01292-1,customer1292@demo-ml.example,,,3.3,2026-03-07,chat,security,32.5,0.75,0
T01293-1,customer1293@demo-ml.example, resolved , critical ,4.0,2026-03-09,phone,platform,33.0,1.0,1
T01293-2, CUSTOMER1293@DEMO-ML.EXAMPLE , closed , medium ,2.7,2026-03-10,web,security,39.5,2.25,2
T01294-1,customer1294@demo-ml.example, closed , low ,4.7,2026-03-11,web,success,33.5,1.25,2
T01296-1,customer1296@demo-ml.example, pending , high ,,2026-03-15,chat,security,34.5,1.75,1
T01296-2, CUSTOMER1296@DEMO-ML.EXAMPLE , resolved , low ,4.8,2026-03-16,phone,billing,41.0,3.0,2
T01297-1,customer1297@demo-ml.example, resolved , critical ,4.4,2026-03-17,phone,platform,35.0,2.0,2
T01298-1,customer1298@demo-ml.example, closed , low ,2.7,2026-03-19,web,success,35.5,2.25,0
T01299-1,customer1299@demo-ml.example, open , medium ,3.4,2026-03-21,email,billing,36.0,2.5,1
T01299-2, CUSTOMER1299@DEMO-ML.EXAMPLE , pending , critical ,4.5,2026-03-22,chat,success,42.5,3.75,2
T01301-1,customer1301@demo-ml.example, resolved , critical ,4.8,2026-03-25,phone,platform,37.0,3.0,0
T01302-1,customer1302@demo-ml.example, closed , low ,3.1,2026-03-27,web,success,37.5,3.25,1
T01302-2, CUSTOMER1302@DEMO-ML.EXAMPLE , open , high ,4.2,2026-03-28,email,platform,44.0,4.5,2
T01302-3,customer1302@demo-ml.example, pending , low ,2.9,2026-03-29,chat,security,50.5,5.75,0
T01303-1,customer1303@demo-ml.example, open , medium ,3.8,2026-03-29,email,billing,38.0,3.5,2
T01304-1,customer1304@demo-ml.example, pending , high ,,2026-03-31,chat,security,38.5,3.75,0
T01306-1,customer1306@demo-ml.example, closed , low ,3.5,2026-01-04,web,success,39.5,4.25,2
T01307-1,customer1307@demo-ml.example, open , medium ,4.2,2026-01-06,email,billing,40.0,4.5,0
T01308-1,customer1308@demo-ml.example, pending , high ,4.9,2026-01-08,chat,security,40.5,4.75,1
T01308-2, CUSTOMER1308@DEMO-ML.EXAMPLE , resolved , low ,3.6,2026-01-09,phone,billing,47.0,6.0,2
T01309-1,customer1309@demo-ml.example, resolved ,,3.2,2026-01-10,phone,platform,41.0,5.0,2
T01309-3,customer1309@demo-ml.example, open , critical ,3.0,2026-01-12,email,billing,6.0,7.5,1
T01311-1,customer1311@demo-ml.example,, medium ,4.6,2026-01-14,email,billing,42.0,5.5,1
T01311-2, CUSTOMER1311@DEMO-ML.EXAMPLE , pending , critical ,3.3,2026-01-15,chat,success,48.5,6.75,2
T01312-1,customer1312@demo-ml.example, pending , high ,,2026-01-16,chat,security,42.5,5.75,2
T01313-1,customer1313@demo-ml.example, resolved , critical ,3.6,2026-01-18,phone,platform,43.0,6.0,0
T01313-1,customer1313@demo-ml.example, resolved , critical ,3.6,2026-01-18,phone,platform,43.0,6.0,0
T01314-1,customer1314@demo-ml.example, closed , low ,4.3,2026-01-20,web,success,43.5,6.25,1
T01314-2, CUSTOMER1314@DEMO-ML.EXAMPLE , open , high ,3.0,2026-01-21,email,platform,50.0,7.5,2
T01316-1,customer1316@demo-ml.example, pending , high ,3.3,2026-01-24,chat,security,44.5,6.75,0
T01316-3,customer1316@demo-ml.example, closed , high ,3.1,2026-01-26,web,success,9.5,9.25,2
T01317-1,customer1317@demo-ml.example, resolved , critical ,4.0,2026-01-26,phone,platform,45.0,7.0,1
T01317-2, CUSTOMER1317@DEMO-ML.EXAMPLE , closed , medium ,2.7,2026-01-27,web,security,51.5,8.25,2
T01318-1,customer1318@demo-ml.example, closed , low ,4.7,2026-01-28,web,success,45.5,7.25,2
T01319-1,customer1319@demo-ml.example, open , medium ,3.0,2026-01-30,email,billing,46.0,7.5,0
T01321-1,customer1321@demo-ml.example, resolved , critical ,4.4,2026-02-03,phone,platform,47.0,8.0,2
T01322-1,customer1322@demo-ml.example, closed , low ,2.7,2026-02-05,web,success,47.5,8.25,0
T01323-1,customer1323@demo-ml.example, open , medium ,3.4,2026-02-07,email,billing,48.0,8.5,1
T01323-2, CUSTOMER1323@DEMO-ML.EXAMPLE , pending , critical ,4.5,2026-02-08,chat,success,6.5,0.75,2
T01323-3,customer1323@demo-ml.example, resolved , medium ,3.2,2026-02-09,phone,platform,13.0,2.0,0
T01324-1,customer1324@demo-ml.example, pending , high ,4.1,2026-02-09,chat,security,48.5,8.75,2
T01326-1,customer1326@demo-ml.example, closed ,,3.1,2026-02-13,web,success,49.5,9.25,1
T01326-1,customer1326@demo-ml.example, closed ,,3.1,2026-02-13,web,success,49.5,9.25,1
T01326-2, CUSTOMER1326@DEMO-ML.EXAMPLE , open , high ,4.2,2026-02-14,email,platform,8.0,1.5,2
T01327-1,customer1327@demo-ml.example, open , medium ,3.8,2026-02-15,email,billing,50.0,0.5,2
T01328-1,customer1328@demo-ml.example, pending , high ,,2026-02-17,chat,security,50.5,0.75,0
T01329-1,customer1329@demo-ml.example, resolved , critical ,2.8,2026-02-19,phone,platform,51.0,1.0,1
T01329-2, CUSTOMER1329@DEMO-ML.EXAMPLE , closed , medium ,3.9,2026-02-20,web,security,9.5,2.25,2
T01331-1,customer1331@demo-ml.example, open , medium ,4.2,2026-02-23,email,billing,4.0,1.5,0
T01332-1,customer1332@demo-ml.example, pending , high ,4.9,2026-02-25,chat,security,4.5,1.75,1
T01332-2, CUSTOMER1332@DEMO-ML.EXAMPLE , resolved , low ,3.6,2026-02-26,phone,billing,11.0,3.0,2
T01333-1,customer1333@demo-ml.example, resolved , critical ,3.2,2026-02-27,phone,platform,5.0,2.0,2
T01334-1,customer1334@demo-ml.example, closed , low ,3.9,2026-03-01,web,success,5.5,2.25,0
T01336-1,customer1336@demo-ml.example, pending , high ,,2026-03-05,chat,security,6.5,2.75,2
T01337-1,customer1337@demo-ml.example, resolved , critical ,3.6,2026-03-07,phone,platform,7.0,3.0,0
T01337-3,customer1337@demo-ml.example, open , critical ,3.4,2026-03-09,email,billing,20.0,5.5,2
T01338-1,customer1338@demo-ml.example, closed , low ,4.3,2026-03-09,web,success,7.5,3.25,1
T01338-2, CUSTOMER1338@DEMO-ML.EXAMPLE , open , high ,3.0,2026-03-10,email,platform,14.0,4.5,2
T01339-1,customer1339@demo-ml.example, open , medium ,2.6,2026-03-11,email,billing,8.0,3.5,2
T01339-1,customer1339@demo-ml.example, open , medium ,2.6,2026-03-11,email,billing,8.0,3.5,2
T01341-1,customer1341@demo-ml.example, resolved , critical ,4.0,2026-03-15,phone,platform,9.0,4.0,1
T01341-2, CUSTOMER1341@DEMO-ML.EXAMPLE , closed , medium ,2.7,2026-03-16,web,security,15.5,5.25,2
T01342-1,customer1342@demo-ml.example, closed , low ,4.7,2026-03-17,web,success,9.5,4.25,2
T01343-1,customer1343@demo-ml.example, open ,,3.0,2026-03-19,email,billing,10.0,4.5,0
T01344-1,customer1344@demo-ml.example, pending , high ,,2026-03-21,chat,security,10.5,4.75,1
T01344-2, CUSTOMER1344@DEMO-ML.EXAMPLE , resolved , low ,4.8,2026-03-22,phone,billing,17.0,6.0,2
T01344-3,customer1344@demo-ml.example, closed , high ,3.5,2026-03-23,web,success,23.5,7.25,0
T01346-1,customer1346@demo-ml.example, closed , low ,2.7,2026-03-25,web,success,11.5,5.25,0
T01347-1,customer1347@demo-ml.example, open , medium ,3.4,2026-03-27,email,billing,12.0,5.5,1
T01347-2, CUSTOMER1347@DEMO-ML.EXAMPLE , pending , critical ,4.5,2026-03-28,chat,success,18.5,6.75,2
T01348-1,customer1348@demo-ml.example, pending , high ,4.1,2026-03-29,chat,security,12.5,5.75,2
T01349-1,customer1349@demo-ml.example,, critical ,4.8,2026-03-31,phone,platform,13.0,6.0,0
T01351-1,customer1351@demo-ml.example, open , medium ,3.8,2026-01-04,email,billing,14.0,6.5,2
T01351-3,customer1351@demo-ml.example, resolved , medium ,3.6,2026-01-06,phone,platform,27.0,9.0,1
T01352-1,customer1352@demo-ml.example, pending , high ,,2026-01-06,chat,security,14.5,6.75,0
T01352-1,customer1352@demo-ml.example, pending , high ,,2026-01-06,chat,security,14.5,6.75,0
T01353-1,customer1353@demo-ml.example, resolved , critical ,2.8,2026-01-08,phone,platform,15.0,7.0,1
T01353-2, CUSTOMER1353@DEMO-ML.EXAMPLE , closed , medium ,3.9,2026-01-09,web,security,21.5,8.25,2
T01354-1,customer1354@demo-ml.example, closed , low ,3.5,2026-01-10,web,success,15.5,7.25,2
T01356-1,customer1356@demo-ml.example, pending , high ,4.9,2026-01-14,chat,security,16.5,7.75,1
T01356-2, CUSTOMER1356@DEMO-ML.EXAMPLE , resolved , low ,3.6,2026-01-15,phone,billing,23.0,9.0,2
T01357-1,customer1357@demo-ml.example, resolved , critical ,3.2,2026-01-16,phone,platform,17.0,8.0,2
T01358-1,customer1358@demo-ml.example, closed , low ,3.9,2026-01-18,web,success,17.5,8.25,0
T01358-3,customer1358@demo-ml.example, pending , low ,3.7,2026-01-20,chat,security,30.5,1.75,2
T01359-1,customer1359@demo-ml.example, open , medium ,4.6,2026-01-20,email,billing,18.0,8.5,1
T01359-2, CUSTOMER1359@DEMO-ML.EXAMPLE , pending , critical ,3.3,2026-01-21,chat,success,24.5,0.75,2
T01361-1,customer1361@demo-ml.example, resolved , critical ,3.6,2026-01-24,phone,platform,19.0,9.0,0
T01362-1,customer1362@demo-ml.example, closed , low ,4.3,2026-01-26,web,success,19.5,9.25,1
T01362-2, CUSTOMER1362@DEMO-ML.EXAMPLE , open , high ,3.0,2026-01-27,email,platform,26.0,1.5,2
T01363-1,customer1363@demo-ml.example, open , medium ,2.6,2026-01-28,email,billing,20.0,0.5,2
T01364-1,customer1364@demo-ml.example, pending , high ,3.3,2026-01-30,chat,security,20.5,0.75,0
T01366-1,customer1366@demo-ml.example, closed , low ,4.7,2026-02-03,web,success,21.5,1.25,2
T01367-1,customer1367@demo-ml.example, open , medium ,3.0,2026-02-05,email,billing,22.0,1.5,0
T01368-1,customer1368@demo-ml.example,, high ,,2026-02-07,chat,security,22.5,1.75,1
T01368-2, CUSTOMER1368@DEMO-ML.EXAMPLE , resolved , low ,4.8,2026-02-08,phone,billing,29.0,3.0,2
T01369-1,customer1369@demo-ml.example, resolved , critical ,4.4,2026-02-09,phone,platform,23.0,2.0,2
T01371-1,customer1371@demo-ml.example, open , medium ,3.4,2026-02-13,email,billing,24.0,2.5,1
T01371-2, CUSTOMER1371@DEMO-ML.EXAMPLE , pending , critical ,4.5,2026-02-14,chat,success,30.5,3.75,2
T01372-1,customer1372@demo-ml.example, pending , high ,4.1,2026-02-15,chat,security,24.5,2.75,2
T01372-3,customer1372@demo-ml.example, closed , high ,3.9,2026-02-17,web,success,37.5,5.25,1
T01373-1,customer1373@demo-ml.example, resolved , critical ,4.8,2026-02-17,phone,platform,25.0,3.0,0
T01374-1,customer1374@demo-ml.example, closed , low ,3.1,2026-02-19,web,success,25.5,3.25,1
T01374-2, CUSTOMER1374@DEMO-ML.EXAMPLE , open , high ,4.2,2026-02-20,email,platform,32.0,4.5,2
T01376-1,customer1376@demo-ml.example, pending , high ,,2026-02-23,chat,security,26.5,3.75,0
T01377-1,customer1377@demo-ml.example, resolved ,,2.8,2026-02-25,phone,platform,27.0,4.0,1
T01377-2, CUSTOMER1377@DEMO-ML.EXAMPLE , closed , medium ,3.9,2026-02-26,web,security,33.5,5.25,2
T01378-1,customer1378@demo-ml.example, closed , low ,3.5,2026-02-27,web,success,27.5,4.25,2
T01378-1,customer1378@demo-ml.example, closed , low ,3.5,2026-02-27,web,success,27.5,4.25,2
T01379-1,customer1379@demo-ml.example, open , medium ,4.2,2026-03-01,email,billing,28.0,4.5,0
T01379-3,customer1379@demo-ml.example, resolved , medium ,4.0,2026-03-03,phone,platform,41.0,7.0,2
T01381-1,customer1381@demo-ml.example, resolved , critical ,3.2,2026-03-05,phone,platform,29.0,5.0,2
T01382-1,customer1382@demo-ml.example, closed , low ,3.9,2026-03-07,web,success,29.5,5.25,0
T01383-1,customer1383@demo-ml.example, open , medium ,4.6,2026-03-09,email,billing,30.0,5.5,1
T01383-2, CUSTOMER1383@DEMO-ML.EXAMPLE , pending , critical ,3.3,2026-03-10,chat,success,36.5,6.75,2
T01384-1,customer1384@demo-ml.example, pending , high ,,2026-03-11,chat,security,30.5,5.75,2
T01386-1,customer1386@demo-ml.example, closed , low ,4.3,2026-03-15,web,success,31.5,6.25,1
T01386-2, CUSTOMER1386@DEMO-ML.EXAMPLE , open , high ,3.0,2026-03-16,email,platform,38.0,7.5,2
T01386-3,customer1386@demo-ml.example, pending , low ,4.1,2026-03-17,chat,security,44.5,8.75,0
T01387-1,customer1387@demo-ml.example,, medium ,2.6,2026-03-17,email,billing,32.0,6.5,2
T01388-1,customer1388@demo-ml.example, pending , high ,3.3,2026-03-19,chat,security,32.5,6.75,0
T01389-1,customer1389@demo-ml.example, resolved , critical ,4.0,2026-03-21,phone,platform,33.0,7.0,1
T01389-2, CUSTOMER1389@DEMO-ML.EXAMPLE , closed , medium ,2.7,2026-03-22,web,security,39.5,8.25,2
T01391-1,customer1391@demo-ml.example, open , medium ,3.0,2026-03-25,email,billing,34.0,7.5,0
T01391-1,customer1391@demo-ml.example, open , medium ,3.0,2026-03-25,email,billing,34.0,7.5,0
T01392-1,customer1392@demo-ml.example, pending , high ,,2026-03-27,chat,security,34.5,7.75,1
T01392-2, CUSTOMER1392@DEMO-ML.EXAMPLE , resolved , low ,4.8,2026-03-28,phone,billing,41.0,9.0,2
T01393-1,customer1393@demo-ml.example, resolved , critical ,4.4,2026-03-29,phone,platform,35.0,8.0,2
T01393-3,customer1393@demo-ml.example, open , critical ,4.2,2026-03-31,email,billing,48.0,1.5,1
T01394-1,customer1394@demo-ml.example, closed ,,2.7,2026-03-31,web,success,35.5,8.25,0
T01396-1,customer1396@demo-ml.example, pending , high ,4.1,2026-01-04,chat,security,36.5,8.75,2
T01397-1,customer1397@demo-ml.example, resolved , critical ,4.8,2026-01-06,phone,platform,37.0,9.0,0
T01398-1,customer1398@demo-ml.example, closed , low ,3.1,2026-01-08,web,success,37.5,9.25,1
T01398-2, CUSTOMER1398@DEMO-ML.EXAMPLE , open , high ,4.2,2026-01-09,email,platform,44.0,1.5,2
T01399-1,customer1399@demo-ml.example, open , medium ,3.8,2026-01-10,email,billing,38.0,0.5,2
T01401-1,customer1401@demo-ml.example, resolved , critical ,2.8,2026-01-14,phone,platform,39.0,1.0,1
T01401-2, CUSTOMER1401@DEMO-ML.EXAMPLE , closed , medium ,3.9,2026-01-15,web,security,45.5,2.25,2
T01402-1,customer1402@demo-ml.example, closed , low ,3.5,2026-01-16,web,success,39.5,1.25,2
T01403-1,customer1403@demo-ml.example, open , medium ,4.2,2026-01-18,email,billing,40.0,1.5,0
T01404-1,customer1404@demo-ml.example, pending , high ,4.9,2026-01-20,chat,security,40.5,1.75,1
T01404-1,customer1404@demo-ml.example, pending , high ,4.9,2026-01-20,chat,security,40.5,1.75,1
T01404-2, CUSTOMER1404@DEMO-ML.EXAMPLE , resolved , low ,3.6,2026-01-21,phone,billing,47.0,3.0,2
T01406-1,customer1406@demo-ml.example,, low ,3.9,2026-01-24,web,success,41.5,2.25,0
T01407-1,customer1407@demo-ml.example, open , medium ,4.6,2026-01-26,email,billing,42.0,2.5,1
T01407-2, CUSTOMER1407@DEMO-ML.EXAMPLE , pending , critical ,3.3,2026-01-27,chat,success,48.5,3.75,2
T01407-3,customer1407@demo-ml.example, resolved , medium ,4.4,2026-01-28,phone,platform,7.0,5.0,0
T01408-1,customer1408@demo-ml.example, pending , high ,,2026-01-28,chat,security,42.5,2.75,2
T01409-1,customer1409@demo-ml.example, resolved , critical ,3.6,2026-01-30,phone,platform,43.0,3.0,0
T01411-1,customer1411@demo-ml.example, open ,,2.6,2026-02-03,email,billing,44.0,3.5,2
T01412-1,customer1412@demo-ml.example, pending , high ,3.3,2026-02-05,chat,security,44.5,3.75,0
T01413-1,customer1413@demo-ml.example, resolved , critical ,4.0,2026-02-07,phone,platform,45.0,4.0,1
T01413-2, CUSTOMER1413@DEMO-ML.EXAMPLE , closed , medium ,2.7,2026-02-08,web,security,51.5,5.25,2
T01414-1,customer1414@demo-ml.example, closed , low ,4.7,2026-02-09,web,success,45.5,4.25,2
T01414-3,customer1414@demo-ml.example, pending , low ,4.5,2026-02-11,chat,security,10.5,6.75,1
T01416-1,customer1416@demo-ml.example, pending , high ,,2026-02-13,chat,security,46.5,4.75,1
T01416-2, CUSTOMER1416@DEMO-ML.EXAMPLE , resolved , low ,4.8,2026-02-14,phone,billing,5.0,6.0,2
T01417-1,customer1417@demo-ml.example, resolved , critical ,4.4,2026-02-15,phone,platform,47.0,5.0,2
T01417-1,customer1417@demo-ml.example, resolved , critical ,4.4,2026-02-15,phone,platform,47.0,5.0,2
T01418-1,customer1418@demo-ml.example, closed , low ,2.7,2026-02-17,web,success,47.5,5.25,0
T01419-1,customer1419@demo-ml.example, open , medium ,3.4,2026-02-19,email,billing,48.0,5.5,1
T01419-2, CUSTOMER1419@DEMO-ML.EXAMPLE , pending , critical ,4.5,2026-02-20,chat,success,6.5,6.75,2
T01421-1,customer1421@demo-ml.example, resolved , critical ,4.8,2026-02-23,phone,platform,49.0,6.0,0
T01421-3,customer1421@demo-ml.example, open , critical ,4.6,2026-02-25,email,billing,14.0,8.5,2
T01422-1,customer1422@demo-ml.example, closed , low ,3.1,2026-02-25,web,success,49.5,6.25,1
T01422-2, CUSTOMER1422@DEMO-ML.EXAMPLE , open , high ,4.2,2026-02-26,email,platform,8.0,7.5,2
T01423-1,customer1423@demo-ml.example, open , medium ,3.8,2026-02-27,email,billing,50.0,6.5,2
T01424-1,customer1424@demo-ml.example, pending , high ,,2026-03-01,chat,security,50.5,6.75,0
T01426-1,customer1426@demo-ml.example, closed , low ,3.5,2026-03-05,web,success,51.5,7.25,2
T01427-1,customer1427@demo-ml.example, open , medium ,4.2,2026-03-07,email,billing,4.0,7.5,0
T01428-1,customer1428@demo-ml.example, pending ,,4.9,2026-03-09,chat,security,4.5,7.75,1
T01428-2, CUSTOMER1428@DEMO-ML.EXAMPLE , resolved , low ,3.6,2026-03-10,phone,billing,11.0,9.0,2
T01428-3,customer1428@demo-ml.example, closed , high ,4.7,2026-03-11,web,success,17.5,1.25,0
T01429-1,customer1429@demo-ml.example, resolved , critical ,3.2,2026-03-11,phone,platform,5.0,8.0,2
T01431-1,customer1431@demo-ml.example, open , medium ,4.6,2026-03-15,email,billing,6.0,8.5,1
T01431-2, CUSTOMER1431@DEMO-ML.EXAMPLE , pending , critical ,3.3,2026-03-16,chat,success,12.5,0.75,2
T01432-1,customer1432@demo-ml.example, pending , high ,,2026-03-17,chat,security,6.5,8.75,2
T01433-1,customer1433@demo-ml.example, resolved , critical ,3.6,2026-03-19,phone,platform,7.0,9.0,0
T01434-1,customer1434@demo-ml.example, closed , low ,4.3,2026-03-21,web,success,7.5,9.25,1
T01434-2, CUSTOMER1434@DEMO-ML.EXAMPLE , open , high ,3.0,2026-03-22,email,platform,14.0,1.5,2
T01436-1,customer1436@demo-ml.example, pending , high ,3.3,2026-03-25,chat,security,8.5,0.75,0
T01437-1,customer1437@demo-ml.example, resolved , critical ,4.0,2026-03-27,phone,platform,9.0,1.0,1
T01437-2, CUSTOMER1437@DEMO-ML.EXAMPLE , closed , medium ,2.7,2026-03-28,web,security,15.5,2.25,2
T01438-1,customer1438@demo-ml.example, closed , low ,4.7,2026-03-29,web,success,9.5,1.25,2
T01439-1,customer1439@demo-ml.example, open , medium ,3.0,2026-03-31,email,billing,10.0,1.5,0
T01441-1,customer1441@demo-ml.example, resolved , critical ,4.4,2026-01-04,phone,platform,11.0,2.0,2
T01442-1,customer1442@demo-ml.example, closed , low ,2.7,2026-01-06,web,success,11.5,2.25,0
T01442-3,customer1442@demo-ml.example, pending , low ,4.9,2026-01-08,chat,security,24.5,4.75,2
T01443-1,customer1443@demo-ml.example, open , medium ,3.4,2026-01-08,email,billing,12.0,2.5,1
T01443-1,customer1443@demo-ml.example, open , medium ,3.4,2026-01-08,email,billing,12.0,2.5,1
T01443-2, CUSTOMER1443@DEMO-ML.EXAMPLE , pending , critical ,4.5,2026-01-09,chat,success,18.5,3.75,2
T01444-1,customer1444@demo-ml.example,, high ,4.1,2026-01-10,chat,security,12.5,2.75,2
T01446-1,customer1446@demo-ml.example, closed , low ,3.1,2026-01-14,web,success,13.5,3.25,1
T01446-2, CUSTOMER1446@DEMO-ML.EXAMPLE , open , high ,4.2,2026-01-15,email,platform,20.0,4.5,2
T01447-1,customer1447@demo-ml.example, open , medium ,3.8,2026-01-16,email,billing,14.0,3.5,2
T01448-1,customer1448@demo-ml.example, pending , high ,,2026-01-18,chat,security,14.5,3.75,0
T01449-1,customer1449@demo-ml.example, resolved , critical ,2.8,2026-01-20,phone,platform,15.0,4.0,1
T01449-2, CUSTOMER1449@DEMO-ML.EXAMPLE , closed , medium ,3.9,2026-01-21,web,security,21.5,5.25,2
T01449-3,customer1449@demo-ml.example, open , critical ,2.6,2026-01-22,email,billing,28.0,6.5,0
T01451-1,customer1451@demo-ml.example, open , medium ,4.2,2026-01-24,email,billing,16.0,4.5,0
T01452-1,customer1452@demo-ml.example, pending , high ,4.9,2026-01-26,chat,security,16.5,4.75,1
T01452-2, CUSTOMER1452@DEMO-ML.EXAMPLE , resolved , low ,3.6,2026-01-27,phone,billing,23.0,6.0,2
T01453-1,customer1453@demo-ml.example, resolved , critical ,3.2,2026-01-28,phone,platform,17.0,5.0,2
T01454-1,customer1454@demo-ml.example, closed , low ,3.9,2026-01-30,web,success,17.5,5.25,0
T01456-1,customer1456@demo-ml.example, pending , high ,,2026-02-03,chat,security,18.5,5.75,2
T01456-1,customer1456@demo-ml.example, pending , high ,,2026-02-03,chat,security,18.5,5.75,2
T01456-3,customer1456@demo-ml.example, closed , high ,2.7,2026-02-05,web,success,31.5,8.25,1
T01457-1,customer1457@demo-ml.example, resolved , critical ,3.6,2026-02-05,phone,platform,19.0,6.0,0
T01458-1,customer1458@demo-ml.example, closed , low ,4.3,2026-02-07,web,success,19.5,6.25,1
T01458-2, CUSTOMER1458@DEMO-ML.EXAMPLE , open , high ,3.0,2026-02-08,email,platform,26.0,7.5,2
T01459-1,customer1459@demo-ml.example, open , medium ,2.6,2026-02-09,email,billing,20.0,6.5,2
T01461-1,customer1461@demo-ml.example, resolved , critical ,4.0,2026-02-13,phone,platform,21.0,7.0,1
T01461-2, CUSTOMER1461@DEMO-ML.EXAMPLE , closed , medium ,2.7,2026-02-14,web,security,27.5,8.25,2
T01462-1,customer1462@demo-ml.example, closed ,,4.7,2026-02-15,web,success,21.5,7.25,2
T01463-1,customer1463@demo-ml.example,, medium ,3.0,2026-02-17,email,billing,22.0,7.5,0
T01463-3,customer1463@demo-ml.example, resolved , medium ,2.8,2026-02-19,phone,platform,35.0,1.0,2
T01464-1,customer1464@demo-ml.example, pending , high ,,2026-02-19,chat,security,22.5,7.75,1
T01464-2, CUSTOMER1464@DEMO-ML.EXAMPLE , resolved , low ,4.8,2026-02-20,phone,billing,29.0,9.0,2
T01466-1,customer1466@demo-ml.example, closed , low ,2.7,2026-02-23,web,success,23.5,8.25,0
T01467-1,customer1467@demo-ml.example, open , medium ,3.4,2026-02-25,email,billing,24.0,8.5,1
T01467-2, CUSTOMER1467@DEMO-ML.EXAMPLE , pending , critical ,4.5,2026-02-26,chat,success,30.5,0.75,2
T01468-1,customer1468@demo-ml.example, pending , high ,4.1,2026-02-27,chat,security,24.5,8.75,2
T01469-1,customer1469@demo-ml.example, resolved , critical ,4.8,2026-03-01,phone,platform,25.0,9.0,0
T01469-1,customer1469@demo-ml.example, resolved , critical ,4.8,2026-03-01,phone,platform,25.0,9.0,0
T01471-1,customer1471@demo-ml.example, open , medium ,3.8,2026-03-05,email,billing,26.0,0.5,2
T01472-1,customer1472@demo-ml.example, pending , high ,,2026-03-07,chat,security,26.5,0.75,0
T01473-1,customer1473@demo-ml.example, resolved , critical ,2.8,2026-03-09,phone,platform,27.0,1.0,1
T01473-2, CUSTOMER1473@DEMO-ML.EXAMPLE , closed , medium ,3.9,2026-03-10,web,security,33.5,2.25,2
T01474-1,customer1474@demo-ml.example, closed , low ,3.5,2026-03-11,web,success,27.5,1.25,2
T01476-1,customer1476@demo-ml.example, pending , high ,4.9,2026-03-15,chat,security,28.5,1.75,1
T01476-2, CUSTOMER1476@DEMO-ML.EXAMPLE , resolved , low ,3.6,2026-03-16,phone,billing,35.0,3.0,2
T01477-1,customer1477@demo-ml.example, resolved , critical ,3.2,2026-03-17,phone,platform,29.0,2.0,2
T01477-3,customer1477@demo-ml.example, open , critical ,3.0,2026-03-19,email,billing,42.0,4.5,1
T01478-1,customer1478@demo-ml.example, closed , low ,3.9,2026-03-19,web,success,29.5,2.25,0
T01479-1,customer1479@demo-ml.example, open ,,4.6,2026-03-21,email,billing,30.0,2.5,1
T01479-2, CUSTOMER1479@DEMO-ML.EXAMPLE , pending , critical ,3.3,2026-03-22,chat,success,36.5,3.75,2
T01481-1,customer1481@demo-ml.example, resolved , critical ,3.6,2026-03-25,phone,platform,31.0,3.0,0
T01482-1,customer1482@demo-ml.example,, low ,4.3,2026-03-27,web,success,31.5,3.25,1
T01482-1,customer1482@demo-ml.example,, low ,4.3,2026-03-27,web,success,31.5,3.25,1
T01482-2, CUSTOMER1482@DEMO-ML.EXAMPLE , open , high ,3.0,2026-03-28,email,platform,38.0,4.5,2
T01483-1,customer1483@demo-ml.example, open , medium ,2.6,2026-03-29,email,billing,32.0,3.5,2
T01484-1,customer1484@demo-ml.example, pending , high ,3.3,2026-03-31,chat,security,32.5,3.75,0
T01484-3,customer1484@demo-ml.example, closed , high ,3.1,2026-01-02,web,success,45.5,6.25,2
T01486-1,customer1486@demo-ml.example, closed , low ,4.7,2026-01-04,web,success,33.5,4.25,2
T01487-1,customer1487@demo-ml.example, open , medium ,3.0,2026-01-06,email,billing,34.0,4.5,0
T01488-1,customer1488@demo-ml.example, pending , high ,,2026-01-08,chat,security,34.5,4.75,1
T01488-2, CUSTOMER1488@DEMO-ML.EXAMPLE , resolved , low ,4.8,2026-01-09,phone,billing,41.0,6.0,2
T01489-1,customer1489@demo-ml.example, resolved , critical ,4.4,2026-01-10,phone,platform,35.0,5.0,2
T01491-1,customer1491@demo-ml.example, open , medium ,3.4,2026-01-14,email,billing,36.0,5.5,1
T01491-2, CUSTOMER1491@DEMO-ML.EXAMPLE , pending , critical ,4.5,2026-01-15,chat,success,42.5,6.75,2
T01491-3,customer1491@demo-ml.example, resolved , medium ,3.2,2026-01-16,phone,platform,49.0,8.0,0
T01492-1,customer1492@demo-ml.example, pending , high ,4.1,2026-01-16,chat,security,36.5,5.75,2
T01493-1,customer1493@demo-ml.example, resolved , critical ,4.8,2026-01-18,phone,platform,37.0,6.0,0
T01494-1,customer1494@demo-ml.example, closed , low ,3.1,2026-01-20,web,success,37.5,6.25,1
T01494-2, CUSTOMER1494@DEMO-ML.EXAMPLE , open , high ,4.2,2026-01-21,email,platform,44.0,7.5,2
T01496-1,customer1496@demo-ml.example, pending ,,,2026-01-24,chat,security,38.5,6.75,0
T01497-1,customer1497@demo-ml.example, resolved , critical ,2.8,2026-01-26,phone,platform,39.0,7.0,1
T01497-2, CUSTOMER1497@DEMO-ML.EXAMPLE , closed , medium ,3.9,2026-01-27,web,security,45.5,8.25,2
T01498-1,customer1498@demo-ml.example, closed , low ,3.5,2026-01-28,web,success,39.5,7.25,2
T01498-3,customer1498@demo-ml.example, pending , low ,3.3,2026-01-30,chat,security,4.5,0.75,1
T01499-1,customer1499@demo-ml.example, open , medium ,4.2,2026-01-30,email,billing,40.0,7.5,0
T01501-1,customer1501@demo-ml.example,, critical ,3.2,2026-02-03,phone,platform,41.0,8.0,2
T01502-1,customer1502@demo-ml.example, closed , low ,3.9,2026-02-05,web,success,41.5,8.25,0
T01503-1,customer1503@demo-ml.example, open , medium ,4.6,2026-02-07,email,billing,42.0,8.5,1
T01503-2, CUSTOMER1503@DEMO-ML.EXAMPLE , pending , critical ,3.3,2026-02-08,chat,success,48.5,0.75,2
T01504-1,customer1504@demo-ml.example, pending , high ,,2026-02-09,chat,security,42.5,8.75,2
T01506-1,customer1506@demo-ml.example, closed , low ,4.3,2026-02-13,web,success,43.5,9.25,1
T01506-2, CUSTOMER1506@DEMO-ML.EXAMPLE , open , high ,3.0,2026-02-14,email,platform,50.0,1.5,2
T01507-1,customer1507@demo-ml.example, open , medium ,2.6,2026-02-15,email,billing,44.0,0.5,2
T01508-1,customer1508@demo-ml.example, pending , high ,3.3,2026-02-17,chat,security,44.5,0.75,0
T01508-1,customer1508@demo-ml.example, pending , high ,3.3,2026-02-17,chat,security,44.5,0.75,0
T01509-1,customer1509@demo-ml.example, resolved , critical ,4.0,2026-02-19,phone,platform,45.0,1.0,1
T01509-2, CUSTOMER1509@DEMO-ML.EXAMPLE , closed , medium ,2.7,2026-02-20,web,security,51.5,2.25,2
T01511-1,customer1511@demo-ml.example, open , medium ,3.0,2026-02-23,email,billing,46.0,1.5,0
T01512-1,customer1512@demo-ml.example, pending , high ,,2026-02-25,chat,security,46.5,1.75,1
T01512-2, CUSTOMER1512@DEMO-ML.EXAMPLE , resolved , low ,4.8,2026-02-26,phone,billing,5.0,3.0,2
T01512-3,customer1512@demo-ml.example, closed , high ,3.5,2026-02-27,web,success,11.5,4.25,0
T01513-1,customer1513@demo-ml.example, resolved ,,4.4,2026-02-27,phone,platform,47.0,2.0,2
T01514-1,customer1514@demo-ml.example, closed , low ,2.7,2026-03-01,web,success,47.5,2.25,0
T01516-1,customer1516@demo-ml.example, pending , high ,4.1,2026-03-05,chat,security,48.5,2.75,2
T01517-1,customer1517@demo-ml.example, resolved , critical ,4.8,2026-03-07,phone,platform,49.0,3.0,0
T01518-1,customer1518@demo-ml.example, closed , low ,3.1,2026-03-09,web,success,49.5,3.25,1
T01518-2, CUSTOMER1518@DEMO-ML.EXAMPLE , open , high ,4.2,2026-03-10,email,platform,8.0,4.5,2
T01519-1,customer1519@demo-ml.example, open , medium ,3.8,2026-03-11,email,billing,50.0,3.5,2
T01519-3,customer1519@demo-ml.example, resolved , medium ,3.6,2026-03-13,phone,platform,15.0,6.0,1
T01521-1,customer1521@demo-ml.example, resolved , critical ,2.8,2026-03-15,phone,platform,51.0,4.0,1
T01521-1,customer1521@demo-ml.example, resolved , critical ,2.8,2026-03-15,phone,platform,51.0,4.0,1
T01521-2, CUSTOMER1521@DEMO-ML.EXAMPLE , closed , medium ,3.9,2026-03-16,web,security,9.5,5.25,2
T01522-1,customer1522@demo-ml.example, closed , low ,3.5,2026-03-17,web,success,51.5,4.25,2
T01523-1,customer1523@demo-ml.example, open , medium ,4.2,2026-03-19,email,billing,4.0,4.5,0
T01524-1,customer1524@demo-ml.example, pending , high ,4.9,2026-03-21,chat,security,4.5,4.75,1
T01524-2, CUSTOMER1524@DEMO-ML.EXAMPLE , resolved , low ,3.6,2026-03-22,phone,billing,11.0,6.0,2
T01526-1,customer1526@demo-ml.example, closed , low ,3.9,2026-03-25,web,success,5.5,5.25,0
T01526-3,customer1526@demo-ml.example, pending , low ,3.7,2026-03-27,chat,security,18.5,7.75,2
T01527-1,customer1527@demo-ml.example, open , medium ,4.6,2026-03-27,email,billing,6.0,5.5,1
T01527-2, CUSTOMER1527@DEMO-ML.EXAMPLE , pending , critical ,3.3,2026-03-28,chat,success,12.5,6.75,2
T01528-1,customer1528@demo-ml.example, pending , high ,,2026-03-29,chat,security,6.5,5.75,2
T01529-1,customer1529@demo-ml.example, resolved , critical ,3.6,2026-03-31,phone,platform,7.0,6.0,0
T01531-1,customer1531@demo-ml.example, open , medium ,2.6,2026-01-04,email,billing,8.0,6.5,2
T01532-1,customer1532@demo-ml.example, pending , high ,3.3,2026-01-06,chat,security,8.5,6.75,0
T01533-1,customer1533@demo-ml.example, resolved , critical ,4.0,2026-01-08,phone,platform,9.0,7.0,1
T01533-2, CUSTOMER1533@DEMO-ML.EXAMPLE , closed , medium ,2.7,2026-01-09,web,security,15.5,8.25,2
T01533-3,customer1533@demo-ml.example, open , critical ,3.8,2026-01-10,email,billing,22.0,0.5,0
T01534-1,customer1534@demo-ml.example, closed , low ,4.7,2026-01-10,web,success,9.5,7.25,2
T01534-1,customer1534@demo-ml.example, closed , low ,4.7,2026-01-10,web,success,9.5,7.25,2
T01536-1,customer1536@demo-ml.example, pending , high ,,2026-01-14,chat,security,10.5,7.75,1
T01536-2, CUSTOMER1536@DEMO-ML.EXAMPLE , resolved , low ,4.8,2026-01-15,phone,billing,17.0,9.0,2
T01537-1,customer1537@demo-ml.example, resolved , critical ,4.4,2026-01-16,phone,platform,11.0,8.0,2
T01538-1,customer1538@demo-ml.example, closed , low ,2.7,2026-01-18,web,success,11.5,8.25,0
T01539-1,customer1539@demo-ml.example,, medium ,3.4,2026-01-20,email,billing,12.0,8.5,1
T01539-2, CUSTOMER1539@DEMO-ML.EXAMPLE , pending , critical ,4.5,2026-01-21,chat,success,18.5,0.75,2
T01541-1,customer1541@demo-ml.example, resolved , critical ,4.8,2026-01-24,phone,platform,13.0,9.0,0
T01542-1,customer1542@demo-ml.example, closed , low ,3.1,2026-01-26,web,success,13.5,9.25,1
T01542-2, CUSTOMER1542@DEMO-ML.EXAMPLE , open , high ,4.2,2026-01-27,email,platform,20.0,1.5,2
T01543-1,customer1543@demo-ml.example, open , medium ,3.8,2026-01-28,email,billing,14.0,0.5,2
T01544-1,customer1544@demo-ml.example, pending , high ,,2026-01-30,chat,security,14.5,0.75,0
T01546-1,customer1546@demo-ml.example, closed , low ,3.5,2026-02-03,web,success,15.5,1.25,2
T01547-1,customer1547@demo-ml.example, open ,,4.2,2026-02-05,email,billing,16.0,1.5,0
T01547-1,customer1547@demo-ml.example, open ,,4.2,2026-02-05,email,billing,16.0,1.5,0
T01547-3,customer1547@demo-ml.example, resolved , medium ,4.0,2026-02-07,phone,platform,29.0,4.0,2
T01548-1,customer1548@demo-ml.example, pending , high ,4.9,2026-02-07,chat,security,16.5,1.75,1
T01548-2, CUSTOMER1548@DEMO-ML.EXAMPLE , resolved , low ,3.6,2026-02-08,phone,billing,23.0,3.0,2
T01549-1,customer1549@demo-ml.example, resolved , critical ,3.2,2026-02-09,phone,platform,17.0,2.0,2
T01551-1,customer1551@demo-ml.example, open , medium ,4.6,2026-02-13,email,billing,18.0,2.5,1
T01551-2, CUSTOMER1551@DEMO-ML.EXAMPLE , pending , critical ,3.3,2026-02-14,chat,success,24.5,3.75,2
T01552-1,customer1552@demo-ml.example, pending , high ,,2026-02-15,chat,security,18.5,2.75,2
T01553-1,customer1553@demo-ml.example, resolved , critical ,3.6,2026-02-17,phone,platform,19.0,3.0,0
T01554-1,customer1554@demo-ml.example, closed , low ,4.3,2026-02-19,web,success,19.5,3.25,1
T01554-2, CUSTOMER1554@DEMO-ML.EXAMPLE , open , high ,3.0,2026-02-20,email,platform,26.0,4.5,2
T01554-3,customer1554@demo-ml.example, pending , low ,4.1,2026-02-21,chat,security,32.5,5.75,0
T01556-1,customer1556@demo-ml.example, pending , high ,3.3,2026-02-23,chat,security,20.5,3.75,0
T01557-1,customer1557@demo-ml.example, resolved , critical ,4.0,2026-02-25,phone,platform,21.0,4.0,1
T01557-2, CUSTOMER1557@DEMO-ML.EXAMPLE , closed , medium ,2.7,2026-02-26,web,security,27.5,5.25,2
T01558-1,customer1558@demo-ml.example,, low ,4.7,2026-02-27,web,success,21.5,4.25,2
T01559-1,customer1559@demo-ml.example, open , medium ,3.0,2026-03-01,email,billing,22.0,4.5,0
T01561-1,customer1561@demo-ml.example, resolved , critical ,4.4,2026-03-05,phone,platform,23.0,5.0,2
T01561-3,customer1561@demo-ml.example, open , critical ,4.2,2026-03-07,email,billing,36.0,7.5,1
T01562-1,customer1562@demo-ml.example, closed , low ,2.7,2026-03-07,web,success,23.5,5.25,0
T01563-1,customer1563@demo-ml.example, open , medium ,3.4,2026-03-09,email,billing,24.0,5.5,1
T01563-2, CUSTOMER1563@DEMO-ML.EXAMPLE , pending , critical ,4.5,2026-03-10,chat,success,30.5,6.75,2
T01564-1,customer1564@demo-ml.example, pending ,,4.1,2026-03-11,chat,security,24.5,5.75,2
T01566-1,customer1566@demo-ml.example, closed , low ,3.1,2026-03-15,web,success,25.5,6.25,1
T01566-2, CUSTOMER1566@DEMO-ML.EXAMPLE , open , high ,4.2,2026-03-16,email,platform,32.0,7.5,2
T01567-1,customer1567@demo-ml.example, open , medium ,3.8,2026-03-17,email,billing,26.0,6.5,2
T01568-1,customer1568@demo-ml.example, pending , high ,,2026-03-19,chat,security,26.5,6.75,0
T01568-3,customer1568@demo-ml.example, closed , high ,4.3,2026-03-21,web,success,39.5,9.25,2
T01569-1,customer1569@demo-ml.example, resolved , critical ,2.8,2026-03-21,phone,platform,27.0,7.0,1
T01569-2, CUSTOMER1569@DEMO-ML.EXAMPLE , closed , medium ,3.9,2026-03-22,web,security,33.5,8.25,2
T01571-1,customer1571@demo-ml.example, open , medium ,4.2,2026-03-25,email,billing,28.0,7.5,0
T01572-1,customer1572@demo-ml.example, pending , high ,4.9,2026-03-27,chat,security,28.5,7.75,1
T01572-2, CUSTOMER1572@DEMO-ML.EXAMPLE , resolved , low ,3.6,2026-03-28,phone,billing,35.0,9.0,2
T01573-1,customer1573@demo-ml.example, resolved , critical ,3.2,2026-03-29,phone,platform,29.0,8.0,2
T01573-1,customer1573@demo-ml.example, resolved , critical ,3.2,2026-03-29,phone,platform,29.0,8.0,2
T01574-1,customer1574@demo-ml.example, closed , low ,3.9,2026-03-31,web,success,29.5,8.25,0
T01576-1,customer1576@demo-ml.example, pending , high ,,2026-01-04,chat,security,30.5,8.75,2
T01577-1,customer1577@demo-ml.example,, critical ,3.6,2026-01-06,phone,platform,31.0,9.0,0
T01578-1,customer1578@demo-ml.example, closed , low ,4.3,2026-01-08,web,success,31.5,9.25,1
T01578-2, CUSTOMER1578@DEMO-ML.EXAMPLE , open , high ,3.0,2026-01-09,email,platform,38.0,1.5,2
T01579-1,customer1579@demo-ml.example, open , medium ,2.6,2026-01-10,email,billing,32.0,0.5,2
T01581-1,customer1581@demo-ml.example, resolved ,,4.0,2026-01-14,phone,platform,33.0,1.0,1
T01581-2, CUSTOMER1581@DEMO-ML.EXAMPLE , closed , medium ,2.7,2026-01-15,web,security,39.5,2.25,2
T01582-1,customer1582@demo-ml.example, closed , low ,4.7,2026-01-16,web,success,33.5,1.25,2
T01582-3,customer1582@demo-ml.example, pending , low ,4.5,2026-01-18,chat,security,46.5,3.75,1
T01583-1,customer1583@demo-ml.example, open , medium ,3.0,2026-01-18,email,billing,34.0,1.5,0
T01584-1,customer1584@demo-ml.example, pending , high ,,2026-01-20,chat,security,34.5,1.75,1
T01584-2, CUSTOMER1584@DEMO-ML.EXAMPLE , resolved , low ,4.8,2026-01-21,phone,billing,41.0,3.0,2
T01586-1,customer1586@demo-ml.example, closed , low ,2.7,2026-01-24,web,success,35.5,2.25,0
T01586-1,customer1586@demo-ml.example, closed , low ,2.7,2026-01-24,web,success,35.5,2.25,0
T01587-1,customer1587@demo-ml.example, open , medium ,3.4,2026-01-26,email,billing,36.0,2.5,1
T01587-2, CUSTOMER1587@DEMO-ML.EXAMPLE , pending , critical ,4.5,2026-01-27,chat,success,42.5,3.75,2
T01588-1,customer1588@demo-ml.example, pending , high ,4.1,2026-01-28,chat,security,36.5,2.75,2
T01589-1,customer1589@demo-ml.example, resolved , critical ,4.8,2026-01-30,phone,platform,37.0,3.0,0
T01589-3,customer1589@demo-ml.example, open , critical ,4.6,2026-02-01,email,billing,50.0,5.5,2
T01591-1,customer1591@demo-ml.example, open , medium ,3.8,2026-02-03,email,billing,38.0,3.5,2
T01592-1,customer1592@demo-ml.example, pending , high ,,2026-02-05,chat,security,38.5,3.75,0
T01593-1,customer1593@demo-ml.example, resolved , critical ,2.8,2026-02-07,phone,platform,39.0,4.0,1
T01593-2, CUSTOMER1593@DEMO-ML.EXAMPLE , closed , medium ,3.9,2026-02-08,web,security,45.5,5.25,2
T01594-1,customer1594@demo-ml.example, closed , low ,3.5,2026-02-09,web,success,39.5,4.25,2
T01596-1,customer1596@demo-ml.example,, high ,4.9,2026-02-13,chat,security,40.5,4.75,1
T01596-2, CUSTOMER1596@DEMO-ML.EXAMPLE , resolved , low ,3.6,2026-02-14,phone,billing,47.0,6.0,2
T01596-3,customer1596@demo-ml.example, closed , high ,4.7,2026-02-15,web,success,5.5,7.25,0
T01597-1,customer1597@demo-ml.example, resolved , critical ,3.2,2026-02-15,phone,platform,41.0,5.0,2
T01598-1,customer1598@demo-ml.example, closed ,,3.9,2026-02-17,web,success,41.5,5.25,0
T01599-1,customer1599@demo-ml.example, open , medium ,4.6,2026-02-19,email,billing,42.0,5.5,1
T01599-1,customer1599@demo-ml.example, open , medium ,4.6,2026-02-19,email,billing,42.0,5.5,1
T01599-2, CUSTOMER1599@DEMO-ML.EXAMPLE , pending , critical ,3.3,2026-02-20,chat,success,48.5,6.75,2
T01601-1,customer1601@demo-ml.example, resolved , critical ,3.6,2026-02-23,phone,platform,43.0,6.0,0
T01602-1,customer1602@demo-ml.example, closed , low ,4.3,2026-02-25,web,success,43.5,6.25,1
T01602-2, CUSTOMER1602@DEMO-ML.EXAMPLE , open , high ,3.0,2026-02-26,email,platform,50.0,7.5,2
T01603-1,customer1603@demo-ml.example, open , medium ,2.6,2026-02-27,email,billing,44.0,6.5,2
T01603-3,customer1603@demo-ml.example, resolved , medium ,4.8,2026-03-01,phone,platform,9.0,9.0,1
T01604-1,customer1604@demo-ml.example, pending , high ,3.3,2026-03-01,chat,security,44.5,6.75,0
T01606-1,customer1606@demo-ml.example, closed , low ,4.7,2026-03-05,web,success,45.5,7.25,2
T01607-1,customer1607@demo-ml.example, open , medium ,3.0,2026-03-07,email,billing,46.0,7.5,0
T01608-1,customer1608@demo-ml.example, pending , high ,,2026-03-09,chat,security,46.5,7.75,1
T01608-2, CUSTOMER1608@DEMO-ML.EXAMPLE , resolved , low ,4.8,2026-03-10,phone,billing,5.0,9.0,2
T01609-1,customer1609@demo-ml.example, resolved , critical ,4.4,2026-03-11,phone,platform,47.0,8.0,2
T01611-1,customer1611@demo-ml.example, open , medium ,3.4,2026-03-15,email,billing,48.0,8.5,1
T01611-2, CUSTOMER1611@DEMO-ML.EXAMPLE , pending , critical ,4.5,2026-03-16,chat,success,6.5,0.75,2
T01612-1,customer1612@demo-ml.example, pending , high ,4.1,2026-03-17,chat,security,48.5,8.75,2
T01612-1,customer1612@demo-ml.example, pending , high ,4.1,2026-03-17,chat,security,48.5,8.75,2
T01613-1,customer1613@demo-ml.example, resolved , critical ,4.8,2026-03-19,phone,platform,49.0,9.0,0
T01614-1,customer1614@demo-ml.example, closed , low ,3.1,2026-03-21,web,success,49.5,9.25,1
T01614-2, CUSTOMER1614@DEMO-ML.EXAMPLE , open , high ,4.2,2026-03-22,email,platform,8.0,1.5,2
T01616-1,customer1616@demo-ml.example, pending , high ,,2026-03-25,chat,security,50.5,0.75,0
T01617-1,customer1617@demo-ml.example, resolved , critical ,2.8,2026-03-27,phone,platform,51.0,1.0,1
T01617-2, CUSTOMER1617@DEMO-ML.EXAMPLE , closed , medium ,3.9,2026-03-28,web,security,9.5,2.25,2
T01617-3,customer1617@demo-ml.example, open , critical ,2.6,2026-03-29,email,billing,16.0,3.5,0
T01618-1,customer1618@demo-ml.example, closed , low ,3.5,2026-03-29,web,success,51.5,1.25,2
T01619-1,customer1619@demo-ml.example, open , medium ,4.2,2026-03-31,email,billing,4.0,1.5,0
T01621-1,customer1621@demo-ml.example, resolved , critical ,3.2,2026-01-04,phone,platform,5.0,2.0,2
T01622-1,customer1622@demo-ml.example, closed , low ,3.9,2026-01-06,web,success,5.5,2.25,0
T01623-1,customer1623@demo-ml.example, open , medium ,4.6,2026-01-08,email,billing,6.0,2.5,1
T01623-2, CUSTOMER1623@DEMO-ML.EXAMPLE , pending , critical ,3.3,2026-01-09,chat,success,12.5,3.75,2
T01624-1,customer1624@demo-ml.example, pending , high ,,2026-01-10,chat,security,6.5,2.75,2
T01624-3,customer1624@demo-ml.example, closed , high ,2.7,2026-01-12,web,success,19.5,5.25,1
T01626-1,customer1626@demo-ml.example, closed , low ,4.3,2026-01-14,web,success,7.5,3.25,1
T01626-2, CUSTOMER1626@DEMO-ML.EXAMPLE , open , high ,3.0,2026-01-15,email,platform,14.0,4.5,2
T01627-1,customer1627@demo-ml.example, open , medium ,2.6,2026-01-16,email,billing,8.0,3.5,2
T01628-1,customer1628@demo-ml.example, pending , high ,3.3,2026-01-18,chat,security,8.5,3.75,0
T01629-1,customer1629@demo-ml.example, resolved , critical ,4.0,2026-01-20,phone,platform,9.0,4.0,1
T01629-2, CUSTOMER1629@DEMO-ML.EXAMPLE , closed , medium ,2.7,2026-01-21,web,security,15.5,5.25,2
T01631-1,customer1631@demo-ml.example, open , medium ,3.0,2026-01-24,email,billing,10.0,4.5,0
T01631-3,customer1631@demo-ml.example, resolved , medium ,2.8,2026-01-26,phone,platform,23.0,7.0,2
T01632-1,customer1632@demo-ml.example, pending ,,,2026-01-26,chat,security,10.5,4.75,1
T01632-2, CUSTOMER1632@DEMO-ML.EXAMPLE , resolved , low ,4.8,2026-01-27,phone,billing,17.0,6.0,2
T01633-1,customer1633@demo-ml.example, resolved , critical ,4.4,2026-01-28,phone,platform,11.0,5.0,2
T01634-1,customer1634@demo-ml.example,, low ,2.7,2026-01-30,web,success,11.5,5.25,0
T01636-1,customer1636@demo-ml.example, pending , high ,4.1,2026-02-03,chat,security,12.5,5.75,2
T01637-1,customer1637@demo-ml.example, resolved , critical ,4.8,2026-02-05,phone,platform,13.0,6.0,0
T01638-1,customer1638@demo-ml.example, closed , low ,3.1,2026-02-07,web,success,13.5,6.25,1
T01638-1,customer1638@demo-ml.example, closed , low ,3.1,2026-02-07,web,success,13.5,6.25,1
T01638-2, CUSTOMER1638@DEMO-ML.EXAMPLE , open , high ,4.2,2026-02-08,email,platform,20.0,7.5,2
T01638-3,customer1638@demo-ml.example, pending , low ,2.9,2026-02-09,chat,security,26.5,8.75,0
T01639-1,customer1639@demo-ml.example, open , medium ,3.8,2026-02-09,email,billing,14.0,6.5,2
T01641-1,customer1641@demo-ml.example, resolved , critical ,2.8,2026-02-13,phone,platform,15.0,7.0,1
T01641-2, CUSTOMER1641@DEMO-ML.EXAMPLE , closed , medium ,3.9,2026-02-14,web,security,21.5,8.25,2
T01642-1,customer1642@demo-ml.example, closed , low ,3.5,2026-02-15,web,success,15.5,7.25,2
T01643-1,customer1643@demo-ml.example, open , medium ,4.2,2026-02-17,email,billing,16.0,7.5,0
T01644-1,customer1644@demo-ml.example, pending , high ,4.9,2026-02-19,chat,security,16.5,7.75,1
T01644-2, CUSTOMER1644@DEMO-ML.EXAMPLE , resolved , low ,3.6,2026-02-20,phone,billing,23.0,9.0,2
T01646-1,customer1646@demo-ml.example, closed , low ,3.9,2026-02-23,web,success,17.5,8.25,0
T01647-1,customer1647@demo-ml.example, open , medium ,4.6,2026-02-25,email,billing,18.0,8.5,1
T01647-2, CUSTOMER1647@DEMO-ML.EXAMPLE , pending , critical ,3.3,2026-02-26,chat,success,24.5,0.75,2
T01648-1,customer1648@demo-ml.example, pending , high ,,2026-02-27,chat,security,18.5,8.75,2
T01649-1,customer1649@demo-ml.example, resolved ,,3.6,2026-03-01,phone,platform,19.0,9.0,0
T01651-1,customer1651@demo-ml.example, open , medium ,2.6,2026-03-05,email,billing,20.0,0.5,2
T01651-1,customer1651@demo-ml.example, open , medium ,2.6,2026-03-05,email,billing,20.0,0.5,2
T01652-1,customer1652@demo-ml.example, pending , high ,3.3,2026-03-07,chat,security,20.5,0.75,0
T01652-3,customer1652@demo-ml.example, closed , high ,3.1,2026-03-09,web,success,33.5,3.25,2
T01653-1,customer1653@demo-ml.example,, critical ,4.0,2026-03-09,phone,platform,21.0,1.0,1
T01653-2, CUSTOMER1653@DEMO-ML.EXAMPLE , closed , medium ,2.7,2026-03-10,web,security,27.5,2.25,2
T01654-1,customer1654@demo-ml.example, closed , low ,4.7,2026-03-11,web,success,21.5,1.25,2
T01656-1,customer1656@demo-ml.example, pending , high ,,2026-03-15,chat,security,22.5,1.75,1
T01656-2, CUSTOMER1656@DEMO-ML.EXAMPLE , resolved , low ,4.8,2026-03-16,phone,billing,29.0,3.0,2
T01657-1,customer1657@demo-ml.example, resolved , critical ,4.4,2026-03-17,phone,platform,23.0,2.0,2
T01658-1,customer1658@demo-ml.example, closed , low ,2.7,2026-03-19,web,success,23.5,2.25,0
T01659-1,customer1659@demo-ml.example, open , medium ,3.4,2026-03-21,email,billing,24.0,2.5,1
T01659-2, CUSTOMER1659@DEMO-ML.EXAMPLE , pending , critical ,4.5,2026-03-22,chat,success,30.5,3.75,2
T01659-3,customer1659@demo-ml.example, resolved , medium ,3.2,2026-03-23,phone,platform,37.0,5.0,0
T01661-1,customer1661@demo-ml.example, resolved , critical ,4.8,2026-03-25,phone,platform,25.0,3.0,0
T01662-1,customer1662@demo-ml.example, closed , low ,3.1,2026-03-27,web,success,25.5,3.25,1
T01662-2, CUSTOMER1662@DEMO-ML.EXAMPLE , open , high ,4.2,2026-03-28,email,platform,32.0,4.5,2
T01663-1,customer1663@demo-ml.example, open , medium ,3.8,2026-03-29,email,billing,26.0,3.5,2
T01664-1,customer1664@demo-ml.example, pending , high ,,2026-03-31,chat,security,26.5,3.75,0
T01664-1,customer1664@demo-ml.example, pending , high ,,2026-03-31,chat,security,26.5,3.75,0
T01666-1,customer1666@demo-ml.example, closed ,,3.5,2026-01-04,web,success,27.5,4.25,2
T01666-3,customer1666@demo-ml.example, pending , low ,3.3,2026-01-06,chat,security,40.5,6.75,1
T01667-1,customer1667@demo-ml.example, open , medium ,4.2,2026-01-06,email,billing,28.0,4.5,0
T01668-1,customer1668@demo-ml.example, pending , high ,4.9,2026-01-08,chat,security,28.5,4.75,1
T01668-2, CUSTOMER1668@DEMO-ML.EXAMPLE , resolved , low ,3.6,2026-01-09,phone,billing,35.0,6.0,2
T01669-1,customer1669@demo-ml.example, resolved , critical ,3.2,2026-01-10,phone,platform,29.0,5.0,2
T01671-1,customer1671@demo-ml.example, open , medium ,4.6,2026-01-14,email,billing,30.0,5.5,1
T01671-2, CUSTOMER1671@DEMO-ML.EXAMPLE , pending , critical ,3.3,2026-01-15,chat,success,36.5,6.75,2
T01672-1,customer1672@demo-ml.example,, high ,,2026-01-16,chat,security,30.5,5.75,2
T01673-1,customer1673@demo-ml.example, resolved , critical ,3.6,2026-01-18,phone,platform,31.0,6.0,0
T01673-3,customer1673@demo-ml.example, open , critical ,3.4,2026-01-20,email,billing,44.0,8.5,2
T01674-1,customer1674@demo-ml.example, closed , low ,4.3,2026-01-20,web,success,31.5,6.25,1
T01674-2, CUSTOMER1674@DEMO-ML.EXAMPLE , open , high ,3.0,2026-01-21,email,platform,38.0,7.5,2
T01676-1,customer1676@demo-ml.example, pending , high ,3.3,2026-01-24,chat,security,32.5,6.75,0
T01677-1,customer1677@demo-ml.example, resolved , critical ,4.0,2026-01-26,phone,platform,33.0,7.0,1
T01677-1,customer1677@demo-ml.example, resolved , critical ,4.0,2026-01-26,phone,platform,33.0,7.0,1
T01677-2, CUSTOMER1677@DEMO-ML.EXAMPLE , closed , medium ,2.7,2026-01-27,web,security,39.5,8.25,2
T01678-1,customer1678@demo-ml.example, closed , low ,4.7,2026-01-28,web,success,33.5,7.25,2
T01679-1,customer1679@demo-ml.example, open , medium ,3.0,2026-01-30,email,billing,34.0,7.5,0
T01681-1,customer1681@demo-ml.example, resolved , critical ,4.4,2026-02-03,phone,platform,35.0,8.0,2
T01682-1,customer1682@demo-ml.example, closed , low ,2.7,2026-02-05,web,success,35.5,8.25,0
T01683-1,customer1683@demo-ml.example, open ,,3.4,2026-02-07,email,billing,36.0,8.5,1
T01683-2, CUSTOMER1683@DEMO-ML.EXAMPLE , pending , critical ,4.5,2026-02-08,chat,success,42.5,0.75,2
T01684-1,customer1684@demo-ml.example, pending , high ,4.1,2026-02-09,chat,security,36.5,8.75,2
T01686-1,customer1686@demo-ml.example, closed , low ,3.1,2026-02-13,web,success,37.5,9.25,1
T01686-2, CUSTOMER1686@DEMO-ML.EXAMPLE , open , high ,4.2,2026-02-14,email,platform,44.0,1.5,2
T01687-1,customer1687@demo-ml.example, open , medium ,3.8,2026-02-15,email,billing,38.0,0.5,2
T01687-3,customer1687@demo-ml.example, resolved , medium ,3.6,2026-02-17,phone,platform,51.0,3.0,1
T01688-1,customer1688@demo-ml.example, pending , high ,,2026-02-17,chat,security,38.5,0.75,0
T01689-1,customer1689@demo-ml.example, resolved , critical ,2.8,2026-02-19,phone,platform,39.0,1.0,1
T01689-2, CUSTOMER1689@DEMO-ML.EXAMPLE , closed , medium ,3.9,2026-02-20,web,security,45.5,2.25,2
T01691-1,customer1691@demo-ml.example,, medium ,4.2,2026-02-23,email,billing,40.0,1.5,0
T01692-1,customer1692@demo-ml.example, pending , high ,4.9,2026-02-25,chat,security,40.5,1.75,1
T01692-2, CUSTOMER1692@DEMO-ML.EXAMPLE , resolved , low ,3.6,2026-02-26,phone,billing,47.0,3.0,2
T01693-1,customer1693@demo-ml.example, resolved , critical ,3.2,2026-02-27,phone,platform,41.0,2.0,2
T01694-1,customer1694@demo-ml.example, closed , low ,3.9,2026-03-01,web,success,41.5,2.25,0
T01694-3,customer1694@demo-ml.example, pending , low ,3.7,2026-03-03,chat,security,6.5,4.75,2
T01696-1,customer1696@demo-ml.example, pending , high ,,2026-03-05,chat,security,42.5,2.75,2
T01697-1,customer1697@demo-ml.example, resolved , critical ,3.6,2026-03-07,phone,platform,43.0,3.0,0
T01698-1,customer1698@demo-ml.example, closed , low ,4.3,2026-03-09,web,success,43.5,3.25,1
T01698-2, CUSTOMER1698@DEMO-ML.EXAMPLE , open , high ,3.0,2026-03-10,email,platform,50.0,4.5,2
T01699-1,customer1699@demo-ml.example, open , medium ,2.6,2026-03-11,email,billing,44.0,3.5,2
T01701-1,customer1701@demo-ml.example, resolved , critical ,4.0,2026-03-15,phone,platform,45.0,4.0,1
T01701-2, CUSTOMER1701@DEMO-ML.EXAMPLE , closed , medium ,2.7,2026-03-16,web,security,51.5,5.25,2
T01701-3,customer1701@demo-ml.example, open , critical ,3.8,2026-03-17,email,billing,10.0,6.5,0
T01702-1,customer1702@demo-ml.example, closed , low ,4.7,2026-03-17,web,success,45.5,4.25,2
T01703-1,customer1703@demo-ml.example, open , medium ,3.0,2026-03-19,email,billing,46.0,4.5,0
T01703-1,customer1703@demo-ml.example, open , medium ,3.0,2026-03-19,email,billing,46.0,4.5,0
T01704-1,customer1704@demo-ml.example, pending , high ,,2026-03-21,chat,security,46.5,4.75,1
T01704-2, CUSTOMER1704@DEMO-ML.EXAMPLE , resolved , low ,4.8,2026-03-22,phone,billing,5.0,6.0,2
T01706-1,customer1706@demo-ml.example, closed , low ,2.7,2026-03-25,web,success,47.5,5.25,0
T01707-1,customer1707@demo-ml.example, open , medium ,3.4,2026-03-27,email,billing,48.0,5.5,1
T01707-2, CUSTOMER1707@DEMO-ML.EXAMPLE , pending , critical ,4.5,2026-03-28,chat,success,6.5,6.75,2
T01708-1,customer1708@demo-ml.example, pending , high ,4.1,2026-03-29,chat,security,48.5,5.75,2
T01708-3,customer1708@demo-ml.example, closed , high ,3.9,2026-03-31,web,success,13.5,8.25,1
T01709-1,customer1709@demo-ml.example, resolved , critical ,4.8,2026-03-31,phone,platform,49.0,6.0,0
T01711-1,customer1711@demo-ml.example, open , medium ,3.8,2026-01-04,email,billing,50.0,6.5,2
T01712-1,customer1712@demo-ml.example, pending , high ,,2026-01-06,chat,security,50.5,6.75,0
T01713-1,customer1713@demo-ml.example, resolved , critical ,2.8,2026-01-08,phone,platform,51.0,7.0,1
T01713-2, CUSTOMER1713@DEMO-ML.EXAMPLE , closed , medium ,3.9,2026-01-09,web,security,9.5,8.25,2
T01714-1,customer1714@demo-ml.example, closed , low ,3.5,2026-01-10,web,success,51.5,7.25,2
T01716-1,customer1716@demo-ml.example, pending , high ,4.9,2026-01-14,chat,security,4.5,7.75,1
T01716-1,customer1716@demo-ml.example, pending , high ,4.9,2026-01-14,chat,security,4.5,7.75,1
T01716-2, CUSTOMER1716@DEMO-ML.EXAMPLE , resolved , low ,3.6,2026-01-15,phone,billing,11.0,9.0,2
T01717-1,customer1717@demo-ml.example, resolved ,,3.2,2026-01-16,phone,platform,5.0,8.0,2
T01718-1,customer1718@demo-ml.example, closed , low ,3.9,2026-01-18,web,success,5.5,8.25,0
T01719-1,customer1719@demo-ml.example, open , medium ,4.6,2026-01-20,email,billing,6.0,8.5,1
T01719-2, CUSTOMER1719@DEMO-ML.EXAMPLE , pending , critical ,3.3,2026-01-21,chat,success,12.5,0.75,2
T01721-1,customer1721@demo-ml.example, resolved , critical ,3.6,2026-01-24,phone,platform,7.0,9.0,0
T01722-1,customer1722@demo-ml.example, closed , low ,4.3,2026-01-26,web,success,7.5,9.25,1
T01722-2, CUSTOMER1722@DEMO-ML.EXAMPLE , open , high ,3.0,2026-01-27,email,platform,14.0,1.5,2
T01722-3,customer1722@demo-ml.example, pending , low ,4.1,2026-01-28,chat,security,20.5,2.75,0
T01723-1,customer1723@demo-ml.example, open , medium ,2.6,2026-01-28,email,billing,8.0,0.5,2
T01724-1,customer1724@demo-ml.example, pending , high ,3.3,2026-01-30,chat,security,8.5,0.75,0
T01726-1,customer1726@demo-ml.example, closed , low ,4.7,2026-02-03,web,success,9.5,1.25,2
T01727-1,customer1727@demo-ml.example, open , medium ,3.0,2026-02-05,email,billing,10.0,1.5,0
T01728-1,customer1728@demo-ml.example, pending , high ,,2026-02-07,chat,security,10.5,1.75,1
T01728-2, CUSTOMER1728@DEMO-ML.EXAMPLE , resolved , low ,4.8,2026-02-08,phone,billing,17.0,3.0,2
T01729-1,customer1729@demo-ml.example,, critical ,4.4,2026-02-09,phone,platform,11.0,2.0,2
T01729-1,customer1729@demo-ml.example,, critical ,4.4,2026-02-09,phone,platform,11.0,2.0,2
T01729-3,customer1729@demo-ml.example, open , critical ,4.2,2026-02-11,email,billing,24.0,4.5,1
T01731-1,customer1731@demo-ml.example, open , medium ,3.4,2026-02-13,email,billing,12.0,2.5,1
T01731-2, CUSTOMER1731@DEMO-ML.EXAMPLE , pending , critical ,4.5,2026-02-14,chat,success,18.5,3.75,2
T01732-1,customer1732@demo-ml.example, pending , high ,4.1,2026-02-15,chat,security,12.5,2.75,2
T01733-1,customer1733@demo-ml.example, resolved , critical ,4.8,2026-02-17,phone,platform,13.0,3.0,0
T01734-1,customer1734@demo-ml.example, closed ,,3.1,2026-02-19,web,success,13.5,3.25,1
T01734-2, CUSTOMER1734@DEMO-ML.EXAMPLE , open , high ,4.2,2026-02-20,email,platform,20.0,4.5,2
T01736-1,customer1736@demo-ml.example, pending , high ,,2026-02-23,chat,security,14.5,3.75,0
T01736-3,customer1736@demo-ml.example, closed , high ,4.3,2026-02-25,web,success,27.5,6.25,2
T01737-1,customer1737@demo-ml.example, resolved , critical ,2.8,2026-02-25,phone,platform,15.0,4.0,1
T01737-2, CUSTOMER1737@DEMO-ML.EXAMPLE , closed , medium ,3.9,2026-02-26,web,security,21.5,5.25,2
T01738-1,customer1738@demo-ml.example, closed , low ,3.5,2026-02-27,web,success,15.5,4.25,2
T01739-1,customer1739@demo-ml.example, open , medium ,4.2,2026-03-01,email,billing,16.0,4.5,0
T01741-1,customer1741@demo-ml.example, resolved , critical ,3.2,2026-03-05,phone,platform,17.0,5.0,2
T01742-1,customer1742@demo-ml.example, closed , low ,3.9,2026-03-07,web,success,17.5,5.25,0
T01742-1,customer1742@demo-ml.example, closed , low ,3.9,2026-03-07,web,success,17.5,5.25,0
T01743-1,customer1743@demo-ml.example, open , medium ,4.6,2026-03-09,email,billing,18.0,5.5,1
T01743-2, CUSTOMER1743@DEMO-ML.EXAMPLE , pending , critical ,3.3,2026-03-10,chat,success,24.5,6.75,2
T01743-3,customer1743@demo-ml.example, resolved , medium ,4.4,2026-03-11,phone,platform,31.0,8.0,0
T01744-1,customer1744@demo-ml.example, pending , high ,,2026-03-11,chat,security,18.5,5.75,2
T01746-1,customer1746@demo-ml.example, closed , low ,4.3,2026-03-15,web,success,19.5,6.25,1
T01746-2, CUSTOMER1746@DEMO-ML.EXAMPLE , open , high ,3.0,2026-03-16,email,platform,26.0,7.5,2
T01747-1,customer1747@demo-ml.example, open , medium ,2.6,2026-03-17,email,billing,20.0,6.5,2
T01748-1,customer1748@demo-ml.example,, high ,3.3,2026-03-19,chat,security,20.5,6.75,0
T01749-1,customer1749@demo-ml.example, resolved , critical ,4.0,2026-03-21,phone,platform,21.0,7.0,1
T01749-2, CUSTOMER1749@DEMO-ML.EXAMPLE , closed , medium ,2.7,2026-03-22,web,security,27.5,8.25,2
T01751-1,customer1751@demo-ml.example, open ,,3.0,2026-03-25,email,billing,22.0,7.5,0
T01752-1,customer1752@demo-ml.example, pending , high ,,2026-03-27,chat,security,22.5,7.75,1
T01752-2, CUSTOMER1752@DEMO-ML.EXAMPLE , resolved , low ,4.8,2026-03-28,phone,billing,29.0,9.0,2
T01753-1,customer1753@demo-ml.example, resolved , critical ,4.4,2026-03-29,phone,platform,23.0,8.0,2
T01754-1,customer1754@demo-ml.example, closed , low ,2.7,2026-03-31,web,success,23.5,8.25,0
T01756-1,customer1756@demo-ml.example, pending , high ,4.1,2026-01-04,chat,security,24.5,8.75,2
T01757-1,customer1757@demo-ml.example, resolved , critical ,4.8,2026-01-06,phone,platform,25.0,9.0,0
T01757-3,customer1757@demo-ml.example, open , critical ,4.6,2026-01-08,email,billing,38.0,2.5,2
T01758-1,customer1758@demo-ml.example, closed , low ,3.1,2026-01-08,web,success,25.5,9.25,1
T01758-2, CUSTOMER1758@DEMO-ML.EXAMPLE , open , high ,4.2,2026-01-09,email,platform,32.0,1.5,2
T01759-1,customer1759@demo-ml.example, open , medium ,3.8,2026-01-10,email,billing,26.0,0.5,2
T01761-1,customer1761@demo-ml.example, resolved , critical ,2.8,2026-01-14,phone,platform,27.0,1.0,1
T01761-2, CUSTOMER1761@DEMO-ML.EXAMPLE , closed , medium ,3.9,2026-01-15,web,security,33.5,2.25,2
T01762-1,customer1762@demo-ml.example, closed , low ,3.5,2026-01-16,web,success,27.5,1.25,2
T01763-1,customer1763@demo-ml.example, open , medium ,4.2,2026-01-18,email,billing,28.0,1.5,0
T01764-1,customer1764@demo-ml.example, pending , high ,4.9,2026-01-20,chat,security,28.5,1.75,1
T01764-2, CUSTOMER1764@DEMO-ML.EXAMPLE , resolved , low ,3.6,2026-01-21,phone,billing,35.0,3.0,2
T01764-3,customer1764@demo-ml.example, closed , high ,4.7,2026-01-22,web,success,41.5,4.25,0
T01766-1,customer1766@demo-ml.example, closed , low ,3.9,2026-01-24,web,success,29.5,2.25,0
T01767-1,customer1767@demo-ml.example,, medium ,4.6,2026-01-26,email,billing,30.0,2.5,1
T01767-2, CUSTOMER1767@DEMO-ML.EXAMPLE , pending , critical ,3.3,2026-01-27,chat,success,36.5,3.75,2
T01768-1,customer1768@demo-ml.example, pending ,,,2026-01-28,chat,security,30.5,2.75,2
T01768-1,customer1768@demo-ml.example, pending ,,,2026-01-28,chat,security,30.5,2.75,2
T01769-1,customer1769@demo-ml.example, resolved , critical ,3.6,2026-01-30,phone,platform,31.0,3.0,0
T01771-1,customer1771@demo-ml.example, open , medium ,2.6,2026-02-03,email,billing,32.0,3.5,2
T01771-3,customer1771@demo-ml.example, resolved , medium ,4.8,2026-02-05,phone,platform,45.0,6.0,1
T01772-1,customer1772@demo-ml.example, pending , high ,3.3,2026-02-05,chat,security,32.5,3.75,0
T01773-1,customer1773@demo-ml.example, resolved , critical ,4.0,2026-02-07,phone,platform,33.0,4.0,1
T01773-2, CUSTOMER1773@DEMO-ML.EXAMPLE , closed , medium ,2.7,2026-02-08,web,security,39.5,5.25,2
T01774-1,customer1774@demo-ml.example, closed , low ,4.7,2026-02-09,web,success,33.5,4.25,2
T01776-1,customer1776@demo-ml.example, pending , high ,,2026-02-13,chat,security,34.5,4.75,1
T01776-2, CUSTOMER1776@DEMO-ML.EXAMPLE , resolved , low ,4.8,2026-02-14,phone,billing,41.0,6.0,2
T01777-1,customer1777@demo-ml.example, resolved , critical ,4.4,2026-02-15,phone,platform,35.0,5.0,2
T01778-1,customer1778@demo-ml.example, closed , low ,2.7,2026-02-17,web,success,35.5,5.25,0
T01778-3,customer1778@demo-ml.example, pending , low ,4.9,2026-02-19,chat,security,48.5,7.75,2
T01779-1,customer1779@demo-ml.example, open , medium ,3.4,2026-02-19,email,billing,36.0,5.5,1
T01779-2, CUSTOMER1779@DEMO-ML.EXAMPLE , pending , critical ,4.5,2026-02-20,chat,success,42.5,6.75,2
T01781-1,customer1781@demo-ml.example, resolved , critical ,4.8,2026-02-23,phone,platform,37.0,6.0,0
T01781-1,customer1781@demo-ml.example, resolved , critical ,4.8,2026-02-23,phone,platform,37.0,6.0,0
T01782-1,customer1782@demo-ml.example, closed , low ,3.1,2026-02-25,web,success,37.5,6.25,1
T01782-2, CUSTOMER1782@DEMO-ML.EXAMPLE , open , high ,4.2,2026-02-26,email,platform,44.0,7.5,2
T01783-1,customer1783@demo-ml.example, open , medium ,3.8,2026-02-27,email,billing,38.0,6.5,2
T01784-1,customer1784@demo-ml.example, pending , high ,,2026-03-01,chat,security,38.5,6.75,0
T01786-1,customer1786@demo-ml.example,, low ,3.5,2026-03-05,web,success,39.5,7.25,2
T01787-1,customer1787@demo-ml.example, open , medium ,4.2,2026-03-07,email,billing,40.0,7.5,0
T01788-1,customer1788@demo-ml.example, pending , high ,4.9,2026-03-09,chat,security,40.5,7.75,1
T01788-2, CUSTOMER1788@DEMO-ML.EXAMPLE , resolved , low ,3.6,2026-03-10,phone,billing,47.0,9.0,2
T01789-1,customer1789@demo-ml.example, resolved , critical ,3.2,2026-03-11,phone,platform,41.0,8.0,2
T01791-1,customer1791@demo-ml.example, open , medium ,4.6,2026-03-15,email,billing,42.0,8.5,1
T01791-2, CUSTOMER1791@DEMO-ML.EXAMPLE , pending , critical ,3.3,2026-03-16,chat,success,48.5,0.75,2
T01792-1,customer1792@demo-ml.example, pending , high ,,2026-03-17,chat,security,42.5,8.75,2
T01792-3,customer1792@demo-ml.example, closed , high ,2.7,2026-03-19,web,success,7.5,2.25,1
T01793-1,customer1793@demo-ml.example, resolved , critical ,3.6,2026-03-19,phone,platform,43.0,9.0,0
T01794-1,customer1794@demo-ml.example, closed , low ,4.3,2026-03-21,web,success,43.5,9.25,1
T01794-1,customer1794@demo-ml.example, closed , low ,4.3,2026-03-21,web,success,43.5,9.25,1
T01794-2, CUSTOMER1794@DEMO-ML.EXAMPLE , open , high ,3.0,2026-03-22,email,platform,50.0,1.5,2
T01796-1,customer1796@demo-ml.example, pending , high ,3.3,2026-03-25,chat,security,44.5,0.75,0
T01797-1,customer1797@demo-ml.example, resolved , critical ,4.0,2026-03-27,phone,platform,45.0,1.0,1
T01797-2, CUSTOMER1797@DEMO-ML.EXAMPLE , closed , medium ,2.7,2026-03-28,web,security,51.5,2.25,2
T01798-1,customer1798@demo-ml.example, closed , low ,4.7,2026-03-29,web,success,45.5,1.25,2
T01799-1,customer1799@demo-ml.example, open , medium ,3.0,2026-03-31,email,billing,46.0,1.5,0
T01799-3,customer1799@demo-ml.example, resolved , medium ,2.8,2026-01-02,phone,platform,11.0,4.0,2
T01801-1,customer1801@demo-ml.example, resolved , critical ,4.4,2026-01-04,phone,platform,47.0,2.0,2
T01802-1,customer1802@demo-ml.example, closed ,,2.7,2026-01-06,web,success,47.5,2.25,0
T01803-1,customer1803@demo-ml.example, open , medium ,3.4,2026-01-08,email,billing,48.0,2.5,1
T01803-2, CUSTOMER1803@DEMO-ML.EXAMPLE , pending , critical ,4.5,2026-01-09,chat,success,6.5,3.75,2
T01804-1,customer1804@demo-ml.example, pending , high ,4.1,2026-01-10,chat,security,48.5,2.75,2
T01806-1,customer1806@demo-ml.example, closed , low ,3.1,2026-01-14,web,success,49.5,3.25,1
T01806-2, CUSTOMER1806@DEMO-ML.EXAMPLE , open , high ,4.2,2026-01-15,email,platform,8.0,4.5,2
T01806-3,customer1806@demo-ml.example, pending , low ,2.9,2026-01-16,chat,security,14.5,5.75,0
T01807-1,customer1807@demo-ml.example, open , medium ,3.8,2026-01-16,email,billing,50.0,3.5,2
T01807-1,customer1807@demo-ml.example, open , medium ,3.8,2026-01-16,email,billing,50.0,3.5,2
T01808-1,customer1808@demo-ml.example, pending , high ,,2026-01-18,chat,security,50.5,3.75,0
T01809-1,customer1809@demo-ml.example, resolved , critical ,2.8,2026-01-20,phone,platform,51.0,4.0,1
T01809-2, CUSTOMER1809@DEMO-ML.EXAMPLE , closed , medium ,3.9,2026-01-21,web,security,9.5,5.25,2
T01811-1,customer1811@demo-ml.example, open , medium ,4.2,2026-01-24,email,billing,4.0,4.5,0
T01812-1,customer1812@demo-ml.example, pending , high ,4.9,2026-01-26,chat,security,4.5,4.75,1
T01812-2, CUSTOMER1812@DEMO-ML.EXAMPLE , resolved , low ,3.6,2026-01-27,phone,billing,11.0,6.0,2
T01813-1,customer1813@demo-ml.example, resolved , critical ,3.2,2026-01-28,phone,platform,5.0,5.0,2
T01813-3,customer1813@demo-ml.example, open , critical ,3.0,2026-01-30,email,billing,18.0,7.5,1
T01814-1,customer1814@demo-ml.example, closed , low ,3.9,2026-01-30,web,success,5.5,5.25,0
T01816-1,customer1816@demo-ml.example, pending , high ,,2026-02-03,chat,security,6.5,5.75,2
T01817-1,customer1817@demo-ml.example, resolved , critical ,3.6,2026-02-05,phone,platform,7.0,6.0,0
T01818-1,customer1818@demo-ml.example, closed , low ,4.3,2026-02-07,web,success,7.5,6.25,1
T01818-2, CUSTOMER1818@DEMO-ML.EXAMPLE , open , high ,3.0,2026-02-08,email,platform,14.0,7.5,2
T01819-1,customer1819@demo-ml.example, open ,,2.6,2026-02-09,email,billing,8.0,6.5,2
T01821-1,customer1821@demo-ml.example, resolved , critical ,4.0,2026-02-13,phone,platform,9.0,7.0,1
T01821-2, CUSTOMER1821@DEMO-ML.EXAMPLE , closed , medium ,2.7,2026-02-14,web,security,15.5,8.25,2
T01822-1,customer1822@demo-ml.example, closed , low ,4.7,2026-02-15,web,success,9.5,7.25,2
T01823-1,customer1823@demo-ml.example, open , medium ,3.0,2026-02-17,email,billing,10.0,7.5,0
T01824-1,customer1824@demo-ml.example,, high ,,2026-02-19,chat,security,10.5,7.75,1
T01824-2, CUSTOMER1824@DEMO-ML.EXAMPLE , resolved , low ,4.8,2026-02-20,phone,billing,17.0,9.0,2
T01826-1,customer1826@demo-ml.example, closed , low ,2.7,2026-02-23,web,success,11.5,8.25,0
T01827-1,customer1827@demo-ml.example, open , medium ,3.4,2026-02-25,email,billing,12.0,8.5,1
T01827-2, CUSTOMER1827@DEMO-ML.EXAMPLE , pending , critical ,4.5,2026-02-26,chat,success,18.5,0.75,2
T01827-3,customer1827@demo-ml.example, resolved , medium ,3.2,2026-02-27,phone,platform,25.0,2.0,0
T01828-1,customer1828@demo-ml.example, pending , high ,4.1,2026-02-27,chat,security,12.5,8.75,2
T01829-1,customer1829@demo-ml.example, resolved , critical ,4.8,2026-03-01,phone,platform,13.0,9.0,0
T01831-1,customer1831@demo-ml.example, open , medium ,3.8,2026-03-05,email,billing,14.0,0.5,2
T01832-1,customer1832@demo-ml.example, pending , high ,,2026-03-07,chat,security,14.5,0.75,0
T01833-1,customer1833@demo-ml.example, resolved , critical ,2.8,2026-03-09,phone,platform,15.0,1.0,1
T01833-1,customer1833@demo-ml.example, resolved , critical ,2.8,2026-03-09,phone,platform,15.0,1.0,1
T01833-2, CUSTOMER1833@DEMO-ML.EXAMPLE , closed , medium ,3.9,2026-03-10,web,security,21.5,2.25,2
T01834-1,customer1834@demo-ml.example, closed , low ,3.5,2026-03-11,web,success,15.5,1.25,2
T01834-3,customer1834@demo-ml.example, pending , low ,3.3,2026-03-13,chat,security,28.5,3.75,1
T01836-1,customer1836@demo-ml.example, pending ,,4.9,2026-03-15,chat,security,16.5,1.75,1
T01836-2, CUSTOMER1836@DEMO-ML.EXAMPLE , resolved , low ,3.6,2026-03-16,phone,billing,23.0,3.0,2
T01837-1,customer1837@demo-ml.example, resolved , critical ,3.2,2026-03-17,phone,platform,17.0,2.0,2
T01838-1,customer1838@demo-ml.example, closed , low ,3.9,2026-03-19,web,success,17.5,2.25,0
T01839-1,customer1839@demo-ml.example, open , medium ,4.6,2026-03-21,email,billing,18.0,2.5,1
T01839-2, CUSTOMER1839@DEMO-ML.EXAMPLE , pending , critical ,3.3,2026-03-22,chat,success,24.5,3.75,2
T01841-1,customer1841@demo-ml.example, resolved , critical ,3.6,2026-03-25,phone,platform,19.0,3.0,0
T01841-3,customer1841@demo-ml.example, open , critical ,3.4,2026-03-27,email,billing,32.0,5.5,2
T01842-1,customer1842@demo-ml.example, closed , low ,4.3,2026-03-27,web,success,19.5,3.25,1
T01842-2, CUSTOMER1842@DEMO-ML.EXAMPLE , open , high ,3.0,2026-03-28,email,platform,26.0,4.5,2
T01843-1,customer1843@demo-ml.example,, medium ,2.6,2026-03-29,email,billing,20.0,3.5,2
T01844-1,customer1844@demo-ml.example, pending , high ,3.3,2026-03-31,chat,security,20.5,3.75,0
T01846-1,customer1846@demo-ml.example, closed , low ,4.7,2026-01-04,web,success,21.5,4.25,2
T01846-1,customer1846@demo-ml.example, closed , low ,4.7,2026-01-04,web,success,21.5,4.25,2
T01847-1,customer1847@demo-ml.example, open , medium ,3.0,2026-01-06,email,billing,22.0,4.5,0
T01848-1,customer1848@demo-ml.example, pending , high ,,2026-01-08,chat,security,22.5,4.75,1
T01848-2, CUSTOMER1848@DEMO-ML.EXAMPLE , resolved , low ,4.8,2026-01-09,phone,billing,29.0,6.0,2
T01848-3,customer1848@demo-ml.example, closed , high ,3.5,2026-01-10,web,success,35.5,7.25,0
T01849-1,customer1849@demo-ml.example, resolved , critical ,4.4,2026-01-10,phone,platform,23.0,5.0,2
T01851-1,customer1851@demo-ml.example, open , medium ,3.4,2026-01-14,email,billing,24.0,5.5,1
T01851-2, CUSTOMER1851@DEMO-ML.EXAMPLE , pending , critical ,4.5,2026-01-15,chat,success,30.5,6.75,2
T01852-1,customer1852@demo-ml.example, pending , high ,4.1,2026-01-16,chat,security,24.5,5.75,2
T01853-1,customer1853@demo-ml.example, resolved ,,4.8,2026-01-18,phone,platform,25.0,6.0,0
T01854-1,customer1854@demo-ml.example, closed , low ,3.1,2026-01-20,web,success,25.5,6.25,1
T01854-2, CUSTOMER1854@DEMO-ML.EXAMPLE , open , high ,4.2,2026-01-21,email,platform,32.0,7.5,2
T01856-1,customer1856@demo-ml.example, pending , high ,,2026-01-24,chat,security,26.5,6.75,0
T01857-1,customer1857@demo-ml.example, resolved , critical ,2.8,2026-01-26,phone,platform,27.0,7.0,1
T01857-2, CUSTOMER1857@DEMO-ML.EXAMPLE , closed , medium ,3.9,2026-01-27,web,security,33.5,8.25,2
T01858-1,customer1858@demo-ml.example, closed , low ,3.5,2026-01-28,web,success,27.5,7.25,2
T01859-1,customer1859@demo-ml.example, open , medium ,4.2,2026-01-30,email,billing,28.0,7.5,0
T01859-1,customer1859@demo-ml.example, open , medium ,4.2,2026-01-30,email,billing,28.0,7.5,0
T01861-1,customer1861@demo-ml.example, resolved , critical ,3.2,2026-02-03,phone,platform,29.0,8.0,2
T01862-1,customer1862@demo-ml.example,, low ,3.9,2026-02-05,web,success,29.5,8.25,0
T01862-3,customer1862@demo-ml.example, pending , low ,3.7,2026-02-07,chat,security,42.5,1.75,2
T01863-1,customer1863@demo-ml.example, open , medium ,4.6,2026-02-07,email,billing,30.0,8.5,1
T01863-2, CUSTOMER1863@DEMO-ML.EXAMPLE , pending , critical ,3.3,2026-02-08,chat,success,36.5,0.75,2
T01864-1,customer1864@demo-ml.example, pending , high ,,2026-02-09,chat,security,30.5,8.75,2
T01866-1,customer1866@demo-ml.example, closed , low ,4.3,2026-02-13,web,success,31.5,9.25,1
T01866-2, CUSTOMER1866@DEMO-ML.EXAMPLE , open , high ,3.0,2026-02-14,email,platform,38.0,1.5,2
T01867-1,customer1867@demo-ml.example, open , medium ,2.6,2026-02-15,email,billing,32.0,0.5,2
T01868-1,customer1868@demo-ml.example, pending , high ,3.3,2026-02-17,chat,security,32.5,0.75,0
T01869-1,customer1869@demo-ml.example, resolved , critical ,4.0,2026-02-19,phone,platform,33.0,1.0,1
T01869-2, CUSTOMER1869@DEMO-ML.EXAMPLE , closed , medium ,2.7,2026-02-20,web,security,39.5,2.25,2
T01869-3,customer1869@demo-ml.example, open , critical ,3.8,2026-02-21,email,billing,46.0,3.5,0
T01871-1,customer1871@demo-ml.example, open , medium ,3.0,2026-02-23,email,billing,34.0,1.5,0
T01872-1,customer1872@demo-ml.example, pending , high ,,2026-02-25,chat,security,34.5,1.75,1
T01872-1,customer1872@demo-ml.example, pending , high ,,2026-02-25,chat,security,34.5,1.75,1
T01872-2, CUSTOMER1872@DEMO-ML.EXAMPLE , resolved , low ,4.8,2026-02-26,phone,billing,41.0,3.0,2
T01873-1,customer1873@demo-ml.example, resolved , critical ,4.4,2026-02-27,phone,platform,35.0,2.0,2
T01874-1,customer1874@demo-ml.example, closed , low ,2.7,2026-03-01,web,success,35.5,2.25,0
T01876-1,customer1876@demo-ml.example, pending , high ,4.1,2026-03-05,chat,security,36.5,2.75,2
T01876-3,customer1876@demo-ml.example, closed , high ,3.9,2026-03-07,web,success,49.5,5.25,1
T01877-1,customer1877@demo-ml.example, resolved , critical ,4.8,2026-03-07,phone,platform,37.0,3.0,0
T01878-1,customer1878@demo-ml.example, closed , low ,3.1,2026-03-09,web,success,37.5,3.25,1
T01878-2, CUSTOMER1878@DEMO-ML.EXAMPLE , open , high ,4.2,2026-03-10,email,platform,44.0,4.5,2
T01879-1,customer1879@demo-ml.example, open , medium ,3.8,2026-03-11,email,billing,38.0,3.5,2
T01881-1,customer1881@demo-ml.example,, critical ,2.8,2026-03-15,phone,platform,39.0,4.0,1
T01881-2, CUSTOMER1881@DEMO-ML.EXAMPLE , closed , medium ,3.9,2026-03-16,web,security,45.5,5.25,2
T01882-1,customer1882@demo-ml.example, closed , low ,3.5,2026-03-17,web,success,39.5,4.25,2
T01883-1,customer1883@demo-ml.example, open , medium ,4.2,2026-03-19,email,billing,40.0,4.5,0
T01883-3,customer1883@demo-ml.example, resolved , medium ,4.0,2026-03-21,phone,platform,5.0,7.0,2
T01884-1,customer1884@demo-ml.example, pending , high ,4.9,2026-03-21,chat,security,40.5,4.75,1
T01884-2, CUSTOMER1884@DEMO-ML.EXAMPLE , resolved , low ,3.6,2026-03-22,phone,billing,47.0,6.0,2
T01886-1,customer1886@demo-ml.example, closed , low ,3.9,2026-03-25,web,success,41.5,5.25,0
T01887-1,customer1887@demo-ml.example, open ,,4.6,2026-03-27,email,billing,42.0,5.5,1
T01887-2, CUSTOMER1887@DEMO-ML.EXAMPLE , pending , critical ,3.3,2026-03-28,chat,success,48.5,6.75,2
T01888-1,customer1888@demo-ml.example, pending , high ,,2026-03-29,chat,security,42.5,5.75,2
T01889-1,customer1889@demo-ml.example, resolved , critical ,3.6,2026-03-31,phone,platform,43.0,6.0,0
T01891-1,customer1891@demo-ml.example, open , medium ,2.6,2026-01-04,email,billing,44.0,6.5,2
T01892-1,customer1892@demo-ml.example, pending , high ,3.3,2026-01-06,chat,security,44.5,6.75,0
T01893-1,customer1893@demo-ml.example, resolved , critical ,4.0,2026-01-08,phone,platform,45.0,7.0,1
T01893-2, CUSTOMER1893@DEMO-ML.EXAMPLE , closed , medium ,2.7,2026-01-09,web,security,51.5,8.25,2
T01894-1,customer1894@demo-ml.example, closed , low ,4.7,2026-01-10,web,success,45.5,7.25,2
T01896-1,customer1896@demo-ml.example, pending , high ,,2026-01-14,chat,security,46.5,7.75,1
T01896-2, CUSTOMER1896@DEMO-ML.EXAMPLE , resolved , low ,4.8,2026-01-15,phone,billing,5.0,9.0,2
T01897-1,customer1897@demo-ml.example, resolved , critical ,4.4,2026-01-16,phone,platform,47.0,8.0,2
T01897-3,customer1897@demo-ml.example, open , critical ,4.2,2026-01-18,email,billing,12.0,1.5,1
T01898-1,customer1898@demo-ml.example, closed , low ,2.7,2026-01-18,web,success,47.5,8.25,0
T01898-1,customer1898@demo-ml.example, closed , low ,2.7,2026-01-18,web,success,47.5,8.25,0
T01899-1,customer1899@demo-ml.example, open , medium ,3.4,2026-01-20,email,billing,48.0,8.5,1
T01899-2, CUSTOMER1899@DEMO-ML.EXAMPLE , pending , critical ,4.5,2026-01-21,chat,success,6.5,0.75,2
T01901-1,customer1901@demo-ml.example, resolved , critical ,4.8,2026-01-24,phone,platform,49.0,9.0,0
T01902-1,customer1902@demo-ml.example, closed , low ,3.1,2026-01-26,web,success,49.5,9.25,1
T01902-2, CUSTOMER1902@DEMO-ML.EXAMPLE , open , high ,4.2,2026-01-27,email,platform,8.0,1.5,2
T01903-1,customer1903@demo-ml.example, open , medium ,3.8,2026-01-28,email,billing,50.0,0.5,2
T01904-1,customer1904@demo-ml.example, pending ,,,2026-01-30,chat,security,50.5,0.75,0
T01904-3,customer1904@demo-ml.example, closed , high ,4.3,2026-02-01,web,success,15.5,3.25,2
T01906-1,customer1906@demo-ml.example, closed , low ,3.5,2026-02-03,web,success,51.5,1.25,2
T01907-1,customer1907@demo-ml.example, open , medium ,4.2,2026-02-05,email,billing,4.0,1.5,0
T01908-1,customer1908@demo-ml.example, pending , high ,4.9,2026-02-07,chat,security,4.5,1.75,1
T01908-2, CUSTOMER1908@DEMO-ML.EXAMPLE , resolved , low ,3.6,2026-02-08,phone,billing,11.0,3.0,2
T01909-1,customer1909@demo-ml.example, resolved , critical ,3.2,2026-02-09,phone,platform,5.0,2.0,2
T01911-1,customer1911@demo-ml.example, open , medium ,4.6,2026-02-13,email,billing,6.0,2.5,1
T01911-1,customer1911@demo-ml.example, open , medium ,4.6,2026-02-13,email,billing,6.0,2.5,1
T01911-2, CUSTOMER1911@DEMO-ML.EXAMPLE , pending , critical ,3.3,2026-02-14,chat,success,12.5,3.75,2
T01911-3,customer1911@demo-ml.example, resolved , medium ,4.4,2026-02-15,phone,platform,19.0,5.0,0
T01912-1,customer1912@demo-ml.example, pending , high ,,2026-02-15,chat,security,6.5,2.75,2
T01913-1,customer1913@demo-ml.example, resolved , critical ,3.6,2026-02-17,phone,platform,7.0,3.0,0
T01914-1,customer1914@demo-ml.example, closed , low ,4.3,2026-02-19,web,success,7.5,3.25,1
T01914-2, CUSTOMER1914@DEMO-ML.EXAMPLE , open , high ,3.0,2026-02-20,email,platform,14.0,4.5,2
T01916-1,customer1916@demo-ml.example, pending , high ,3.3,2026-02-23,chat,security,8.5,3.75,0
T01917-1,customer1917@demo-ml.example, resolved , critical ,4.0,2026-02-25,phone,platform,9.0,4.0,1
T01917-2, CUSTOMER1917@DEMO-ML.EXAMPLE , closed , medium ,2.7,2026-02-26,web,security,15.5,5.25,2
T01918-1,customer1918@demo-ml.example, closed , low ,4.7,2026-02-27,web,success,9.5,4.25,2
T01918-3,customer1918@demo-ml.example, pending , low ,4.5,2026-03-01,chat,security,22.5,6.75,1
T01919-1,customer1919@demo-ml.example,, medium ,3.0,2026-03-01,email,billing,10.0,4.5,0
T01921-1,customer1921@demo-ml.example, resolved ,,4.4,2026-03-05,phone,platform,11.0,5.0,2
T01922-1,customer1922@demo-ml.example, closed , low ,2.7,2026-03-07,web,success,11.5,5.25,0
T01923-1,customer1923@demo-ml.example, open , medium ,3.4,2026-03-09,email,billing,12.0,5.5,1
T01923-2, CUSTOMER1923@DEMO-ML.EXAMPLE , pending , critical ,4.5,2026-03-10,chat,success,18.5,6.75,2
T01924-1,customer1924@demo-ml.example, pending , high ,4.1,2026-03-11,chat,security,12.5,5.75,2
T01924-1,customer1924@demo-ml.example, pending , high ,4.1,2026-03-11,chat,security,12.5,5.75,2
T01926-1,customer1926@demo-ml.example, closed , low ,3.1,2026-03-15,web,success,13.5,6.25,1
T01926-2, CUSTOMER1926@DEMO-ML.EXAMPLE , open , high ,4.2,2026-03-16,email,platform,20.0,7.5,2
T01927-1,customer1927@demo-ml.example, open , medium ,3.8,2026-03-17,email,billing,14.0,6.5,2
T01928-1,customer1928@demo-ml.example, pending , high ,,2026-03-19,chat,security,14.5,6.75,0
T01929-1,customer1929@demo-ml.example, resolved , critical ,2.8,2026-03-21,phone,platform,15.0,7.0,1
T01929-2, CUSTOMER1929@DEMO-ML.EXAMPLE , closed , medium ,3.9,2026-03-22,web,security,21.5,8.25,2
T01931-1,customer1931@demo-ml.example, open , medium ,4.2,2026-03-25,email,billing,16.0,7.5,0
T01932-1,customer1932@demo-ml.example, pending , high ,4.9,2026-03-27,chat,security,16.5,7.75,1
T01932-2, CUSTOMER1932@DEMO-ML.EXAMPLE , resolved , low ,3.6,2026-03-28,phone,billing,23.0,9.0,2
T01932-3,customer1932@demo-ml.example, closed , high ,4.7,2026-03-29,web,success,29.5,1.25,0
T01933-1,customer1933@demo-ml.example, resolved , critical ,3.2,2026-03-29,phone,platform,17.0,8.0,2
T01934-1,customer1934@demo-ml.example, closed , low ,3.9,2026-03-31,web,success,17.5,8.25,0
T01936-1,customer1936@demo-ml.example, pending , high ,,2026-01-04,chat,security,18.5,8.75,2
T01937-1,customer1937@demo-ml.example, resolved , critical ,3.6,2026-01-06,phone,platform,19.0,9.0,0
T01937-1,customer1937@demo-ml.example, resolved , critical ,3.6,2026-01-06,phone,platform,19.0,9.0,0
T01938-1,customer1938@demo-ml.example,,,4.3,2026-01-08,web,success,19.5,9.25,1
T01938-2, CUSTOMER1938@DEMO-ML.EXAMPLE , open , high ,3.0,2026-01-09,email,platform,26.0,1.5,2
T01939-1,customer1939@demo-ml.example, open , medium ,2.6,2026-01-10,email,billing,20.0,0.5,2
T01939-3,customer1939@demo-ml.example, resolved , medium ,4.8,2026-01-12,phone,platform,33.0,3.0,1
T01941-1,customer1941@demo-ml.example, resolved , critical ,4.0,2026-01-14,phone,platform,21.0,1.0,1
T01941-2, CUSTOMER1941@DEMO-ML.EXAMPLE , closed , medium ,2.7,2026-01-15,web,security,27.5,2.25,2
T01942-1,customer1942@demo-ml.example, closed , low ,4.7,2026-01-16,web,success,21.5,1.25,2
T01943-1,customer1943@demo-ml.example, open , medium ,3.0,2026-01-18,email,billing,22.0,1.5,0
T01944-1,customer1944@demo-ml.example, pending , high ,,2026-01-20,chat,security,22.5,1.75,1
T01944-2, CUSTOMER1944@DEMO-ML.EXAMPLE , resolved , low ,4.8,2026-01-21,phone,billing,29.0,3.0,2
T01946-1,customer1946@demo-ml.example, closed , low ,2.7,2026-01-24,web,success,23.5,2.25,0
T01946-3,customer1946@demo-ml.example, pending , low ,4.9,2026-01-26,chat,security,36.5,4.75,2
T01947-1,customer1947@demo-ml.example, open , medium ,3.4,2026-01-26,email,billing,24.0,2.5,1
T01947-2, CUSTOMER1947@DEMO-ML.EXAMPLE , pending , critical ,4.5,2026-01-27,chat,success,30.5,3.75,2
T01948-1,customer1948@demo-ml.example, pending , high ,4.1,2026-01-28,chat,security,24.5,2.75,2
T01949-1,customer1949@demo-ml.example, resolved , critical ,4.8,2026-01-30,phone,platform,25.0,3.0,0
T01951-1,customer1951@demo-ml.example, open , medium ,3.8,2026-02-03,email,billing,26.0,3.5,2
T01952-1,customer1952@demo-ml.example, pending , high ,,2026-02-05,chat,security,26.5,3.75,0
T01953-1,customer1953@demo-ml.example, resolved , critical ,2.8,2026-02-07,phone,platform,27.0,4.0,1
T01953-2, CUSTOMER1953@DEMO-ML.EXAMPLE , closed , medium ,3.9,2026-02-08,web,security,33.5,5.25,2
T01953-3,customer1953@demo-ml.example, open , critical ,2.6,2026-02-09,email,billing,40.0,6.5,0
T01954-1,customer1954@demo-ml.example, closed , low ,3.5,2026-02-09,web,success,27.5,4.25,2
T01956-1,customer1956@demo-ml.example, pending , high ,4.9,2026-02-13,chat,security,28.5,4.75,1
T01956-2, CUSTOMER1956@DEMO-ML.EXAMPLE , resolved , low ,3.6,2026-02-14,phone,billing,35.0,6.0,2
T01957-1,customer1957@demo-ml.example,, critical ,3.2,2026-02-15,phone,platform,29.0,5.0,2
T01958-1,customer1958@demo-ml.example, closed , low ,3.9,2026-02-17,web,success,29.5,5.25,0
T01959-1,customer1959@demo-ml.example, open , medium ,4.6,2026-02-19,email,billing,30.0,5.5,1
T01959-2, CUSTOMER1959@DEMO-ML.EXAMPLE , pending , critical ,3.3,2026-02-20,chat,success,36.5,6.75,2
T01961-1,customer1961@demo-ml.example, resolved , critical ,3.6,2026-02-23,phone,platform,31.0,6.0,0
T01962-1,customer1962@demo-ml.example, closed , low ,4.3,2026-02-25,web,success,31.5,6.25,1
T01962-2, CUSTOMER1962@DEMO-ML.EXAMPLE , open , high ,3.0,2026-02-26,email,platform,38.0,7.5,2
T01963-1,customer1963@demo-ml.example, open , medium ,2.6,2026-02-27,email,billing,32.0,6.5,2
T01963-1,customer1963@demo-ml.example, open , medium ,2.6,2026-02-27,email,billing,32.0,6.5,2
T01964-1,customer1964@demo-ml.example, pending , high ,3.3,2026-03-01,chat,security,32.5,6.75,0
T01966-1,customer1966@demo-ml.example, closed , low ,4.7,2026-03-05,web,success,33.5,7.25,2
T01967-1,customer1967@demo-ml.example, open , medium ,3.0,2026-03-07,email,billing,34.0,7.5,0
T01967-3,customer1967@demo-ml.example, resolved , medium ,2.8,2026-03-09,phone,platform,47.0,1.0,2
T01968-1,customer1968@demo-ml.example, pending , high ,,2026-03-09,chat,security,34.5,7.75,1
T01968-2, CUSTOMER1968@DEMO-ML.EXAMPLE , resolved , low ,4.8,2026-03-10,phone,billing,41.0,9.0,2
T01969-1,customer1969@demo-ml.example, resolved , critical ,4.4,2026-03-11,phone,platform,35.0,8.0,2
T01971-1,customer1971@demo-ml.example, open , medium ,3.4,2026-03-15,email,billing,36.0,8.5,1
T01971-2, CUSTOMER1971@DEMO-ML.EXAMPLE , pending , critical ,4.5,2026-03-16,chat,success,42.5,0.75,2
T01972-1,customer1972@demo-ml.example, pending ,,4.1,2026-03-17,chat,security,36.5,8.75,2
T01973-1,customer1973@demo-ml.example, resolved , critical ,4.8,2026-03-19,phone,platform,37.0,9.0,0
T01974-1,customer1974@demo-ml.example, closed , low ,3.1,2026-03-21,web,success,37.5,9.25,1
T01974-2, CUSTOMER1974@DEMO-ML.EXAMPLE , open , high ,4.2,2026-03-22,email,platform,44.0,1.5,2
T01974-3,customer1974@demo-ml.example, pending , low ,2.9,2026-03-23,chat,security,50.5,2.75,0
T01976-1,customer1976@demo-ml.example,, high ,,2026-03-25,chat,security,38.5,0.75,0
T01976-1,customer1976@demo-ml.example,, high ,,2026-03-25,chat,security,38.5,0.75,0
T01977-1,customer1977@demo-ml.example, resolved , critical ,2.8,2026-03-27,phone,platform,39.0,1.0,1
T01977-2, CUSTOMER1977@DEMO-ML.EXAMPLE , closed , medium ,3.9,2026-03-28,web,security,45.5,2.25,2
T01978-1,customer1978@demo-ml.example, closed , low ,3.5,2026-03-29,web,success,39.5,1.25,2
T01979-1,customer1979@demo-ml.example, open , medium ,4.2,2026-03-31,email,billing,40.0,1.5,0
T01981-1,customer1981@demo-ml.example, resolved , critical ,3.2,2026-01-04,phone,platform,41.0,2.0,2
T01981-3,customer1981@demo-ml.example, open , critical ,3.0,2026-01-06,email,billing,6.0,4.5,1
T01982-1,customer1982@demo-ml.example, closed , low ,3.9,2026-01-06,web,success,41.5,2.25,0
T01983-1,customer1983@demo-ml.example, open , medium ,4.6,2026-01-08,email,billing,42.0,2.5,1
T01983-2, CUSTOMER1983@DEMO-ML.EXAMPLE , pending , critical ,3.3,2026-01-09,chat,success,48.5,3.75,2
T01984-1,customer1984@demo-ml.example, pending , high ,,2026-01-10,chat,security,42.5,2.75,2
T01986-1,customer1986@demo-ml.example, closed , low ,4.3,2026-01-14,web,success,43.5,3.25,1
T01986-2, CUSTOMER1986@DEMO-ML.EXAMPLE , open , high ,3.0,2026-01-15,email,platform,50.0,4.5,2
T01987-1,customer1987@demo-ml.example, open , medium ,2.6,2026-01-16,email,billing,44.0,3.5,2
T01988-1,customer1988@demo-ml.example, pending , high ,3.3,2026-01-18,chat,security,44.5,3.75,0
T01988-3,customer1988@demo-ml.example, closed , high ,3.1,2026-01-20,web,success,9.5,6.25,2
T01989-1,customer1989@demo-ml.example, resolved ,,4.0,2026-01-20,phone,platform,45.0,4.0,1
T01989-1,customer1989@demo-ml.example, resolved ,,4.0,2026-01-20,phone,platform,45.0,4.0,1
T01989-2, CUSTOMER1989@DEMO-ML.EXAMPLE , closed , medium ,2.7,2026-01-21,web,security,51.5,5.25,2
T01991-1,customer1991@demo-ml.example, open , medium ,3.0,2026-01-24,email,billing,46.0,4.5,0
T01992-1,customer1992@demo-ml.example, pending , high ,,2026-01-26,chat,security,46.5,4.75,1
T01992-2, CUSTOMER1992@DEMO-ML.EXAMPLE , resolved , low ,4.8,2026-01-27,phone,billing,5.0,6.0,2
T01993-1,customer1993@demo-ml.example, resolved , critical ,4.4,2026-01-28,phone,platform,47.0,5.0,2
T01994-1,customer1994@demo-ml.example, closed , low ,2.7,2026-01-30,web,success,47.5,5.25,0
T01996-1,customer1996@demo-ml.example, pending , high ,4.1,2026-02-03,chat,security,48.5,5.75,2
T01997-1,customer1997@demo-ml.example, resolved , critical ,4.8,2026-02-05,phone,platform,49.0,6.0,0
T01998-1,customer1998@demo-ml.example, closed , low ,3.1,2026-02-07,web,success,49.5,6.25,1
T01998-2, CUSTOMER1998@DEMO-ML.EXAMPLE , open , high ,4.2,2026-02-08,email,platform,8.0,7.5,2
T01999-1,customer1999@demo-ml.example, open , medium ,3.8,2026-02-09,email,billing,50.0,6.5,2
T02001-1,customer2001@demo-ml.example, resolved , critical ,2.8,2026-02-13,phone,platform,51.0,7.0,1
T02001-2, CUSTOMER2001@DEMO-ML.EXAMPLE , closed , medium ,3.9,2026-02-14,web,security,9.5,8.25,2
T02002-1,customer2002@demo-ml.example, closed , low ,3.5,2026-02-15,web,success,51.5,7.25,2
T02002-1,customer2002@demo-ml.example, closed , low ,3.5,2026-02-15,web,success,51.5,7.25,2
T02002-3,customer2002@demo-ml.example, pending , low ,3.3,2026-02-17,chat,security,16.5,0.75,1
T02003-1,customer2003@demo-ml.example, open , medium ,4.2,2026-02-17,email,billing,4.0,7.5,0
T02004-1,customer2004@demo-ml.example, pending , high ,4.9,2026-02-19,chat,security,4.5,7.75,1
T02004-2, CUSTOMER2004@DEMO-ML.EXAMPLE , resolved , low ,3.6,2026-02-20,phone,billing,11.0,9.0,2
T02006-1,customer2006@demo-ml.example, closed ,,3.9,2026-02-23,web,success,5.5,8.25,0
T02007-1,customer2007@demo-ml.example, open , medium ,4.6,2026-02-25,email,billing,6.0,8.5,1
T02007-2, CUSTOMER2007@DEMO-ML.EXAMPLE , pending , critical ,3.3,2026-02-26,chat,success,12.5,0.75,2
T02008-1,customer2008@demo-ml.example, pending , high ,,2026-02-27,chat,security,6.5,8.75,2
T02009-1,customer2009@demo-ml.example, resolved , critical ,3.6,2026-03-01,phone,platform,7.0,9.0,0
T02009-3,customer2009@demo-ml.example, open , critical ,3.4,2026-03-03,email,billing,20.0,2.5,2
T02011-1,customer2011@demo-ml.example, open , medium ,2.6,2026-03-05,email,billing,8.0,0.5,2
T02012-1,customer2012@demo-ml.example, pending , high ,3.3,2026-03-07,chat,security,8.5,0.75,0
T02013-1,customer2013@demo-ml.example, resolved , critical ,4.0,2026-03-09,phone,platform,9.0,1.0,1
T02013-2, CUSTOMER2013@DEMO-ML.EXAMPLE , closed , medium ,2.7,2026-03-10,web,security,15.5,2.25,2
T02014-1,customer2014@demo-ml.example,, low ,4.7,2026-03-11,web,success,9.5,1.25,2
T02016-1,customer2016@demo-ml.example, pending , high ,,2026-03-15,chat,security,10.5,1.75,1
T02016-2, CUSTOMER2016@DEMO-ML.EXAMPLE , resolved , low ,4.8,2026-03-16,phone,billing,17.0,3.0,2
T02016-3,customer2016@demo-ml.example, closed , high ,3.5,2026-03-17,web,success,23.5,4.25,0
T02017-1,customer2017@demo-ml.example, resolved , critical ,4.4,2026-03-17,phone,platform,11.0,2.0,2
T02018-1,customer2018@demo-ml.example, closed , low ,2.7,2026-03-19,web,success,11.5,2.25,0
T02019-1,customer2019@demo-ml.example, open , medium ,3.4,2026-03-21,email,billing,12.0,2.5,1
T02019-2, CUSTOMER2019@DEMO-ML.EXAMPLE , pending , critical ,4.5,2026-03-22,chat,success,18.5,3.75,2
T02021-1,customer2021@demo-ml.example, resolved , critical ,4.8,2026-03-25,phone,platform,13.0,3.0,0
T02022-1,customer2022@demo-ml.example, closed , low ,3.1,2026-03-27,web,success,13.5,3.25,1
T02022-2, CUSTOMER2022@DEMO-ML.EXAMPLE , open , high ,4.2,2026-03-28,email,platform,20.0,4.5,2
T02023-1,customer2023@demo-ml.example, open ,,3.8,2026-03-29,email,billing,14.0,3.5,2
T02023-3,customer2023@demo-ml.example, resolved , medium ,3.6,2026-03-31,phone,platform,27.0,6.0,1
T02024-1,customer2024@demo-ml.example, pending , high ,,2026-03-31,chat,security,14.5,3.75,0
T02026-1,customer2026@demo-ml.example, closed , low ,3.5,2026-01-04,web,success,15.5,4.25,2
T02027-1,customer2027@demo-ml.example, open , medium ,4.2,2026-01-06,email,billing,16.0,4.5,0
T02028-1,customer2028@demo-ml.example, pending , high ,4.9,2026-01-08,chat,security,16.5,4.75,1
T02028-1,customer2028@demo-ml.example, pending , high ,4.9,2026-01-08,chat,security,16.5,4.75,1
T02028-2, CUSTOMER2028@DEMO-ML.EXAMPLE , resolved , low ,3.6,2026-01-09,phone,billing,23.0,6.0,2
T02029-1,customer2029@demo-ml.example, resolved , critical ,3.2,2026-01-10,phone,platform,17.0,5.0,2
T02031-1,customer2031@demo-ml.example, open , medium ,4.6,2026-01-14,email,billing,18.0,5.5,1
T02031-2, CUSTOMER2031@DEMO-ML.EXAMPLE , pending , critical ,3.3,2026-01-15,chat,success,24.5,6.75,2
T02032-1,customer2032@demo-ml.example, pending , high ,,2026-01-16,chat,security,18.5,5.75,2
T02033-1,customer2033@demo-ml.example,, critical ,3.6,2026-01-18,phone,platform,19.0,6.0,0
T02034-1,customer2034@demo-ml.example, closed , low ,4.3,2026-01-20,web,success,19.5,6.25,1
T02034-2, CUSTOMER2034@DEMO-ML.EXAMPLE , open , high ,3.0,2026-01-21,email,platform,26.0,7.5,2
T02036-1,customer2036@demo-ml.example, pending , high ,3.3,2026-01-24,chat,security,20.5,6.75,0
T02037-1,customer2037@demo-ml.example, resolved , critical ,4.0,2026-01-26,phone,platform,21.0,7.0,1
T02037-2, CUSTOMER2037@DEMO-ML.EXAMPLE , closed , medium ,2.7,2026-01-27,web,security,27.5,8.25,2
T02037-3,customer2037@demo-ml.example, open , critical ,3.8,2026-01-28,email,billing,34.0,0.5,0
T02038-1,customer2038@demo-ml.example, closed , low ,4.7,2026-01-28,web,success,21.5,7.25,2
T02039-1,customer2039@demo-ml.example, open , medium ,3.0,2026-01-30,email,billing,22.0,7.5,0
T02041-1,customer2041@demo-ml.example, resolved , critical ,4.4,2026-02-03,phone,platform,23.0,8.0,2
T02041-1,customer2041@demo-ml.example, resolved , critical ,4.4,2026-02-03,phone,platform,23.0,8.0,2
T02042-1,customer2042@demo-ml.example, closed , low ,2.7,2026-02-05,web,success,23.5,8.25,0
T02043-1,customer2043@demo-ml.example, open , medium ,3.4,2026-02-07,email,billing,24.0,8.5,1
T02043-2, CUSTOMER2043@DEMO-ML.EXAMPLE , pending , critical ,4.5,2026-02-08,chat,success,30.5,0.75,2
T02044-1,customer2044@demo-ml.example, pending , high ,4.1,2026-02-09,chat,security,24.5,8.75,2
T02044-3,customer2044@demo-ml.example, closed , high ,3.9,2026-02-11,web,success,37.5,2.25,1
T02046-1,customer2046@demo-ml.example, closed , low ,3.1,2026-02-13,web,success,25.5,9.25,1
T02046-2, CUSTOMER2046@DEMO-ML.EXAMPLE , open , high ,4.2,2026-02-14,email,platform,32.0,1.5,2
T02047-1,customer2047@demo-ml.example, open , medium ,3.8,2026-02-15,email,billing,26.0,0.5,2
T02048-1,customer2048@demo-ml.example, pending , high ,,2026-02-17,chat,security,26.5,0.75,0
T02049-1,customer2049@demo-ml.example, resolved , critical ,2.8,2026-02-19,phone,platform,27.0,1.0,1
T02049-2, CUSTOMER2049@DEMO-ML.EXAMPLE , closed , medium ,3.9,2026-02-20,web,security,33.5,2.25,2
T02051-1,customer2051@demo-ml.example, open , medium ,4.2,2026-02-23,email,billing,28.0,1.5,0
T02051-3,customer2051@demo-ml.example, resolved , medium ,4.0,2026-02-25,phone,platform,41.0,4.0,2
T02052-1,customer2052@demo-ml.example,, high ,4.9,2026-02-25,chat,security,28.5,1.75,1
T02052-2, CUSTOMER2052@DEMO-ML.EXAMPLE , resolved , low ,3.6,2026-02-26,phone,billing,35.0,3.0,2
T02053-1,customer2053@demo-ml.example, resolved , critical ,3.2,2026-02-27,phone,platform,29.0,2.0,2
T02054-1,customer2054@demo-ml.example, closed , low ,3.9,2026-03-01,web,success,29.5,2.25,0
T02054-1,customer2054@demo-ml.example, closed , low ,3.9,2026-03-01,web,success,29.5,2.25,0
T02056-1,customer2056@demo-ml.example, pending , high ,,2026-03-05,chat,security,30.5,2.75,2
T02057-1,customer2057@demo-ml.example, resolved ,,3.6,2026-03-07,phone,platform,31.0,3.0,0
T02058-1,customer2058@demo-ml.example, closed , low ,4.3,2026-03-09,web,success,31.5,3.25,1
T02058-2, CUSTOMER2058@DEMO-ML.EXAMPLE , open , high ,3.0,2026-03-10,email,platform,38.0,4.5,2
T02058-3,customer2058@demo-ml.example, pending , low ,4.1,2026-03-11,chat,security,44.5,5.75,0
T02059-1,customer2059@demo-ml.example, open , medium ,2.6,2026-03-11,email,billing,32.0,3.5,2
T02061-1,customer2061@demo-ml.example, resolved , critical ,4.0,2026-03-15,phone,platform,33.0,4.0,1
T02061-2, CUSTOMER2061@DEMO-ML.EXAMPLE , closed , medium ,2.7,2026-03-16,web,security,39.5,5.25,2
T02062-1,customer2062@demo-ml.example, closed , low ,4.7,2026-03-17,web,success,33.5,4.25,2
T02063-1,customer2063@demo-ml.example, open , medium ,3.0,2026-03-19,email,billing,34.0,4.5,0
T02064-1,customer2064@demo-ml.example, pending , high ,,2026-03-21,chat,security,34.5,4.75,1
T02064-2, CUSTOMER2064@DEMO-ML.EXAMPLE , resolved , low ,4.8,2026-03-22,phone,billing,41.0,6.0,2
T02066-1,customer2066@demo-ml.example, closed , low ,2.7,2026-03-25,web,success,35.5,5.25,0
T02067-1,customer2067@demo-ml.example, open , medium ,3.4,2026-03-27,email,billing,36.0,5.5,1
T02067-1,customer2067@demo-ml.example, open , medium ,3.4,2026-03-27,email,billing,36.0,5.5,1
T02067-2, CUSTOMER2067@DEMO-ML.EXAMPLE , pending , critical ,4.5,2026-03-28,chat,success,42.5,6.75,2
T02068-1,customer2068@demo-ml.example, pending , high ,4.1,2026-03-29,chat,security,36.5,5.75,2
T02069-1,customer2069@demo-ml.example, resolved , critical ,4.8,2026-03-31,phone,platform,37.0,6.0,0
T02071-1,customer2071@demo-ml.example,, medium ,3.8,2026-01-04,email,billing,38.0,6.5,2
T02072-1,customer2072@demo-ml.example, pending , high ,,2026-01-06,chat,security,38.5,6.75,0
T02072-3,customer2072@demo-ml.example, closed , high ,4.3,2026-01-08,web,success,51.5,9.25,2
T02073-1,customer2073@demo-ml.example, resolved , critical ,2.8,2026-01-08,phone,platform,39.0,7.0,1
T02073-2, CUSTOMER2073@DEMO-ML.EXAMPLE , closed , medium ,3.9,2026-01-09,web,security,45.5,8.25,2
T02074-1,customer2074@demo-ml.example, closed ,,3.5,2026-01-10,web,success,39.5,7.25,2
T02076-1,customer2076@demo-ml.example, pending , high ,4.9,2026-01-14,chat,security,40.5,7.75,1
T02076-2, CUSTOMER2076@DEMO-ML.EXAMPLE , resolved , low ,3.6,2026-01-15,phone,billing,47.0,9.0,2
T02077-1,customer2077@demo-ml.example, resolved , critical ,3.2,2026-01-16,phone,platform,41.0,8.0,2
T02078-1,customer2078@demo-ml.example, closed , low ,3.9,2026-01-18,web,success,41.5,8.25,0
T02079-1,customer2079@demo-ml.example, open , medium ,4.6,2026-01-20,email,billing,42.0,8.5,1
T02079-2, CUSTOMER2079@DEMO-ML.EXAMPLE , pending , critical ,3.3,2026-01-21,chat,success,48.5,0.75,2
T02079-3,customer2079@demo-ml.example, resolved , medium ,4.4,2026-01-22,phone,platform,7.0,2.0,0
T02081-1,customer2081@demo-ml.example, resolved , critical ,3.6,2026-01-24,phone,platform,43.0,9.0,0
T02082-1,customer2082@demo-ml.example, closed , low ,4.3,2026-01-26,web,success,43.5,9.25,1
T02082-2, CUSTOMER2082@DEMO-ML.EXAMPLE , open , high ,3.0,2026-01-27,email,platform,50.0,1.5,2
T02083-1,customer2083@demo-ml.example, open , medium ,2.6,2026-01-28,email,billing,44.0,0.5,2
T02084-1,customer2084@demo-ml.example, pending , high ,3.3,2026-01-30,chat,security,44.5,0.75,0
T02086-1,customer2086@demo-ml.example, closed , low ,4.7,2026-02-03,web,success,45.5,1.25,2
T02086-3,customer2086@demo-ml.example, pending , low ,4.5,2026-02-05,chat,security,10.5,3.75,1
T02087-1,customer2087@demo-ml.example, open , medium ,3.0,2026-02-05,email,billing,46.0,1.5,0
T02088-1,customer2088@demo-ml.example, pending , high ,,2026-02-07,chat,security,46.5,1.75,1
T02088-2, CUSTOMER2088@DEMO-ML.EXAMPLE , resolved , low ,4.8,2026-02-08,phone,billing,5.0,3.0,2
T02089-1,customer2089@demo-ml.example, resolved , critical ,4.4,2026-02-09,phone,platform,47.0,2.0,2
T02091-1,customer2091@demo-ml.example, open ,,3.4,2026-02-13,email,billing,48.0,2.5,1
T02091-2, CUSTOMER2091@DEMO-ML.EXAMPLE , pending , critical ,4.5,2026-02-14,chat,success,6.5,3.75,2
T02092-1,customer2092@demo-ml.example, pending , high ,4.1,2026-02-15,chat,security,48.5,2.75,2
T02093-1,customer2093@demo-ml.example, resolved , critical ,4.8,2026-02-17,phone,platform,49.0,3.0,0
T02093-1,customer2093@demo-ml.example, resolved , critical ,4.8,2026-02-17,phone,platform,49.0,3.0,0
T02093-3,customer2093@demo-ml.example, open , critical ,4.6,2026-02-19,email,billing,14.0,5.5,2
T02094-1,customer2094@demo-ml.example, closed , low ,3.1,2026-02-19,web,success,49.5,3.25,1
T02094-2, CUSTOMER2094@DEMO-ML.EXAMPLE , open , high ,4.2,2026-02-20,email,platform,8.0,4.5,2
T02096-1,customer2096@demo-ml.example, pending , high ,,2026-02-23,chat,security,50.5,3.75,0
T02097-1,customer2097@demo-ml.example, resolved , critical ,2.8,2026-02-25,phone,platform,51.0,4.0,1
T02097-2, CUSTOMER2097@DEMO-ML.EXAMPLE , closed , medium ,3.9,2026-02-26,web,security,9.5,5.25,2
T02098-1,customer2098@demo-ml.example, closed , low ,3.5,2026-02-27,web,success,51.5,4.25,2
T02099-1,customer2099@demo-ml.example, open , medium ,4.2,2026-03-01,email,billing,4.0,4.5,0
T02101-1,customer2101@demo-ml.example, resolved , critical ,3.2,2026-03-05,phone,platform,5.0,5.0,2
T02102-1,customer2102@demo-ml.example, closed , low ,3.9,2026-03-07,web,success,5.5,5.25,0
T02103-1,customer2103@demo-ml.example, open , medium ,4.6,2026-03-09,email,billing,6.0,5.5,1
T02103-2, CUSTOMER2103@DEMO-ML.EXAMPLE , pending , critical ,3.3,2026-03-10,chat,success,12.5,6.75,2
T02104-1,customer2104@demo-ml.example, pending , high ,,2026-03-11,chat,security,6.5,5.75,2
T02106-1,customer2106@demo-ml.example, closed , low ,4.3,2026-03-15,web,success,7.5,6.25,1
T02106-1,customer2106@demo-ml.example, closed , low ,4.3,2026-03-15,web,success,7.5,6.25,1
T02106-2, CUSTOMER2106@DEMO-ML.EXAMPLE , open , high ,3.0,2026-03-16,email,platform,14.0,7.5,2
T02107-1,customer2107@demo-ml.example, open , medium ,2.6,2026-03-17,email,billing,8.0,6.5,2
T02107-3,customer2107@demo-ml.example, resolved , medium ,4.8,2026-03-19,phone,platform,21.0,9.0,1
T02108-1,customer2108@demo-ml.example, pending ,,3.3,2026-03-19,chat,security,8.5,6.75,0
T02109-1,customer2109@demo-ml.example,, critical ,4.0,2026-03-21,phone,platform,9.0,7.0,1
T02109-2, CUSTOMER2109@DEMO-ML.EXAMPLE , closed , medium ,2.7,2026-03-22,web,security,15.5,8.25,2
T02111-1,customer2111@demo-ml.example, open , medium ,3.0,2026-03-25,email,billing,10.0,7.5,0
T02112-1,customer2112@demo-ml.example, pending , high ,,2026-03-27,chat,security,10.5,7.75,1
T02112-2, CUSTOMER2112@DEMO-ML.EXAMPLE , resolved , low ,4.8,2026-03-28,phone,billing,17.0,9.0,2
T02113-1,customer2113@demo-ml.example, resolved , critical ,4.4,2026-03-29,phone,platform,11.0,8.0,2
T02114-1,customer2114@demo-ml.example, closed , low ,2.7,2026-03-31,web,success,11.5,8.25,0
T02114-3,customer2114@demo-ml.example, pending , low ,4.9,2026-01-02,chat,security,24.5,1.75,2
T02116-1,customer2116@demo-ml.example, pending , high ,4.1,2026-01-04,chat,security,12.5,8.75,2
T02117-1,customer2117@demo-ml.example, resolved , critical ,4.8,2026-01-06,phone,platform,13.0,9.0,0
T02118-1,customer2118@demo-ml.example, closed , low ,3.1,2026-01-08,web,success,13.5,9.25,1
T02118-2, CUSTOMER2118@DEMO-ML.EXAMPLE , open , high ,4.2,2026-01-09,email,platform,20.0,1.5,2
T02119-1,customer2119@demo-ml.example, open , medium ,3.8,2026-01-10,email,billing,14.0,0.5,2
T02119-1,customer2119@demo-ml.example, open , medium ,3.8,2026-01-10,email,billing,14.0,0.5,2
T02121-1,customer2121@demo-ml.example, resolved , critical ,2.8,2026-01-14,phone,platform,15.0,1.0,1
T02121-2, CUSTOMER2121@DEMO-ML.EXAMPLE , closed , medium ,3.9,2026-01-15,web,security,21.5,2.25,2
T02121-3,customer2121@demo-ml.example, open , critical ,2.6,2026-01-16,email,billing,28.0,3.5,0
T02122-1,customer2122@demo-ml.example, closed , low ,3.5,2026-01-16,web,success,15.5,1.25,2
T02123-1,customer2123@demo-ml.example, open , medium ,4.2,2026-01-18,email,billing,16.0,1.5,0
T02124-1,customer2124@demo-ml.example, pending , high ,4.9,2026-01-20,chat,security,16.5,1.75,1
T02124-2, CUSTOMER2124@DEMO-ML.EXAMPLE , resolved , low ,3.6,2026-01-21,phone,billing,23.0,3.0,2
T02126-1,customer2126@demo-ml.example, closed , low ,3.9,2026-01-24,web,success,17.5,2.25,0
T02127-1,customer2127@demo-ml.example, open , medium ,4.6,2026-01-26,email,billing,18.0,2.5,1
T02127-2, CUSTOMER2127@DEMO-ML.EXAMPLE , pending , critical ,3.3,2026-01-27,chat,success,24.5,3.75,2
T02128-1,customer2128@demo-ml.example,, high ,,2026-01-28,chat,security,18.5,2.75,2
T02128-3,customer2128@demo-ml.example, closed , high ,2.7,2026-01-30,web,success,31.5,5.25,1
T02129-1,customer2129@demo-ml.example, resolved , critical ,3.6,2026-01-30,phone,platform,19.0,3.0,0
T02131-1,customer2131@demo-ml.example, open , medium ,2.6,2026-02-03,email,billing,20.0,3.5,2
T02132-1,customer2132@demo-ml.example, pending , high ,3.3,2026-02-05,chat,security,20.5,3.75,0
T02132-1,customer2132@demo-ml.example, pending , high ,3.3,2026-02-05,chat,security,20.5,3.75,0
T02133-1,customer2133@demo-ml.example, resolved , critical ,4.0,2026-02-07,phone,platform,21.0,4.0,1
T02133-2, CUSTOMER2133@DEMO-ML.EXAMPLE , closed , medium ,2.7,2026-02-08,web,security,27.5,5.25,2
T02134-1,customer2134@demo-ml.example, closed , low ,4.7,2026-02-09,web,success,21.5,4.25,2
T02136-1,customer2136@demo-ml.example, pending , high ,,2026-02-13,chat,security,22.5,4.75,1
T02136-2, CUSTOMER2136@DEMO-ML.EXAMPLE , resolved , low ,4.8,2026-02-14,phone,billing,29.0,6.0,2
T02137-1,customer2137@demo-ml.example, resolved , critical ,4.4,2026-02-15,phone,platform,23.0,5.0,2
T02138-1,customer2138@demo-ml.example, closed , low ,2.7,2026-02-17,web,success,23.5,5.25,0
T02139-1,customer2139@demo-ml.example, open , medium ,3.4,2026-02-19,email,billing,24.0,5.5,1
T02139-2, CUSTOMER2139@DEMO-ML.EXAMPLE , pending , critical ,4.5,2026-02-20,chat,success,30.5,6.75,2
T02141-1,customer2141@demo-ml.example, resolved , critical ,4.8,2026-02-23,phone,platform,25.0,6.0,0
T02142-1,customer2142@demo-ml.example, closed ,,3.1,2026-02-25,web,success,25.5,6.25,1
T02142-2, CUSTOMER2142@DEMO-ML.EXAMPLE , open , high ,4.2,2026-02-26,email,platform,32.0,7.5,2
T02142-3,customer2142@demo-ml.example, pending , low ,2.9,2026-02-27,chat,security,38.5,8.75,0
T02143-1,customer2143@demo-ml.example, open , medium ,3.8,2026-02-27,email,billing,26.0,6.5,2
T02144-1,customer2144@demo-ml.example, pending , high ,,2026-03-01,chat,security,26.5,6.75,0
T02146-1,customer2146@demo-ml.example, closed , low ,3.5,2026-03-05,web,success,27.5,7.25,2
T02147-1,customer2147@demo-ml.example,, medium ,4.2,2026-03-07,email,billing,28.0,7.5,0
T02148-1,customer2148@demo-ml.example, pending , high ,4.9,2026-03-09,chat,security,28.5,7.75,1
T02148-2, CUSTOMER2148@DEMO-ML.EXAMPLE , resolved , low ,3.6,2026-03-10,phone,billing,35.0,9.0,2
T02149-1,customer2149@demo-ml.example, resolved , critical ,3.2,2026-03-11,phone,platform,29.0,8.0,2
T02149-3,customer2149@demo-ml.example, open , critical ,3.0,2026-03-13,email,billing,42.0,1.5,1
T02151-1,customer2151@demo-ml.example, open , medium ,4.6,2026-03-15,email,billing,30.0,8.5,1
T02151-2, CUSTOMER2151@DEMO-ML.EXAMPLE , pending , critical ,3.3,2026-03-16,chat,success,36.5,0.75,2
T02152-1,customer2152@demo-ml.example, pending , high ,,2026-03-17,chat,security,30.5,8.75,2
T02153-1,customer2153@demo-ml.example, resolved , critical ,3.6,2026-03-19,phone,platform,31.0,9.0,0
T02154-1,customer2154@demo-ml.example, closed , low ,4.3,2026-03-21,web,success,31.5,9.25,1
T02154-2, CUSTOMER2154@DEMO-ML.EXAMPLE , open , high ,3.0,2026-03-22,email,platform,38.0,1.5,2
T02156-1,customer2156@demo-ml.example, pending , high ,3.3,2026-03-25,chat,security,32.5,0.75,0
T02156-3,customer2156@demo-ml.example, closed , high ,3.1,2026-03-27,web,success,45.5,3.25,2
T02157-1,customer2157@demo-ml.example, resolved , critical ,4.0,2026-03-27,phone,platform,33.0,1.0,1
T02157-2, CUSTOMER2157@DEMO-ML.EXAMPLE , closed , medium ,2.7,2026-03-28,web,security,39.5,2.25,2
T02158-1,customer2158@demo-ml.example, closed , low ,4.7,2026-03-29,web,success,33.5,1.25,2
T02158-1,customer2158@demo-ml.example, closed , low ,4.7,2026-03-29,web,success,33.5,1.25,2
T02159-1,customer2159@demo-ml.example, open ,,3.0,2026-03-31,email,billing,34.0,1.5,0
T02161-1,customer2161@demo-ml.example, resolved , critical ,4.4,2026-01-04,phone,platform,35.0,2.0,2
T02162-1,customer2162@demo-ml.example, closed , low ,2.7,2026-01-06,web,success,35.5,2.25,0
T02163-1,customer2163@demo-ml.example, open , medium ,3.4,2026-01-08,email,billing,36.0,2.5,1
T02163-2, CUSTOMER2163@DEMO-ML.EXAMPLE , pending , critical ,4.5,2026-01-09,chat,success,42.5,3.75,2
T02163-3,customer2163@demo-ml.example, resolved , medium ,3.2,2026-01-10,phone,platform,49.0,5.0,0
T02164-1,customer2164@demo-ml.example, pending , high ,4.1,2026-01-10,chat,security,36.5,2.75,2
T02166-1,customer2166@demo-ml.example,, low ,3.1,2026-01-14,web,success,37.5,3.25,1
T02166-2, CUSTOMER2166@DEMO-ML.EXAMPLE , open , high ,4.2,2026-01-15,email,platform,44.0,4.5,2
T02167-1,customer2167@demo-ml.example, open , medium ,3.8,2026-01-16,email,billing,38.0,3.5,2
T02168-1,customer2168@demo-ml.example, pending , high ,,2026-01-18,chat,security,38.5,3.75,0
T02169-1,customer2169@demo-ml.example, resolved , critical ,2.8,2026-01-20,phone,platform,39.0,4.0,1
T02169-2, CUSTOMER2169@DEMO-ML.EXAMPLE , closed , medium ,3.9,2026-01-21,web,security,45.5,5.25,2
T02171-1,customer2171@demo-ml.example, open , medium ,4.2,2026-01-24,email,billing,40.0,4.5,0
T02171-1,customer2171@demo-ml.example, open , medium ,4.2,2026-01-24,email,billing,40.0,4.5,0
T02172-1,customer2172@demo-ml.example, pending , high ,4.9,2026-01-26,chat,security,40.5,4.75,1
T02172-2, CUSTOMER2172@DEMO-ML.EXAMPLE , resolved , low ,3.6,2026-01-27,phone,billing,47.0,6.0,2
T02173-1,customer2173@demo-ml.example, resolved , critical ,3.2,2026-01-28,phone,platform,41.0,5.0,2
T02174-1,customer2174@demo-ml.example, closed , low ,3.9,2026-01-30,web,success,41.5,5.25,0
T02176-1,customer2176@demo-ml.example, pending ,,,2026-02-03,chat,security,42.5,5.75,2
T02177-1,customer2177@demo-ml.example, resolved , critical ,3.6,2026-02-05,phone,platform,43.0,6.0,0
T02177-3,customer2177@demo-ml.example, open , critical ,3.4,2026-02-07,email,billing,8.0,8.5,2
T02178-1,customer2178@demo-ml.example, closed , low ,4.3,2026-02-07,web,success,43.5,6.25,1
T02178-2, CUSTOMER2178@DEMO-ML.EXAMPLE , open , high ,3.0,2026-02-08,email,platform,50.0,7.5,2
T02179-1,customer2179@demo-ml.example, open , medium ,2.6,2026-02-09,email,billing,44.0,6.5,2
T02181-1,customer2181@demo-ml.example, resolved , critical ,4.0,2026-02-13,phone,platform,45.0,7.0,1
T02181-2, CUSTOMER2181@DEMO-ML.EXAMPLE , closed , medium ,2.7,2026-02-14,web,security,51.5,8.25,2
T02182-1,customer2182@demo-ml.example, closed , low ,4.7,2026-02-15,web,success,45.5,7.25,2
T02183-1,customer2183@demo-ml.example, open , medium ,3.0,2026-02-17,email,billing,46.0,7.5,0
T02184-1,customer2184@demo-ml.example, pending , high ,,2026-02-19,chat,security,46.5,7.75,1
T02184-1,customer2184@demo-ml.example, pending , high ,,2026-02-19,chat,security,46.5,7.75,1
T02184-2, CUSTOMER2184@DEMO-ML.EXAMPLE , resolved , low ,4.8,2026-02-20,phone,billing,5.0,9.0,2
T02184-3,customer2184@demo-ml.example, closed , high ,3.5,2026-02-21,web,success,11.5,1.25,0
T02186-1,customer2186@demo-ml.example, closed , low ,2.7,2026-02-23,web,success,47.5,8.25,0
T02187-1,customer2187@demo-ml.example, open , medium ,3.4,2026-02-25,email,billing,48.0,8.5,1
T02187-2, CUSTOMER2187@DEMO-ML.EXAMPLE , pending , critical ,4.5,2026-02-26,chat,success,6.5,0.75,2
T02188-1,customer2188@demo-ml.example, pending , high ,4.1,2026-02-27,chat,security,48.5,8.75,2
T02189-1,customer2189@demo-ml.example, resolved , critical ,4.8,2026-03-01,phone,platform,49.0,9.0,0
T02191-1,customer2191@demo-ml.example, open , medium ,3.8,2026-03-05,email,billing,50.0,0.5,2
T02191-3,customer2191@demo-ml.example, resolved , medium ,3.6,2026-03-07,phone,platform,15.0,3.0,1
T02192-1,customer2192@demo-ml.example, pending , high ,,2026-03-07,chat,security,50.5,0.75,0
T02193-1,customer2193@demo-ml.example, resolved ,,2.8,2026-03-09,phone,platform,51.0,1.0,1
T02193-2, CUSTOMER2193@DEMO-ML.EXAMPLE , closed , medium ,3.9,2026-03-10,web,security,9.5,2.25,2
T02194-1,customer2194@demo-ml.example, closed , low ,3.5,2026-03-11,web,success,51.5,1.25,2
T02196-1,customer2196@demo-ml.example, pending , high ,4.9,2026-03-15,chat,security,4.5,1.75,1
T02196-2, CUSTOMER2196@DEMO-ML.EXAMPLE , resolved , low ,3.6,2026-03-16,phone,billing,11.0,3.0,2
T02197-1,customer2197@demo-ml.example, resolved , critical ,3.2,2026-03-17,phone,platform,5.0,2.0,2
T02197-1,customer2197@demo-ml.example, resolved , critical ,3.2,2026-03-17,phone,platform,5.0,2.0,2
T02198-1,customer2198@demo-ml.example, closed , low ,3.9,2026-03-19,web,success,5.5,2.25,0
T02198-3,customer2198@demo-ml.example, pending , low ,3.7,2026-03-21,chat,security,18.5,4.75,2
T02199-1,customer2199@demo-ml.example, open , medium ,4.6,2026-03-21,email,billing,6.0,2.5,1
T02199-2, CUSTOMER2199@DEMO-ML.EXAMPLE , pending , critical ,3.3,2026-03-22,chat,success,12.5,3.75,2
T02201-1,customer2201@demo-ml.example, resolved , critical ,3.6,2026-03-25,phone,platform,7.0,3.0,0
T02202-1,customer2202@demo-ml.example, closed , low ,4.3,2026-03-27,web,success,7.5,3.25,1
T02202-2, CUSTOMER2202@DEMO-ML.EXAMPLE , open , high ,3.0,2026-03-28,email,platform,14.0,4.5,2
T02203-1,customer2203@demo-ml.example, open , medium ,2.6,2026-03-29,email,billing,8.0,3.5,2
T02204-1,customer2204@demo-ml.example,, high ,3.3,2026-03-31,chat,security,8.5,3.75,0
T02206-1,customer2206@demo-ml.example, closed , low ,4.7,2026-01-04,web,success,9.5,4.25,2
T02207-1,customer2207@demo-ml.example, open , medium ,3.0,2026-01-06,email,billing,10.0,4.5,0
T02208-1,customer2208@demo-ml.example, pending , high ,,2026-01-08,chat,security,10.5,4.75,1
T02208-2, CUSTOMER2208@DEMO-ML.EXAMPLE , resolved , low ,4.8,2026-01-09,phone,billing,17.0,6.0,2
T02209-1,customer2209@demo-ml.example, resolved , critical ,4.4,2026-01-10,phone,platform,11.0,5.0,2
T02211-1,customer2211@demo-ml.example, open , medium ,3.4,2026-01-14,email,billing,12.0,5.5,1
T02211-2, CUSTOMER2211@DEMO-ML.EXAMPLE , pending , critical ,4.5,2026-01-15,chat,success,18.5,6.75,2
T02212-1,customer2212@demo-ml.example, pending , high ,4.1,2026-01-16,chat,security,12.5,5.75,2
T02212-3,customer2212@demo-ml.example, closed , high ,3.9,2026-01-18,web,success,25.5,8.25,1
T02213-1,customer2213@demo-ml.example, resolved , critical ,4.8,2026-01-18,phone,platform,13.0,6.0,0
T02214-1,customer2214@demo-ml.example, closed , low ,3.1,2026-01-20,web,success,13.5,6.25,1
T02214-2, CUSTOMER2214@DEMO-ML.EXAMPLE , open , high ,4.2,2026-01-21,email,platform,20.0,7.5,2
T02216-1,customer2216@demo-ml.example, pending , high ,,2026-01-24,chat,security,14.5,6.75,0
T02217-1,customer2217@demo-ml.example, resolved , critical ,2.8,2026-01-26,phone,platform,15.0,7.0,1
T02217-2, CUSTOMER2217@DEMO-ML.EXAMPLE , closed , medium ,3.9,2026-01-27,web,security,21.5,8.25,2
T02218-1,customer2218@demo-ml.example, closed , low ,3.5,2026-01-28,web,success,15.5,7.25,2
T02219-1,customer2219@demo-ml.example, open , medium ,4.2,2026-01-30,email,billing,16.0,7.5,0
T02219-3,customer2219@demo-ml.example, resolved , medium ,4.0,2026-02-01,phone,platform,29.0,1.0,2
T02221-1,customer2221@demo-ml.example, resolved , critical ,3.2,2026-02-03,phone,platform,17.0,8.0,2
T02222-1,customer2222@demo-ml.example, closed , low ,3.9,2026-02-05,web,success,17.5,8.25,0
T02223-1,customer2223@demo-ml.example,, medium ,4.6,2026-02-07,email,billing,18.0,8.5,1
T02223-1,customer2223@demo-ml.example,, medium ,4.6,2026-02-07,email,billing,18.0,8.5,1
T02223-2, CUSTOMER2223@DEMO-ML.EXAMPLE , pending , critical ,3.3,2026-02-08,chat,success,24.5,0.75,2
T02224-1,customer2224@demo-ml.example, pending , high ,,2026-02-09,chat,security,18.5,8.75,2
T02226-1,customer2226@demo-ml.example, closed , low ,4.3,2026-02-13,web,success,19.5,9.25,1
T02226-2, CUSTOMER2226@DEMO-ML.EXAMPLE , open , high ,3.0,2026-02-14,email,platform,26.0,1.5,2
T02226-3,customer2226@demo-ml.example, pending , low ,4.1,2026-02-15,chat,security,32.5,2.75,0
T02227-1,customer2227@demo-ml.example, open ,,2.6,2026-02-15,email,billing,20.0,0.5,2
T02228-1,customer2228@demo-ml.example, pending , high ,3.3,2026-02-17,chat,security,20.5,0.75,0
T02229-1,customer2229@demo-ml.example, resolved , critical ,4.0,2026-02-19,phone,platform,21.0,1.0,1
T02229-2, CUSTOMER2229@DEMO-ML.EXAMPLE , closed , medium ,2.7,2026-02-20,web,security,27.5,2.25,2
T02231-1,customer2231@demo-ml.example, open , medium ,3.0,2026-02-23,email,billing,22.0,1.5,0
T02232-1,customer2232@demo-ml.example, pending , high ,,2026-02-25,chat,security,22.5,1.75,1
T02232-2, CUSTOMER2232@DEMO-ML.EXAMPLE , resolved , low ,4.8,2026-02-26,phone,billing,29.0,3.0,2
T02233-1,customer2233@demo-ml.example, resolved , critical ,4.4,2026-02-27,phone,platform,23.0,2.0,2
T02233-3,customer2233@demo-ml.example, open , critical ,4.2,2026-03-01,email,billing,36.0,4.5,1
T02234-1,customer2234@demo-ml.example, closed , low ,2.7,2026-03-01,web,success,23.5,2.25,0
T02236-1,customer2236@demo-ml.example, pending , high ,4.1,2026-03-05,chat,security,24.5,2.75,2
T02236-1,customer2236@demo-ml.example, pending , high ,4.1,2026-03-05,chat,security,24.5,2.75,2
T02237-1,customer2237@demo-ml.example, resolved , critical ,4.8,2026-03-07,phone,platform,25.0,3.0,0
T02238-1,customer2238@demo-ml.example, closed , low ,3.1,2026-03-09,web,success,25.5,3.25,1
T02238-2, CUSTOMER2238@DEMO-ML.EXAMPLE , open , high ,4.2,2026-03-10,email,platform,32.0,4.5,2
T02239-1,customer2239@demo-ml.example, open , medium ,3.8,2026-03-11,email,billing,26.0,3.5,2
T02241-1,customer2241@demo-ml.example, resolved , critical ,2.8,2026-03-15,phone,platform,27.0,4.0,1
T02241-2, CUSTOMER2241@DEMO-ML.EXAMPLE , closed , medium ,3.9,2026-03-16,web,security,33.5,5.25,2
T02242-1,customer2242@demo-ml.example,, low ,3.5,2026-03-17,web,success,27.5,4.25,2
T02243-1,customer2243@demo-ml.example, open , medium ,4.2,2026-03-19,email,billing,28.0,4.5,0
T02244-1,customer2244@demo-ml.example, pending ,,4.9,2026-03-21,chat,security,28.5,4.75,1
T02244-2, CUSTOMER2244@DEMO-ML.EXAMPLE , resolved , low ,3.6,2026-03-22,phone,billing,35.0,6.0,2
T02246-1,customer2246@demo-ml.example, closed , low ,3.9,2026-03-25,web,success,29.5,5.25,0
T02247-1,customer2247@demo-ml.example, open , medium ,4.6,2026-03-27,email,billing,30.0,5.5,1
T02247-2, CUSTOMER2247@DEMO-ML.EXAMPLE , pending , critical ,3.3,2026-03-28,chat,success,36.5,6.75,2
T02247-3,customer2247@demo-ml.example, resolved , medium ,4.4,2026-03-29,phone,platform,43.0,8.0,0
T02248-1,customer2248@demo-ml.example, pending , high ,,2026-03-29,chat,security,30.5,5.75,2
T02249-1,customer2249@demo-ml.example, resolved , critical ,3.6,2026-03-31,phone,platform,31.0,6.0,0
T02249-1,customer2249@demo-ml.example, resolved , critical ,3.6,2026-03-31,phone,platform,31.0,6.0,0
T02251-1,customer2251@demo-ml.example, open , medium ,2.6,2026-01-04,email,billing,32.0,6.5,2
T02252-1,customer2252@demo-ml.example, pending , high ,3.3,2026-01-06,chat,security,32.5,6.75,0
T02253-1,customer2253@demo-ml.example, resolved , critical ,4.0,2026-01-08,phone,platform,33.0,7.0,1
T02253-2, CUSTOMER2253@DEMO-ML.EXAMPLE , closed , medium ,2.7,2026-01-09,web,security,39.5,8.25,2
T02254-1,customer2254@demo-ml.example, closed , low ,4.7,2026-01-10,web,success,33.5,7.25,2
T02254-3,customer2254@demo-ml.example, pending , low ,4.5,2026-01-12,chat,security,46.5,0.75,1
T02256-1,customer2256@demo-ml.example, pending , high ,,2026-01-14,chat,security,34.5,7.75,1
T02256-2, CUSTOMER2256@DEMO-ML.EXAMPLE , resolved , low ,4.8,2026-01-15,phone,billing,41.0,9.0,2
T02257-1,customer2257@demo-ml.example, resolved , critical ,4.4,2026-01-16,phone,platform,35.0,8.0,2
T02258-1,customer2258@demo-ml.example, closed , low ,2.7,2026-01-18,web,success,35.5,8.25,0
T02259-1,customer2259@demo-ml.example, open , medium ,3.4,2026-01-20,email,billing,36.0,8.5,1
T02259-2, CUSTOMER2259@DEMO-ML.EXAMPLE , pending , critical ,4.5,2026-01-21,chat,success,42.5,0.75,2
T02261-1,customer2261@demo-ml.example,,,4.8,2026-01-24,phone,platform,37.0,9.0,0
T02261-3,customer2261@demo-ml.example, open , critical ,4.6,2026-01-26,email,billing,50.0,2.5,2
T02262-1,customer2262@demo-ml.example, closed , low ,3.1,2026-01-26,web,success,37.5,9.25,1
T02262-1,customer2262@demo-ml.example, closed , low ,3.1,2026-01-26,web,success,37.5,9.25,1
T02262-2, CUSTOMER2262@DEMO-ML.EXAMPLE , open , high ,4.2,2026-01-27,email,platform,44.0,1.5,2
T02263-1,customer2263@demo-ml.example, open , medium ,3.8,2026-01-28,email,billing,38.0,0.5,2
T02264-1,customer2264@demo-ml.example, pending , high ,,2026-01-30,chat,security,38.5,0.75,0
T02266-1,customer2266@demo-ml.example, closed , low ,3.5,2026-02-03,web,success,39.5,1.25,2
T02267-1,customer2267@demo-ml.example, open , medium ,4.2,2026-02-05,email,billing,40.0,1.5,0
T02268-1,customer2268@demo-ml.example, pending , high ,4.9,2026-02-07,chat,security,40.5,1.75,1
T02268-2, CUSTOMER2268@DEMO-ML.EXAMPLE , resolved , low ,3.6,2026-02-08,phone,billing,47.0,3.0,2
T02268-3,customer2268@demo-ml.example, closed , high ,4.7,2026-02-09,web,success,5.5,4.25,0
T02269-1,customer2269@demo-ml.example, resolved , critical ,3.2,2026-02-09,phone,platform,41.0,2.0,2
T02271-1,customer2271@demo-ml.example, open , medium ,4.6,2026-02-13,email,billing,42.0,2.5,1
T02271-2, CUSTOMER2271@DEMO-ML.EXAMPLE , pending , critical ,3.3,2026-02-14,chat,success,48.5,3.75,2
T02272-1,customer2272@demo-ml.example, pending , high ,,2026-02-15,chat,security,42.5,2.75,2
T02273-1,customer2273@demo-ml.example, resolved , critical ,3.6,2026-02-17,phone,platform,43.0,3.0,0
T02274-1,customer2274@demo-ml.example, closed , low ,4.3,2026-02-19,web,success,43.5,3.25,1
T02274-2, CUSTOMER2274@DEMO-ML.EXAMPLE , open , high ,3.0,2026-02-20,email,platform,50.0,4.5,2
T02276-1,customer2276@demo-ml.example, pending , high ,3.3,2026-02-23,chat,security,44.5,3.75,0
T02277-1,customer2277@demo-ml.example, resolved , critical ,4.0,2026-02-25,phone,platform,45.0,4.0,1
T02277-2, CUSTOMER2277@DEMO-ML.EXAMPLE , closed , medium ,2.7,2026-02-26,web,security,51.5,5.25,2
T02278-1,customer2278@demo-ml.example, closed ,,4.7,2026-02-27,web,success,45.5,4.25,2
T02279-1,customer2279@demo-ml.example, open , medium ,3.0,2026-03-01,email,billing,46.0,4.5,0
T02281-1,customer2281@demo-ml.example, resolved , critical ,4.4,2026-03-05,phone,platform,47.0,5.0,2
T02282-1,customer2282@demo-ml.example, closed , low ,2.7,2026-03-07,web,success,47.5,5.25,0
T02282-3,customer2282@demo-ml.example, pending , low ,4.9,2026-03-09,chat,security,12.5,7.75,2
T02283-1,customer2283@demo-ml.example, open , medium ,3.4,2026-03-09,email,billing,48.0,5.5,1
T02283-2, CUSTOMER2283@DEMO-ML.EXAMPLE , pending , critical ,4.5,2026-03-10,chat,success,6.5,6.75,2
T02284-1,customer2284@demo-ml.example, pending , high ,4.1,2026-03-11,chat,security,48.5,5.75,2
T02286-1,customer2286@demo-ml.example, closed , low ,3.1,2026-03-15,web,success,49.5,6.25,1
T02286-2, CUSTOMER2286@DEMO-ML.EXAMPLE , open , high ,4.2,2026-03-16,email,platform,8.0,7.5,2
T02287-1,customer2287@demo-ml.example, open , medium ,3.8,2026-03-17,email,billing,50.0,6.5,2
T02288-1,customer2288@demo-ml.example, pending , high ,,2026-03-19,chat,security,50.5,6.75,0
T02288-1,customer2288@demo-ml.example, pending , high ,,2026-03-19,chat,security,50.5,6.75,0
T02289-1,customer2289@demo-ml.example, resolved , critical ,2.8,2026-03-21,phone,platform,51.0,7.0,1
T02289-2, CUSTOMER2289@DEMO-ML.EXAMPLE , closed , medium ,3.9,2026-03-22,web,security,9.5,8.25,2
T02289-3,customer2289@demo-ml.example, open , critical ,2.6,2026-03-23,email,billing,16.0,0.5,0
T02291-1,customer2291@demo-ml.example, open , medium ,4.2,2026-03-25,email,billing,4.0,7.5,0
T02292-1,customer2292@demo-ml.example, pending , high ,4.9,2026-03-27,chat,security,4.5,7.75,1
T02292-2, CUSTOMER2292@DEMO-ML.EXAMPLE , resolved , low ,3.6,2026-03-28,phone,billing,11.0,9.0,2
T02293-1,customer2293@demo-ml.example, resolved , critical ,3.2,2026-03-29,phone,platform,5.0,8.0,2
T02294-1,customer2294@demo-ml.example, closed , low ,3.9,2026-03-31,web,success,5.5,8.25,0
T02296-1,customer2296@demo-ml.example, pending , high ,,2026-01-04,chat,security,6.5,8.75,2
T02296-3,customer2296@demo-ml.example, closed , high ,2.7,2026-01-06,web,success,19.5,2.25,1
T02297-1,customer2297@demo-ml.example, resolved , critical ,3.6,2026-01-06,phone,platform,7.0,9.0,0
T02298-1,customer2298@demo-ml.example, closed , low ,4.3,2026-01-08,web,success,7.5,9.25,1
T02298-2, CUSTOMER2298@DEMO-ML.EXAMPLE , open , high ,3.0,2026-01-09,email,platform,14.0,1.5,2
T02299-1,customer2299@demo-ml.example,, medium ,2.6,2026-01-10,email,billing,8.0,0.5,2
T02301-1,customer2301@demo-ml.example, resolved , critical ,4.0,2026-01-14,phone,platform,9.0,1.0,1
T02301-1,customer2301@demo-ml.example, resolved , critical ,4.0,2026-01-14,phone,platform,9.0,1.0,1
T02301-2, CUSTOMER2301@DEMO-ML.EXAMPLE , closed , medium ,2.7,2026-01-15,web,security,15.5,2.25,2
T02302-1,customer2302@demo-ml.example, closed , low ,4.7,2026-01-16,web,success,9.5,1.25,2
T02303-1,customer2303@demo-ml.example, open , medium ,3.0,2026-01-18,email,billing,10.0,1.5,0
T02303-3,customer2303@demo-ml.example, resolved , medium ,2.8,2026-01-20,phone,platform,23.0,4.0,2
T02304-1,customer2304@demo-ml.example, pending , high ,,2026-01-20,chat,security,10.5,1.75,1
T02304-2, CUSTOMER2304@DEMO-ML.EXAMPLE , resolved , low ,4.8,2026-01-21,phone,billing,17.0,3.0,2
T02306-1,customer2306@demo-ml.example, closed , low ,2.7,2026-01-24,web,success,11.5,2.25,0
T02307-1,customer2307@demo-ml.example, open , medium ,3.4,2026-01-26,email,billing,12.0,2.5,1
T02307-2, CUSTOMER2307@DEMO-ML.EXAMPLE , pending , critical ,4.5,2026-01-27,chat,success,18.5,3.75,2
T02308-1,customer2308@demo-ml.example, pending , high ,4.1,2026-01-28,chat,security,12.5,2.75,2
T02309-1,customer2309@demo-ml.example, resolved , critical ,4.8,2026-01-30,phone,platform,13.0,3.0,0
T02311-1,customer2311@demo-ml.example, open , medium ,3.8,2026-02-03,email,billing,14.0,3.5,2
T02312-1,customer2312@demo-ml.example, pending ,,,2026-02-05,chat,security,14.5,3.75,0
T02313-1,customer2313@demo-ml.example, resolved , critical ,2.8,2026-02-07,phone,platform,15.0,4.0,1
T02313-2, CUSTOMER2313@DEMO-ML.EXAMPLE , closed , medium ,3.9,2026-02-08,web,security,21.5,5.25,2
T02314-1,customer2314@demo-ml.example, closed , low ,3.5,2026-02-09,web,success,15.5,4.25,2
T02314-1,customer2314@demo-ml.example, closed , low ,3.5,2026-02-09,web,success,15.5,4.25,2
T02316-1,customer2316@demo-ml.example, pending , high ,4.9,2026-02-13,chat,security,16.5,4.75,1
T02316-2, CUSTOMER2316@DEMO-ML.EXAMPLE , resolved , low ,3.6,2026-02-14,phone,billing,23.0,6.0,2
T02317-1,customer2317@demo-ml.example, resolved , critical ,3.2,2026-02-15,phone,platform,17.0,5.0,2
T02317-3,customer2317@demo-ml.example, open , critical ,3.0,2026-02-17,email,billing,30.0,7.5,1
T02318-1,customer2318@demo-ml.example,, low ,3.9,2026-02-17,web,success,17.5,5.25,0
T02319-1,customer2319@demo-ml.example, open , medium ,4.6,2026-02-19,email,billing,18.0,5.5,1
T02319-2, CUSTOMER2319@DEMO-ML.EXAMPLE , pending , critical ,3.3,2026-02-20,chat,success,24.5,6.75,2
T02321-1,customer2321@demo-ml.example, resolved , critical ,3.6,2026-02-23,phone,platform,19.0,6.0,0
T02322-1,customer2322@demo-ml.example, closed , low ,4.3,2026-02-25,web,success,19.5,6.25,1
T02322-2, CUSTOMER2322@DEMO-ML.EXAMPLE , open , high ,3.0,2026-02-26,email,platform,26.0,7.5,2
T02323-1,customer2323@demo-ml.example, open , medium ,2.6,2026-02-27,email,billing,20.0,6.5,2
T02324-1,customer2324@demo-ml.example, pending , high ,3.3,2026-03-01,chat,security,20.5,6.75,0
T02324-3,customer2324@demo-ml.example, closed , high ,3.1,2026-03-03,web,success,33.5,9.25,2
T02326-1,customer2326@demo-ml.example, closed , low ,4.7,2026-03-05,web,success,21.5,7.25,2
T02327-1,customer2327@demo-ml.example, open , medium ,3.0,2026-03-07,email,billing,22.0,7.5,0
T02327-1,customer2327@demo-ml.example, open , medium ,3.0,2026-03-07,email,billing,22.0,7.5,0
T02328-1,customer2328@demo-ml.example, pending , high ,,2026-03-09,chat,security,22.5,7.75,1
T02328-2, CUSTOMER2328@DEMO-ML.EXAMPLE , resolved , low ,4.8,2026-03-10,phone,billing,29.0,9.0,2
T02329-1,customer2329@demo-ml.example, resolved ,,4.4,2026-03-11,phone,platform,23.0,8.0,2
T02331-1,customer2331@demo-ml.example, open , medium ,3.4,2026-03-15,email,billing,24.0,8.5,1
T02331-2, CUSTOMER2331@DEMO-ML.EXAMPLE , pending , critical ,4.5,2026-03-16,chat,success,30.5,0.75,2
T02331-3,customer2331@demo-ml.example, resolved , medium ,3.2,2026-03-17,phone,platform,37.0,2.0,0
T02332-1,customer2332@demo-ml.example, pending , high ,4.1,2026-03-17,chat,security,24.5,8.75,2
T02333-1,customer2333@demo-ml.example, resolved , critical ,4.8,2026-03-19,phone,platform,25.0,9.0,0
T02334-1,customer2334@demo-ml.example, closed , low ,3.1,2026-03-21,web,success,25.5,9.25,1
T02334-2, CUSTOMER2334@DEMO-ML.EXAMPLE , open , high ,4.2,2026-03-22,email,platform,32.0,1.5,2
T02336-1,customer2336@demo-ml.example, pending , high ,,2026-03-25,chat,security,26.5,0.75,0
T02337-1,customer2337@demo-ml.example,, critical ,2.8,2026-03-27,phone,platform,27.0,1.0,1
T02337-2, CUSTOMER2337@DEMO-ML.EXAMPLE , closed , medium ,3.9,2026-03-28,web,security,33.5,2.25,2
T02338-1,customer2338@demo-ml.example, closed , low ,3.5,2026-03-29,web,success,27.5,1.25,2
T02338-3,customer2338@demo-ml.example, pending , low ,3.3,2026-03-31,chat,security,40.5,3.75,1
T02339-1,customer2339@demo-ml.example, open , medium ,4.2,2026-03-31,email,billing,28.0,1.5,0
T02341-1,customer2341@demo-ml.example, resolved , critical ,3.2,2026-01-04,phone,platform,29.0,2.0,2
T02342-1,customer2342@demo-ml.example, closed , low ,3.9,2026-01-06,web,success,29.5,2.25,0
T02343-1,customer2343@demo-ml.example, open , medium ,4.6,2026-01-08,email,billing,30.0,2.5,1
T02343-2, CUSTOMER2343@DEMO-ML.EXAMPLE , pending , critical ,3.3,2026-01-09,chat,success,36.5,3.75,2
T02344-1,customer2344@demo-ml.example, pending , high ,,2026-01-10,chat,security,30.5,2.75,2
T02346-1,customer2346@demo-ml.example, closed ,,4.3,2026-01-14,web,success,31.5,3.25,1
T02346-2, CUSTOMER2346@DEMO-ML.EXAMPLE , open , high ,3.0,2026-01-15,email,platform,38.0,4.5,2
T02347-1,customer2347@demo-ml.example, open , medium ,2.6,2026-01-16,email,billing,32.0,3.5,2
T02348-1,customer2348@demo-ml.example, pending , high ,3.3,2026-01-18,chat,security,32.5,3.75,0
T02349-1,customer2349@demo-ml.example, resolved , critical ,4.0,2026-01-20,phone,platform,33.0,4.0,1
T02349-2, CUSTOMER2349@DEMO-ML.EXAMPLE , closed , medium ,2.7,2026-01-21,web,security,39.5,5.25,2
T02351-1,customer2351@demo-ml.example, open , medium ,3.0,2026-01-24,email,billing,34.0,4.5,0
T02352-1,customer2352@demo-ml.example, pending , high ,,2026-01-26,chat,security,34.5,4.75,1
T02352-2, CUSTOMER2352@DEMO-ML.EXAMPLE , resolved , low ,4.8,2026-01-27,phone,billing,41.0,6.0,2
T02352-3,customer2352@demo-ml.example, closed , high ,3.5,2026-01-28,web,success,47.5,7.25,0
T02353-1,customer2353@demo-ml.example, resolved , critical ,4.4,2026-01-28,phone,platform,35.0,5.0,2
T02353-1,customer2353@demo-ml.example, resolved , critical ,4.4,2026-01-28,phone,platform,35.0,5.0,2
T02354-1,customer2354@demo-ml.example, closed , low ,2.7,2026-01-30,web,success,35.5,5.25,0
T02356-1,customer2356@demo-ml.example,, high ,4.1,2026-02-03,chat,security,36.5,5.75,2
T02357-1,customer2357@demo-ml.example, resolved , critical ,4.8,2026-02-05,phone,platform,37.0,6.0,0
T02358-1,customer2358@demo-ml.example, closed , low ,3.1,2026-02-07,web,success,37.5,6.25,1
T02358-2, CUSTOMER2358@DEMO-ML.EXAMPLE , open , high ,4.2,2026-02-08,email,platform,44.0,7.5,2
T02359-1,customer2359@demo-ml.example, open , medium ,3.8,2026-02-09,email,billing,38.0,6.5,2
T02359-3,customer2359@demo-ml.example, resolved , medium ,3.6,2026-02-11,phone,platform,51.0,9.0,1
T02361-1,customer2361@demo-ml.example, resolved , critical ,2.8,2026-02-13,phone,platform,39.0,7.0,1
T02361-2, CUSTOMER2361@DEMO-ML.EXAMPLE , closed , medium ,3.9,2026-02-14,web,security,45.5,8.25,2
T02362-1,customer2362@demo-ml.example, closed , low ,3.5,2026-02-15,web,success,39.5,7.25,2
T02363-1,customer2363@demo-ml.example, open ,,4.2,2026-02-17,email,billing,40.0,7.5,0
T02364-1,customer2364@demo-ml.example, pending , high ,4.9,2026-02-19,chat,security,40.5,7.75,1
T02364-2, CUSTOMER2364@DEMO-ML.EXAMPLE , resolved , low ,3.6,2026-02-20,phone,billing,47.0,9.0,2
T02366-1,customer2366@demo-ml.example, closed , low ,3.9,2026-02-23,web,success,41.5,8.25,0
T02366-1,customer2366@demo-ml.example, closed , low ,3.9,2026-02-23,web,success,41.5,8.25,0
T02366-3,customer2366@demo-ml.example, pending , low ,3.7,2026-02-25,chat,security,6.5,1.75,2
T02367-1,customer2367@demo-ml.example, open , medium ,4.6,2026-02-25,email,billing,42.0,8.5,1
T02367-2, CUSTOMER2367@DEMO-ML.EXAMPLE , pending , critical ,3.3,2026-02-26,chat,success,48.5,0.75,2
T02368-1,customer2368@demo-ml.example, pending , high ,,2026-02-27,chat,security,42.5,8.75,2
T02369-1,customer2369@demo-ml.example, resolved , critical ,3.6,2026-03-01,phone,platform,43.0,9.0,0
T02371-1,customer2371@demo-ml.example, open , medium ,2.6,2026-03-05,email,billing,44.0,0.5,2
T02372-1,customer2372@demo-ml.example, pending , high ,3.3,2026-03-07,chat,security,44.5,0.75,0
T02373-1,customer2373@demo-ml.example, resolved , critical ,4.0,2026-03-09,phone,platform,45.0,1.0,1
T02373-2, CUSTOMER2373@DEMO-ML.EXAMPLE , closed , medium ,2.7,2026-03-10,web,security,51.5,2.25,2
T02373-3,customer2373@demo-ml.example, open , critical ,3.8,2026-03-11,email,billing,10.0,3.5,0
T02374-1,customer2374@demo-ml.example, closed , low ,4.7,2026-03-11,web,success,45.5,1.25,2
T02376-1,customer2376@demo-ml.example, pending , high ,,2026-03-15,chat,security,46.5,1.75,1
T02376-2, CUSTOMER2376@DEMO-ML.EXAMPLE , resolved , low ,4.8,2026-03-16,phone,billing,5.0,3.0,2
T02377-1,customer2377@demo-ml.example, resolved , critical ,4.4,2026-03-17,phone,platform,47.0,2.0,2
T02378-1,customer2378@demo-ml.example, closed , low ,2.7,2026-03-19,web,success,47.5,2.25,0
T02379-1,customer2379@demo-ml.example, open , medium ,3.4,2026-03-21,email,billing,48.0,2.5,1
T02379-1,customer2379@demo-ml.example, open , medium ,3.4,2026-03-21,email,billing,48.0,2.5,1
T02379-2, CUSTOMER2379@DEMO-ML.EXAMPLE , pending , critical ,4.5,2026-03-22,chat,success,6.5,3.75,2
T02381-1,customer2381@demo-ml.example, resolved , critical ,4.8,2026-03-25,phone,platform,49.0,3.0,0
T02382-1,customer2382@demo-ml.example, closed , low ,3.1,2026-03-27,web,success,49.5,3.25,1
T02382-2, CUSTOMER2382@DEMO-ML.EXAMPLE , open , high ,4.2,2026-03-28,email,platform,8.0,4.5,2
T02383-1,customer2383@demo-ml.example, open , medium ,3.8,2026-03-29,email,billing,50.0,3.5,2
T02384-1,customer2384@demo-ml.example, pending , high ,,2026-03-31,chat,security,50.5,3.75,0
T02386-1,customer2386@demo-ml.example, closed , low ,3.5,2026-01-04,web,success,51.5,4.25,2
T02387-1,customer2387@demo-ml.example, open , medium ,4.2,2026-01-06,email,billing,4.0,4.5,0
T02387-3,customer2387@demo-ml.example, resolved , medium ,4.0,2026-01-08,phone,platform,17.0,7.0,2
T02388-1,customer2388@demo-ml.example, pending , high ,4.9,2026-01-08,chat,security,4.5,4.75,1
T02388-2, CUSTOMER2388@DEMO-ML.EXAMPLE , resolved , low ,3.6,2026-01-09,phone,billing,11.0,6.0,2
T02389-1,customer2389@demo-ml.example, resolved , critical ,3.2,2026-01-10,phone,platform,5.0,5.0,2
T02391-1,customer2391@demo-ml.example, open , medium ,4.6,2026-01-14,email,billing,6.0,5.5,1
T02391-2, CUSTOMER2391@DEMO-ML.EXAMPLE , pending , critical ,3.3,2026-01-15,chat,success,12.5,6.75,2
T02392-1,customer2392@demo-ml.example, pending , high ,,2026-01-16,chat,security,6.5,5.75,2
T02392-1,customer2392@demo-ml.example, pending , high ,,2026-01-16,chat,security,6.5,5.75,2
T02393-1,customer2393@demo-ml.example, resolved , critical ,3.6,2026-01-18,phone,platform,7.0,6.0,0
T02394-1,customer2394@demo-ml.example,, low ,4.3,2026-01-20,web,success,7.5,6.25,1
T02394-2, CUSTOMER2394@DEMO-ML.EXAMPLE , open , high ,3.0,2026-01-21,email,platform,14.0,7.5,2
T02394-3,customer2394@demo-ml.example, pending , low ,4.1,2026-01-22,chat,security,20.5,8.75,0
T02396-1,customer2396@demo-ml.example, pending , high ,3.3,2026-01-24,chat,security,8.5,6.75,0
T02397-1,customer2397@demo-ml.example, resolved ,,4.0,2026-01-26,phone,platform,9.0,7.0,1
T02397-2, CUSTOMER2397@DEMO-ML.EXAMPLE , closed , medium ,2.7,2026-01-27,web,security,15.5,8.25,2
T02398-1,customer2398@demo-ml.example, closed , low ,4.7,2026-01-28,web,success,9.5,7.25,2
T02399-1,customer2399@demo-ml.example, open , medium ,3.0,2026-01-30,email,billing,10.0,7.5,0
T02401-1,customer2401@demo-ml.example, resolved , critical ,4.4,2026-02-03,phone,platform,11.0,8.0,2
T02401-3,customer2401@demo-ml.example, open , critical ,4.2,2026-02-05,email,billing,24.0,1.5,1
T02402-1,customer2402@demo-ml.example, closed , low ,2.7,2026-02-05,web,success,11.5,8.25,0
T02403-1,customer2403@demo-ml.example, open , medium ,3.4,2026-02-07,email,billing,12.0,8.5,1
T02403-2, CUSTOMER2403@DEMO-ML.EXAMPLE , pending , critical ,4.5,2026-02-08,chat,success,18.5,0.75,2
T02404-1,customer2404@demo-ml.example, pending , high ,4.1,2026-02-09,chat,security,12.5,8.75,2
T02406-1,customer2406@demo-ml.example, closed , low ,3.1,2026-02-13,web,success,13.5,9.25,1
T02406-2, CUSTOMER2406@DEMO-ML.EXAMPLE , open , high ,4.2,2026-02-14,email,platform,20.0,1.5,2
T02407-1,customer2407@demo-ml.example, open , medium ,3.8,2026-02-15,email,billing,14.0,0.5,2
T02408-1,customer2408@demo-ml.example, pending , high ,,2026-02-17,chat,security,14.5,0.75,0
T02408-3,customer2408@demo-ml.example, closed , high ,4.3,2026-02-19,web,success,27.5,3.25,2
T02409-1,customer2409@demo-ml.example, resolved , critical ,2.8,2026-02-19,phone,platform,15.0,1.0,1
T02409-2, CUSTOMER2409@DEMO-ML.EXAMPLE , closed , medium ,3.9,2026-02-20,web,security,21.5,2.25,2
T02411-1,customer2411@demo-ml.example, open , medium ,4.2,2026-02-23,email,billing,16.0,1.5,0
T02412-1,customer2412@demo-ml.example, pending , high ,4.9,2026-02-25,chat,security,16.5,1.75,1
T02412-2, CUSTOMER2412@DEMO-ML.EXAMPLE , resolved , low ,3.6,2026-02-26,phone,billing,23.0,3.0,2
T02413-1,customer2413@demo-ml.example,, critical ,3.2,2026-02-27,phone,platform,17.0,2.0,2
T02414-1,customer2414@demo-ml.example, closed ,,3.9,2026-03-01,web,success,17.5,2.25,0
T02416-1,customer2416@demo-ml.example, pending , high ,,2026-03-05,chat,security,18.5,2.75,2
T02417-1,customer2417@demo-ml.example, resolved , critical ,3.6,2026-03-07,phone,platform,19.0,3.0,0
T02418-1,customer2418@demo-ml.example, closed , low ,4.3,2026-03-09,web,success,19.5,3.25,1
T02418-1,customer2418@demo-ml.example, closed , low ,4.3,2026-03-09,web,success,19.5,3.25,1
T02418-2, CUSTOMER2418@DEMO-ML.EXAMPLE , open , high ,3.0,2026-03-10,email,platform,26.0,4.5,2
T02419-1,customer2419@demo-ml.example, open , medium ,2.6,2026-03-11,email,billing,20.0,3.5,2
T02421-1,customer2421@demo-ml.example, resolved , critical ,4.0,2026-03-15,phone,platform,21.0,4.0,1
T02421-2, CUSTOMER2421@DEMO-ML.EXAMPLE , closed , medium ,2.7,2026-03-16,web,security,27.5,5.25,2
T02422-1,customer2422@demo-ml.example, closed , low ,4.7,2026-03-17,web,success,21.5,4.25,2
T02422-3,customer2422@demo-ml.example, pending , low ,4.5,2026-03-19,chat,security,34.5,6.75,1
T02423-1,customer2423@demo-ml.example, open , medium ,3.0,2026-03-19,email,billing,22.0,4.5,0
T02424-1,customer2424@demo-ml.example, pending , high ,,2026-03-21,chat,security,22.5,4.75,1
T02424-2, CUSTOMER2424@DEMO-ML.EXAMPLE , resolved , low ,4.8,2026-03-22,phone,billing,29.0,6.0,2
T02426-1,customer2426@demo-ml.example, closed , low ,2.7,2026-03-25,web,success,23.5,5.25,0
T02427-1,customer2427@demo-ml.example, open , medium ,3.4,2026-03-27,email,billing,24.0,5.5,1
T02427-2, CUSTOMER2427@DEMO-ML.EXAMPLE , pending , critical ,4.5,2026-03-28,chat,success,30.5,6.75,2
T02428-1,customer2428@demo-ml.example, pending , high ,4.1,2026-03-29,chat,security,24.5,5.75,2
T02429-1,customer2429@demo-ml.example, resolved , critical ,4.8,2026-03-31,phone,platform,25.0,6.0,0
T02429-3,customer2429@demo-ml.example, open , critical ,4.6,2026-01-02,email,billing,38.0,8.5,2
T02431-1,customer2431@demo-ml.example, open ,,3.8,2026-01-04,email,billing,26.0,6.5,2
T02431-1,customer2431@demo-ml.example, open ,,3.8,2026-01-04,email,billing,26.0,6.5,2
T02432-1,customer2432@demo-ml.example,, high ,,2026-01-06,chat,security,26.5,6.75,0
T02433-1,customer2433@demo-ml.example, resolved , critical ,2.8,2026-01-08,phone,platform,27.0,7.0,1
T02433-2, CUSTOMER2433@DEMO-ML.EXAMPLE , closed , medium ,3.9,2026-01-09,web,security,33.5,8.25,2
T02434-1,customer2434@demo-ml.example, closed , low ,3.5,2026-01-10,web,success,27.5,7.25,2
T02436-1,customer2436@demo-ml.example, pending , high ,4.9,2026-01-14,chat,security,28.5,7.75,1
T02436-2, CUSTOMER2436@DEMO-ML.EXAMPLE , resolved , low ,3.6,2026-01-15,phone,billing,35.0,9.0,2
T02436-3,customer2436@demo-ml.example, closed , high ,4.7,2026-01-16,web,success,41.5,1.25,0
T02437-1,customer2437@demo-ml.example, resolved , critical ,3.2,2026-01-16,phone,platform,29.0,8.0,2
T02438-1,customer2438@demo-ml.example, closed , low ,3.9,2026-01-18,web,success,29.5,8.25,0
T02439-1,customer2439@demo-ml.example, open , medium ,4.6,2026-01-20,email,billing,30.0,8.5,1
T02439-2, CUSTOMER2439@DEMO-ML.EXAMPLE , pending , critical ,3.3,2026-01-21,chat,success,36.5,0.75,2
T02441-1,customer2441@demo-ml.example, resolved , critical ,3.6,2026-01-24,phone,platform,31.0,9.0,0
T02442-1,customer2442@demo-ml.example, closed , low ,4.3,2026-01-26,web,success,31.5,9.25,1
T02442-2, CUSTOMER2442@DEMO-ML.EXAMPLE , open , high ,3.0,2026-01-27,email,platform,38.0,1.5,2
T02443-1,customer2443@demo-ml.example, open , medium ,2.6,2026-01-28,email,billing,32.0,0.5,2
T02443-3,customer2443@demo-ml.example, resolved , medium ,4.8,2026-01-30,phone,platform,45.0,3.0,1
T02444-1,customer2444@demo-ml.example, pending , high ,3.3,2026-01-30,chat,security,32.5,0.75,0
T02444-1,customer2444@demo-ml.example, pending , high ,3.3,2026-01-30,chat,security,32.5,0.75,0
T02446-1,customer2446@demo-ml.example, closed , low ,4.7,2026-02-03,web,success,33.5,1.25,2
T02447-1,customer2447@demo-ml.example, open , medium ,3.0,2026-02-05,email,billing,34.0,1.5,0
T02448-1,customer2448@demo-ml.example, pending ,,,2026-02-07,chat,security,34.5,1.75,1
T02448-2, CUSTOMER2448@DEMO-ML.EXAMPLE , resolved , low ,4.8,2026-02-08,phone,billing,41.0,3.0,2
T02449-1,customer2449@demo-ml.example, resolved , critical ,4.4,2026-02-09,phone,platform,35.0,2.0,2
T02451-1,customer2451@demo-ml.example,, medium ,3.4,2026-02-13,email,billing,36.0,2.5,1
T02451-2, CUSTOMER2451@DEMO-ML.EXAMPLE , pending , critical ,4.5,2026-02-14,chat,success,42.5,3.75,2
T02452-1,customer2452@demo-ml.example, pending , high ,4.1,2026-02-15,chat,security,36.5,2.75,2
T02453-1,customer2453@demo-ml.example, resolved , critical ,4.8,2026-02-17,phone,platform,37.0,3.0,0
T02454-1,customer2454@demo-ml.example, closed , low ,3.1,2026-02-19,web,success,37.5,3.25,1
T02454-2, CUSTOMER2454@DEMO-ML.EXAMPLE , open , high ,4.2,2026-02-20,email,platform,44.0,4.5,2
T02456-1,customer2456@demo-ml.example, pending , high ,,2026-02-23,chat,security,38.5,3.75,0
T02457-1,customer2457@demo-ml.example, resolved , critical ,2.8,2026-02-25,phone,platform,39.0,4.0,1
T02457-1,customer2457@demo-ml.example, resolved , critical ,2.8,2026-02-25,phone,platform,39.0,4.0,1
T02457-2, CUSTOMER2457@DEMO-ML.EXAMPLE , closed , medium ,3.9,2026-02-26,web,security,45.5,5.25,2
T02457-3,customer2457@demo-ml.example, open , critical ,2.6,2026-02-27,email,billing,4.0,6.5,0
T02458-1,customer2458@demo-ml.example, closed , low ,3.5,2026-02-27,web,success,39.5,4.25,2
T02459-1,customer2459@demo-ml.example, open , medium ,4.2,2026-03-01,email,billing,40.0,4.5,0
T02461-1,customer2461@demo-ml.example, resolved , critical ,3.2,2026-03-05,phone,platform,41.0,5.0,2
T02462-1,customer2462@demo-ml.example, closed , low ,3.9,2026-03-07,web,success,41.5,5.25,0
T02463-1,customer2463@demo-ml.example, open , medium ,4.6,2026-03-09,email,billing,42.0,5.5,1
T02463-2, CUSTOMER2463@DEMO-ML.EXAMPLE , pending , critical ,3.3,2026-03-10,chat,success,48.5,6.75,2
T02464-1,customer2464@demo-ml.example, pending , high ,,2026-03-11,chat,security,42.5,5.75,2
T02464-3,customer2464@demo-ml.example, closed , high ,2.7,2026-03-13,web,success,7.5,8.25,1
T02466-1,customer2466@demo-ml.example, closed , low ,4.3,2026-03-15,web,success,43.5,6.25,1
T02466-2, CUSTOMER2466@DEMO-ML.EXAMPLE , open , high ,3.0,2026-03-16,email,platform,50.0,7.5,2
T02467-1,customer2467@demo-ml.example, open , medium ,2.6,2026-03-17,email,billing,44.0,6.5,2
T02468-1,customer2468@demo-ml.example, pending , high ,3.3,2026-03-19,chat,security,44.5,6.75,0
T02469-1,customer2469@demo-ml.example, resolved , critical ,4.0,2026-03-21,phone,platform,45.0,7.0,1
T02469-2, CUSTOMER2469@DEMO-ML.EXAMPLE , closed , medium ,2.7,2026-03-22,web,security,51.5,8.25,2
T02471-1,customer2471@demo-ml.example, open , medium ,3.0,2026-03-25,email,billing,46.0,7.5,0
T02471-3,customer2471@demo-ml.example, resolved , medium ,2.8,2026-03-27,phone,platform,11.0,1.0,2
T02472-1,customer2472@demo-ml.example, pending , high ,,2026-03-27,chat,security,46.5,7.75,1
T02472-2, CUSTOMER2472@DEMO-ML.EXAMPLE , resolved , low ,4.8,2026-03-28,phone,billing,5.0,9.0,2
T02473-1,customer2473@demo-ml.example, resolved , critical ,4.4,2026-03-29,phone,platform,47.0,8.0,2
T02474-1,customer2474@demo-ml.example, closed , low ,2.7,2026-03-31,web,success,47.5,8.25,0
T02476-1,customer2476@demo-ml.example, pending , high ,4.1,2026-01-04,chat,security,48.5,8.75,2
T02477-1,customer2477@demo-ml.example, resolved , critical ,4.8,2026-01-06,phone,platform,49.0,9.0,0
T02478-1,customer2478@demo-ml.example, closed , low ,3.1,2026-01-08,web,success,49.5,9.25,1
T02478-2, CUSTOMER2478@DEMO-ML.EXAMPLE , open , high ,4.2,2026-01-09,email,platform,8.0,1.5,2
T02478-3,customer2478@demo-ml.example, pending , low ,2.9,2026-01-10,chat,security,14.5,2.75,0
T02479-1,customer2479@demo-ml.example, open , medium ,3.8,2026-01-10,email,billing,50.0,0.5,2
T02481-1,customer2481@demo-ml.example, resolved , critical ,2.8,2026-01-14,phone,platform,51.0,1.0,1
T02481-2, CUSTOMER2481@DEMO-ML.EXAMPLE , closed , medium ,3.9,2026-01-15,web,security,9.5,2.25,2
T02482-1,customer2482@demo-ml.example, closed ,,3.5,2026-01-16,web,success,51.5,1.25,2
T02483-1,customer2483@demo-ml.example, open , medium ,4.2,2026-01-18,email,billing,4.0,1.5,0
T02483-1,customer2483@demo-ml.example, open , medium ,4.2,2026-01-18,email,billing,4.0,1.5,0
T02484-1,customer2484@demo-ml.example, pending , high ,4.9,2026-01-20,chat,security,4.5,1.75,1
T02484-2, CUSTOMER2484@DEMO-ML.EXAMPLE , resolved , low ,3.6,2026-01-21,phone,billing,11.0,3.0,2
T02486-1,customer2486@demo-ml.example, closed , low ,3.9,2026-01-24,web,success,5.5,2.25,0
T02487-1,customer2487@demo-ml.example, open , medium ,4.6,2026-01-26,email,billing,6.0,2.5,1
T02487-2, CUSTOMER2487@DEMO-ML.EXAMPLE , pending , critical ,3.3,2026-01-27,chat,success,12.5,3.75,2
T02488-1,customer2488@demo-ml.example, pending , high ,,2026-01-28,chat,security,6.5,2.75,2
T02489-1,customer2489@demo-ml.example,, critical ,3.6,2026-01-30,phone,platform,7.0,3.0,0
T02491-1,customer2491@demo-ml.example, open , medium ,2.6,2026-02-03,email,billing,8.0,3.5,2
T02492-1,customer2492@demo-ml.example, pending , high ,3.3,2026-02-05,chat,security,8.5,3.75,0
T02492-3,customer2492@demo-ml.example, closed , high ,3.1,2026-02-07,web,success,21.5,6.25,2
T02493-1,customer2493@demo-ml.example, resolved , critical ,4.0,2026-02-07,phone,platform,9.0,4.0,1
T02493-2, CUSTOMER2493@DEMO-ML.EXAMPLE , closed , medium ,2.7,2026-02-08,web,security,15.5,5.25,2
T02494-1,customer2494@demo-ml.example, closed , low ,4.7,2026-02-09,web,success,9.5,4.25,2
T02496-1,customer2496@demo-ml.example, pending , high ,,2026-02-13,chat,security,10.5,4.75,1
T02496-1,customer2496@demo-ml.example, pending , high ,,2026-02-13,chat,security,10.5,4.75,1
T02496-2, CUSTOMER2496@DEMO-ML.EXAMPLE , resolved , low ,4.8,2026-02-14,phone,billing,17.0,6.0,2
T02497-1,customer2497@demo-ml.example, resolved , critical ,4.4,2026-02-15,phone,platform,11.0,5.0,2
T02498-1,customer2498@demo-ml.example, closed , low ,2.7,2026-02-17,web,success,11.5,5.25,0
T02499-1,customer2499@demo-ml.example, open ,,3.4,2026-02-19,email,billing,12.0,5.5,1
T02499-2, CUSTOMER2499@DEMO-ML.EXAMPLE , pending , critical ,4.5,2026-02-20,chat,success,18.5,6.75,2
T02499-3,customer2499@demo-ml.example, resolved , medium ,3.2,2026-02-21,phone,platform,25.0,8.0,0
T02501-1,customer2501@demo-ml.example, resolved , critical ,4.8,2026-02-23,phone,platform,13.0,6.0,0
T02502-1,customer2502@demo-ml.example, closed , low ,3.1,2026-02-25,web,success,13.5,6.25,1
T02502-2, CUSTOMER2502@DEMO-ML.EXAMPLE , open , high ,4.2,2026-02-26,email,platform,20.0,7.5,2
T02503-1,customer2503@demo-ml.example, open , medium ,3.8,2026-02-27,email,billing,14.0,6.5,2
T02504-1,customer2504@demo-ml.example, pending , high ,,2026-03-01,chat,security,14.5,6.75,0
T02506-1,customer2506@demo-ml.example, closed , low ,3.5,2026-03-05,web,success,15.5,7.25,2
T02506-3,customer2506@demo-ml.example, pending , low ,3.3,2026-03-07,chat,security,28.5,0.75,1
T02507-1,customer2507@demo-ml.example, open , medium ,4.2,2026-03-07,email,billing,16.0,7.5,0
T02508-1,customer2508@demo-ml.example,, high ,4.9,2026-03-09,chat,security,16.5,7.75,1
T02508-2, CUSTOMER2508@DEMO-ML.EXAMPLE , resolved , low ,3.6,2026-03-10,phone,billing,23.0,9.0,2
T02509-1,customer2509@demo-ml.example, resolved , critical ,3.2,2026-03-11,phone,platform,17.0,8.0,2
T02509-1,customer2509@demo-ml.example, resolved , critical ,3.2,2026-03-11,phone,platform,17.0,8.0,2
T02511-1,customer2511@demo-ml.example, open , medium ,4.6,2026-03-15,email,billing,18.0,8.5,1
T02511-2, CUSTOMER2511@DEMO-ML.EXAMPLE , pending , critical ,3.3,2026-03-16,chat,success,24.5,0.75,2
T02512-1,customer2512@demo-ml.example, pending , high ,,2026-03-17,chat,security,18.5,8.75,2
T02513-1,customer2513@demo-ml.example, resolved , critical ,3.6,2026-03-19,phone,platform,19.0,9.0,0
T02513-3,customer2513@demo-ml.example, open , critical ,3.4,2026-03-21,email,billing,32.0,2.5,2
T02514-1,customer2514@demo-ml.example, closed , low ,4.3,2026-03-21,web,success,19.5,9.25,1
T02514-2, CUSTOMER2514@DEMO-ML.EXAMPLE , open , high ,3.0,2026-03-22,email,platform,26.0,1.5,2
T02516-1,customer2516@demo-ml.example, pending ,,3.3,2026-03-25,chat,security,20.5,0.75,0
T02517-1,customer2517@demo-ml.example, resolved , critical ,4.0,2026-03-27,phone,platform,21.0,1.0,1
T02517-2, CUSTOMER2517@DEMO-ML.EXAMPLE , closed , medium ,2.7,2026-03-28,web,security,27.5,2.25,2
T02518-1,customer2518@demo-ml.example, closed , low ,4.7,2026-03-29,web,success,21.5,1.25,2
T02519-1,customer2519@demo-ml.example, open , medium ,3.0,2026-03-31,email,billing,22.0,1.5,0
T02521-1,customer2521@demo-ml.example, resolved , critical ,4.4,2026-01-04,phone,platform,23.0,2.0,2
T02522-1,customer2522@demo-ml.example, closed , low ,2.7,2026-01-06,web,success,23.5,2.25,0
T02522-1,customer2522@demo-ml.example, closed , low ,2.7,2026-01-06,web,success,23.5,2.25,0
T02523-1,customer2523@demo-ml.example, open , medium ,3.4,2026-01-08,email,billing,24.0,2.5,1
T02523-2, CUSTOMER2523@DEMO-ML.EXAMPLE , pending , critical ,4.5,2026-01-09,chat,success,30.5,3.75,2
T02524-1,customer2524@demo-ml.example, pending , high ,4.1,2026-01-10,chat,security,24.5,2.75,2
T02526-1,customer2526@demo-ml.example, closed , low ,3.1,2026-01-14,web,success,25.5,3.25,1
T02526-2, CUSTOMER2526@DEMO-ML.EXAMPLE , open , high ,4.2,2026-01-15,email,platform,32.0,4.5,2
T02527-1,customer2527@demo-ml.example,, medium ,3.8,2026-01-16,email,billing,26.0,3.5,2
T02527-3,customer2527@demo-ml.example, resolved , medium ,3.6,2026-01-18,phone,platform,39.0,6.0,1
T02528-1,customer2528@demo-ml.example, pending , high ,,2026-01-18,chat,security,26.5,3.75,0
T02529-1,customer2529@demo-ml.example, resolved , critical ,2.8,2026-01-20,phone,platform,27.0,4.0,1
T02529-2, CUSTOMER2529@DEMO-ML.EXAMPLE , closed , medium ,3.9,2026-01-21,web,security,33.5,5.25,2
T02531-1,customer2531@demo-ml.example, open , medium ,4.2,2026-01-24,email,billing,28.0,4.5,0
T02532-1,customer2532@demo-ml.example, pending , high ,4.9,2026-01-26,chat,security,28.5,4.75,1
T02532-2, CUSTOMER2532@DEMO-ML.EXAMPLE , resolved , low ,3.6,2026-01-27,phone,billing,35.0,6.0,2
T02533-1,customer2533@demo-ml.example, resolved ,,3.2,2026-01-28,phone,platform,29.0,5.0,2
T02534-1,customer2534@demo-ml.example, closed , low ,3.9,2026-01-30,web,success,29.5,5.25,0
T02534-3,customer2534@demo-ml.example, pending , low ,3.7,2026-02-01,chat,security,42.5,7.75,2
T02536-1,customer2536@demo-ml.example, pending , high ,,2026-02-03,chat,security,30.5,5.75,2
T02537-1,customer2537@demo-ml.example, resolved , critical ,3.6,2026-02-05,phone,platform,31.0,6.0,0
T02538-1,customer2538@demo-ml.example, closed , low ,4.3,2026-02-07,web,success,31.5,6.25,1
T02538-2, CUSTOMER2538@DEMO-ML.EXAMPLE , open , high ,3.0,2026-02-08,email,platform,38.0,7.5,2
T02539-1,customer2539@demo-ml.example, open , medium ,2.6,2026-02-09,email,billing,32.0,6.5,2
T02541-1,customer2541@demo-ml.example, resolved , critical ,4.0,2026-02-13,phone,platform,33.0,7.0,1
T02541-2, CUSTOMER2541@DEMO-ML.EXAMPLE , closed , medium ,2.7,2026-02-14,web,security,39.5,8.25,2
T02541-3,customer2541@demo-ml.example, open , critical ,3.8,2026-02-15,email,billing,46.0,0.5,0
T02542-1,customer2542@demo-ml.example, closed , low ,4.7,2026-02-15,web,success,33.5,7.25,2
T02543-1,customer2543@demo-ml.example, open , medium ,3.0,2026-02-17,email,billing,34.0,7.5,0
T02544-1,customer2544@demo-ml.example, pending , high ,,2026-02-19,chat,security,34.5,7.75,1
T02544-2, CUSTOMER2544@DEMO-ML.EXAMPLE , resolved , low ,4.8,2026-02-20,phone,billing,41.0,9.0,2
T02546-1,customer2546@demo-ml.example,, low ,2.7,2026-02-23,web,success,35.5,8.25,0
T02547-1,customer2547@demo-ml.example, open , medium ,3.4,2026-02-25,email,billing,36.0,8.5,1
T02547-2, CUSTOMER2547@DEMO-ML.EXAMPLE , pending , critical ,4.5,2026-02-26,chat,success,42.5,0.75,2
T02548-1,customer2548@demo-ml.example, pending , high ,4.1,2026-02-27,chat,security,36.5,8.75,2
T02548-1,customer2548@demo-ml.example, pending , high ,4.1,2026-02-27,chat,security,36.5,8.75,2
T02548-3,customer2548@demo-ml.example, closed , high ,3.9,2026-03-01,web,success,49.5,2.25,1
T02549-1,customer2549@demo-ml.example, resolved , critical ,4.8,2026-03-01,phone,platform,37.0,9.0,0
T02551-1,customer2551@demo-ml.example, open , medium ,3.8,2026-03-05,email,billing,38.0,0.5,2
T02552-1,customer2552@demo-ml.example, pending , high ,,2026-03-07,chat,security,38.5,0.75,0
T02553-1,customer2553@demo-ml.example, resolved , critical ,2.8,2026-03-09,phone,platform,39.0,1.0,1
T02553-2, CUSTOMER2553@DEMO-ML.EXAMPLE , closed , medium ,3.9,2026-03-10,web,security,45.5,2.25,2
T02554-1,customer2554@demo-ml.example, closed , low ,3.5,2026-03-11,web,success,39.5,1.25,2
T02556-1,customer2556@demo-ml.example, pending , high ,4.9,2026-03-15,chat,security,40.5,1.75,1
T02556-2, CUSTOMER2556@DEMO-ML.EXAMPLE , resolved , low ,3.6,2026-03-16,phone,billing,47.0,3.0,2
T02557-1,customer2557@demo-ml.example, resolved , critical ,3.2,2026-03-17,phone,platform,41.0,2.0,2
T02558-1,customer2558@demo-ml.example, closed , low ,3.9,2026-03-19,web,success,41.5,2.25,0
T02559-1,customer2559@demo-ml.example, open , medium ,4.6,2026-03-21,email,billing,42.0,2.5,1
T02559-2, CUSTOMER2559@DEMO-ML.EXAMPLE , pending , critical ,3.3,2026-03-22,chat,success,48.5,3.75,2
T02561-1,customer2561@demo-ml.example, resolved , critical ,3.6,2026-03-25,phone,platform,43.0,3.0,0
T02561-1,customer2561@demo-ml.example, resolved , critical ,3.6,2026-03-25,phone,platform,43.0,3.0,0
T02562-1,customer2562@demo-ml.example, closed , low ,4.3,2026-03-27,web,success,43.5,3.25,1
T02562-2, CUSTOMER2562@DEMO-ML.EXAMPLE , open , high ,3.0,2026-03-28,email,platform,50.0,4.5,2
T02562-3,customer2562@demo-ml.example, pending , low ,4.1,2026-03-29,chat,security,8.5,5.75,0
T02563-1,customer2563@demo-ml.example, open , medium ,2.6,2026-03-29,email,billing,44.0,3.5,2
T02564-1,customer2564@demo-ml.example, pending , high ,3.3,2026-03-31,chat,security,44.5,3.75,0
T02566-1,customer2566@demo-ml.example, closed , low ,4.7,2026-01-04,web,success,45.5,4.25,2
T02567-1,customer2567@demo-ml.example, open ,,3.0,2026-01-06,email,billing,46.0,4.5,0
T02568-1,customer2568@demo-ml.example, pending , high ,,2026-01-08,chat,security,46.5,4.75,1
T02568-2, CUSTOMER2568@DEMO-ML.EXAMPLE , resolved , low ,4.8,2026-01-09,phone,billing,5.0,6.0,2
T02569-1,customer2569@demo-ml.example, resolved , critical ,4.4,2026-01-10,phone,platform,47.0,5.0,2
T02569-3,customer2569@demo-ml.example, open , critical ,4.2,2026-01-12,email,billing,12.0,7.5,1
T02571-1,customer2571@demo-ml.example, open , medium ,3.4,2026-01-14,email,billing,48.0,5.5,1
T02571-2, CUSTOMER2571@DEMO-ML.EXAMPLE , pending , critical ,4.5,2026-01-15,chat,success,6.5,6.75,2
T02572-1,customer2572@demo-ml.example, pending , high ,4.1,2026-01-16,chat,security,48.5,5.75,2
T02573-1,customer2573@demo-ml.example, resolved , critical ,4.8,2026-01-18,phone,platform,49.0,6.0,0
T02574-1,customer2574@demo-ml.example, closed , low ,3.1,2026-01-20,web,success,49.5,6.25,1
T02574-1,customer2574@demo-ml.example, closed , low ,3.1,2026-01-20,web,success,49.5,6.25,1
T02574-2, CUSTOMER2574@DEMO-ML.EXAMPLE , open , high ,4.2,2026-01-21,email,platform,8.0,7.5,2
T02576-1,customer2576@demo-ml.example, pending , high ,,2026-01-24,chat,security,50.5,6.75,0
T02576-3,customer2576@demo-ml.example, closed , high ,4.3,2026-01-26,web,success,15.5,9.25,2
T02577-1,customer2577@demo-ml.example, resolved , critical ,2.8,2026-01-26,phone,platform,51.0,7.0,1
T02577-2, CUSTOMER2577@DEMO-ML.EXAMPLE , closed , medium ,3.9,2026-01-27,web,security,9.5,8.25,2
T02578-1,customer2578@demo-ml.example, closed , low ,3.5,2026-01-28,web,success,51.5,7.25,2
T02579-1,customer2579@demo-ml.example, open , medium ,4.2,2026-01-30,email,billing,4.0,7.5,0
T02581-1,customer2581@demo-ml.example, resolved , critical ,3.2,2026-02-03,phone,platform,5.0,8.0,2
T02582-1,customer2582@demo-ml.example, closed , low ,3.9,2026-02-05,web,success,5.5,8.25,0
T02583-1,customer2583@demo-ml.example, open , medium ,4.6,2026-02-07,email,billing,6.0,8.5,1
T02583-2, CUSTOMER2583@DEMO-ML.EXAMPLE , pending , critical ,3.3,2026-02-08,chat,success,12.5,0.75,2
T02583-3,customer2583@demo-ml.example, resolved , medium ,4.4,2026-02-09,phone,platform,19.0,2.0,0
T02584-1,customer2584@demo-ml.example,,,,2026-02-09,chat,security,6.5,8.75,2
T02586-1,customer2586@demo-ml.example, closed , low ,4.3,2026-02-13,web,success,7.5,9.25,1
T02586-2, CUSTOMER2586@DEMO-ML.EXAMPLE , open , high ,3.0,2026-02-14,email,platform,14.0,1.5,2
T02587-1,customer2587@demo-ml.example, open , medium ,2.6,2026-02-15,email,billing,8.0,0.5,2
T02587-1,customer2587@demo-ml.example, open , medium ,2.6,2026-02-15,email,billing,8.0,0.5,2
T02588-1,customer2588@demo-ml.example, pending , high ,3.3,2026-02-17,chat,security,8.5,0.75,0
T02589-1,customer2589@demo-ml.example, resolved , critical ,4.0,2026-02-19,phone,platform,9.0,1.0,1
T02589-2, CUSTOMER2589@DEMO-ML.EXAMPLE , closed , medium ,2.7,2026-02-20,web,security,15.5,2.25,2
T02591-1,customer2591@demo-ml.example, open , medium ,3.0,2026-02-23,email,billing,10.0,1.5,0
T02592-1,customer2592@demo-ml.example, pending , high ,,2026-02-25,chat,security,10.5,1.75,1
T02592-2, CUSTOMER2592@DEMO-ML.EXAMPLE , resolved , low ,4.8,2026-02-26,phone,billing,17.0,3.0,2
T02593-1,customer2593@demo-ml.example, resolved , critical ,4.4,2026-02-27,phone,platform,11.0,2.0,2
T02594-1,customer2594@demo-ml.example, closed , low ,2.7,2026-03-01,web,success,11.5,2.25,0
T02596-1,customer2596@demo-ml.example, pending , high ,4.1,2026-03-05,chat,security,12.5,2.75,2
T02597-1,customer2597@demo-ml.example, resolved , critical ,4.8,2026-03-07,phone,platform,13.0,3.0,0
T02597-3,customer2597@demo-ml.example, open , critical ,4.6,2026-03-09,email,billing,26.0,5.5,2
T02598-1,customer2598@demo-ml.example, closed , low ,3.1,2026-03-09,web,success,13.5,3.25,1
T02598-2, CUSTOMER2598@DEMO-ML.EXAMPLE , open , high ,4.2,2026-03-10,email,platform,20.0,4.5,2
T02599-1,customer2599@demo-ml.example, open , medium ,3.8,2026-03-11,email,billing,14.0,3.5,2
T02601-1,customer2601@demo-ml.example, resolved ,,2.8,2026-03-15,phone,platform,15.0,4.0,1
T02601-2, CUSTOMER2601@DEMO-ML.EXAMPLE , closed , medium ,3.9,2026-03-16,web,security,21.5,5.25,2
T02602-1,customer2602@demo-ml.example, closed , low ,3.5,2026-03-17,web,success,15.5,4.25,2
T02603-1,customer2603@demo-ml.example,, medium ,4.2,2026-03-19,email,billing,16.0,4.5,0
T02604-1,customer2604@demo-ml.example, pending , high ,4.9,2026-03-21,chat,security,16.5,4.75,1
T02604-2, CUSTOMER2604@DEMO-ML.EXAMPLE , resolved , low ,3.6,2026-03-22,phone,billing,23.0,6.0,2
T02604-3,customer2604@demo-ml.example, closed , high ,4.7,2026-03-23,web,success,29.5,7.25,0
T02606-1,customer2606@demo-ml.example, closed , low ,3.9,2026-03-25,web,success,17.5,5.25,0
T02607-1,customer2607@demo-ml.example, open , medium ,4.6,2026-03-27,email,billing,18.0,5.5,1
T02607-2, CUSTOMER2607@DEMO-ML.EXAMPLE , pending , critical ,3.3,2026-03-28,chat,success,24.5,6.75,2
T02608-1,customer2608@demo-ml.example, pending , high ,,2026-03-29,chat,security,18.5,5.75,2
T02609-1,customer2609@demo-ml.example, resolved , critical ,3.6,2026-03-31,phone,platform,19.0,6.0,0
T02611-1,customer2611@demo-ml.example, open , medium ,2.6,2026-01-04,email,billing,20.0,6.5,2
T02611-3,customer2611@demo-ml.example, resolved , medium ,4.8,2026-01-06,phone,platform,33.0,9.0,1
T02612-1,customer2612@demo-ml.example, pending , high ,3.3,2026-01-06,chat,security,20.5,6.75,0
T02613-1,customer2613@demo-ml.example, resolved , critical ,4.0,2026-01-08,phone,platform,21.0,7.0,1
T02613-1,customer2613@demo-ml.example, resolved , critical ,4.0,2026-01-08,phone,platform,21.0,7.0,1
T02613-2, CUSTOMER2613@DEMO-ML.EXAMPLE , closed , medium ,2.7,2026-01-09,web,security,27.5,8.25,2
T02614-1,customer2614@demo-ml.example, closed , low ,4.7,2026-01-10,web,success,21.5,7.25,2
T02616-1,customer2616@demo-ml.example, pending , high ,,2026-01-14,chat,security,22.5,7.75,1
T02616-2, CUSTOMER2616@DEMO-ML.EXAMPLE , resolved , low ,4.8,2026-01-15,phone,billing,29.0,9.0,2
T02617-1,customer2617@demo-ml.example, resolved , critical ,4.4,2026-01-16,phone,platform,23.0,8.0,2
T02618-1,customer2618@demo-ml.example, closed ,,2.7,2026-01-18,web,success,23.5,8.25,0
T02618-3,customer2618@demo-ml.example, pending , low ,4.9,2026-01-20,chat,security,36.5,1.75,2
T02619-1,customer2619@demo-ml.example, open , medium ,3.4,2026-01-20,email,billing,24.0,8.5,1
T02619-2, CUSTOMER2619@DEMO-ML.EXAMPLE , pending , critical ,4.5,2026-01-21,chat,success,30.5,0.75,2
T02621-1,customer2621@demo-ml.example, resolved , critical ,4.8,2026-01-24,phone,platform,25.0,9.0,0
T02622-1,customer2622@demo-ml.example,, low ,3.1,2026-01-26,web,success,25.5,9.25,1
T02622-2, CUSTOMER2622@DEMO-ML.EXAMPLE , open , high ,4.2,2026-01-27,email,platform,32.0,1.5,2
T02623-1,customer2623@demo-ml.example, open , medium ,3.8,2026-01-28,email,billing,26.0,0.5,2
T02624-1,customer2624@demo-ml.example, pending , high ,,2026-01-30,chat,security,26.5,0.75,0
T02626-1,customer2626@demo-ml.example, closed , low ,3.5,2026-02-03,web,success,27.5,1.25,2
T02626-1,customer2626@demo-ml.example, closed , low ,3.5,2026-02-03,web,success,27.5,1.25,2
T02627-1,customer2627@demo-ml.example, open , medium ,4.2,2026-02-05,email,billing,28.0,1.5,0
T02628-1,customer2628@demo-ml.example, pending , high ,4.9,2026-02-07,chat,security,28.5,1.75,1
T02628-2, CUSTOMER2628@DEMO-ML.EXAMPLE , resolved , low ,3.6,2026-02-08,phone,billing,35.0,3.0,2
T02629-1,customer2629@demo-ml.example, resolved , critical ,3.2,2026-02-09,phone,platform,29.0,2.0,2
T02631-1,customer2631@demo-ml.example, open , medium ,4.6,2026-02-13,email,billing,30.0,2.5,1
T02631-2, CUSTOMER2631@DEMO-ML.EXAMPLE , pending , critical ,3.3,2026-02-14,chat,success,36.5,3.75,2
T02632-1,customer2632@demo-ml.example, pending , high ,,2026-02-15,chat,security,30.5,2.75,2
T02632-3,customer2632@demo-ml.example, closed , high ,2.7,2026-02-17,web,success,43.5,5.25,1
T02633-1,customer2633@demo-ml.example, resolved , critical ,3.6,2026-02-17,phone,platform,31.0,3.0,0
T02634-1,customer2634@demo-ml.example, closed , low ,4.3,2026-02-19,web,success,31.5,3.25,1
T02634-2, CUSTOMER2634@DEMO-ML.EXAMPLE , open , high ,3.0,2026-02-20,email,platform,38.0,4.5,2
T02636-1,customer2636@demo-ml.example, pending , high ,3.3,2026-02-23,chat,security,32.5,3.75,0
T02637-1,customer2637@demo-ml.example, resolved , critical ,4.0,2026-02-25,phone,platform,33.0,4.0,1
T02637-2, CUSTOMER2637@DEMO-ML.EXAMPLE , closed , medium ,2.7,2026-02-26,web,security,39.5,5.25,2
T02638-1,customer2638@demo-ml.example, closed , low ,4.7,2026-02-27,web,success,33.5,4.25,2
T02639-1,customer2639@demo-ml.example, open , medium ,3.0,2026-03-01,email,billing,34.0,4.5,0
T02639-1,customer2639@demo-ml.example, open , medium ,3.0,2026-03-01,email,billing,34.0,4.5,0
T02639-3,customer2639@demo-ml.example, resolved , medium ,2.8,2026-03-03,phone,platform,47.0,7.0,2
T02641-1,customer2641@demo-ml.example,, critical ,4.4,2026-03-05,phone,platform,35.0,5.0,2
T02642-1,customer2642@demo-ml.example, closed , low ,2.7,2026-03-07,web,success,35.5,5.25,0
T02643-1,customer2643@demo-ml.example, open , medium ,3.4,2026-03-09,email,billing,36.0,5.5,1
T02643-2, CUSTOMER2643@DEMO-ML.EXAMPLE , pending , critical ,4.5,2026-03-10,chat,success,42.5,6.75,2
T02644-1,customer2644@demo-ml.example, pending , high ,4.1,2026-03-11,chat,security,36.5,5.75,2
T02646-1,customer2646@demo-ml.example, closed , low ,3.1,2026-03-15,web,success,37.5,6.25,1
T02646-2, CUSTOMER2646@DEMO-ML.EXAMPLE , open , high ,4.2,2026-03-16,email,platform,44.0,7.5,2
T02646-3,customer2646@demo-ml.example, pending , low ,2.9,2026-03-17,chat,security,50.5,8.75,0
T02647-1,customer2647@demo-ml.example, open , medium ,3.8,2026-03-17,email,billing,38.0,6.5,2
T02648-1,customer2648@demo-ml.example, pending , high ,,2026-03-19,chat,security,38.5,6.75,0
T02649-1,customer2649@demo-ml.example, resolved , critical ,2.8,2026-03-21,phone,platform,39.0,7.0,1
T02649-2, CUSTOMER2649@DEMO-ML.EXAMPLE , closed , medium ,3.9,2026-03-22,web,security,45.5,8.25,2
T02651-1,customer2651@demo-ml.example, open , medium ,4.2,2026-03-25,email,billing,40.0,7.5,0
T02652-1,customer2652@demo-ml.example, pending ,,4.9,2026-03-27,chat,security,40.5,7.75,1
T02652-1,customer2652@demo-ml.example, pending ,,4.9,2026-03-27,chat,security,40.5,7.75,1
T02652-2, CUSTOMER2652@DEMO-ML.EXAMPLE , resolved , low ,3.6,2026-03-28,phone,billing,47.0,9.0,2
T02653-1,customer2653@demo-ml.example, resolved , critical ,3.2,2026-03-29,phone,platform,41.0,8.0,2
T02653-3,customer2653@demo-ml.example, open , critical ,3.0,2026-03-31,email,billing,6.0,1.5,1
T02654-1,customer2654@demo-ml.example, closed , low ,3.9,2026-03-31,web,success,41.5,8.25,0
T02656-1,customer2656@demo-ml.example, pending , high ,,2026-01-04,chat,security,42.5,8.75,2
T02657-1,customer2657@demo-ml.example, resolved , critical ,3.6,2026-01-06,phone,platform,43.0,9.0,0
T02658-1,customer2658@demo-ml.example, closed , low ,4.3,2026-01-08,web,success,43.5,9.25,1
T02658-2, CUSTOMER2658@DEMO-ML.EXAMPLE , open , high ,3.0,2026-01-09,email,platform,50.0,1.5,2
T02659-1,customer2659@demo-ml.example, open , medium ,2.6,2026-01-10,email,billing,44.0,0.5,2
T02661-1,customer2661@demo-ml.example, resolved , critical ,4.0,2026-01-14,phone,platform,45.0,1.0,1
T02661-2, CUSTOMER2661@DEMO-ML.EXAMPLE , closed , medium ,2.7,2026-01-15,web,security,51.5,2.25,2
T02662-1,customer2662@demo-ml.example, closed , low ,4.7,2026-01-16,web,success,45.5,1.25,2
T02663-1,customer2663@demo-ml.example, open , medium ,3.0,2026-01-18,email,billing,46.0,1.5,0
T02664-1,customer2664@demo-ml.example, pending , high ,,2026-01-20,chat,security,46.5,1.75,1
T02664-2, CUSTOMER2664@DEMO-ML.EXAMPLE , resolved , low ,4.8,2026-01-21,phone,billing,5.0,3.0,2
T02666-1,customer2666@demo-ml.example, closed , low ,2.7,2026-01-24,web,success,47.5,2.25,0
T02667-1,customer2667@demo-ml.example, open , medium ,3.4,2026-01-26,email,billing,48.0,2.5,1
T02667-2, CUSTOMER2667@DEMO-ML.EXAMPLE , pending , critical ,4.5,2026-01-27,chat,success,6.5,3.75,2
T02667-3,customer2667@demo-ml.example, resolved , medium ,3.2,2026-01-28,phone,platform,13.0,5.0,0
T02668-1,customer2668@demo-ml.example, pending , high ,4.1,2026-01-28,chat,security,48.5,2.75,2
T02669-1,customer2669@demo-ml.example, resolved ,,4.8,2026-01-30,phone,platform,49.0,3.0,0
T02671-1,customer2671@demo-ml.example, open , medium ,3.8,2026-02-03,email,billing,50.0,3.5,2
T02672-1,customer2672@demo-ml.example, pending , high ,,2026-02-05,chat,security,50.5,3.75,0
T02673-1,customer2673@demo-ml.example, resolved , critical ,2.8,2026-02-07,phone,platform,51.0,4.0,1
T02673-2, CUSTOMER2673@DEMO-ML.EXAMPLE , closed , medium ,3.9,2026-02-08,web,security,9.5,5.25,2
T02674-1,customer2674@demo-ml.example, closed , low ,3.5,2026-02-09,web,success,51.5,4.25,2
T02674-3,customer2674@demo-ml.example, pending , low ,3.3,2026-02-11,chat,security,16.5,6.75,1
T02676-1,customer2676@demo-ml.example, pending , high ,4.9,2026-02-13,chat,security,4.5,4.75,1
T02676-2, CUSTOMER2676@DEMO-ML.EXAMPLE , resolved , low ,3.6,2026-02-14,phone,billing,11.0,6.0,2
T02677-1,customer2677@demo-ml.example, resolved , critical ,3.2,2026-02-15,phone,platform,5.0,5.0,2
T02678-1,customer2678@demo-ml.example, closed , low ,3.9,2026-02-17,web,success,5.5,5.25,0
T02678-1,customer2678@demo-ml.example, closed , low ,3.9,2026-02-17,web,success,5.5,5.25,0
T02679-1,customer2679@demo-ml.example,, medium ,4.6,2026-02-19,email,billing,6.0,5.5,1
T02679-2, CUSTOMER2679@DEMO-ML.EXAMPLE , pending , critical ,3.3,2026-02-20,chat,success,12.5,6.75,2
T02681-1,customer2681@demo-ml.example, resolved , critical ,3.6,2026-02-23,phone,platform,7.0,6.0,0
T02681-3,customer2681@demo-ml.example, open , critical ,3.4,2026-02-25,email,billing,20.0,8.5,2
T02682-1,customer2682@demo-ml.example, closed , low ,4.3,2026-02-25,web,success,7.5,6.25,1
T02682-2, CUSTOMER2682@DEMO-ML.EXAMPLE , open , high ,3.0,2026-02-26,email,platform,14.0,7.5,2
T02683-1,customer2683@demo-ml.example, open , medium ,2.6,2026-02-27,email,billing,8.0,6.5,2
T02684-1,customer2684@demo-ml.example, pending , high ,3.3,2026-03-01,chat,security,8.5,6.75,0
T02686-1,customer2686@demo-ml.example, closed ,,4.7,2026-03-05,web,success,9.5,7.25,2
T02687-1,customer2687@demo-ml.example, open , medium ,3.0,2026-03-07,email,billing,10.0,7.5,0
T02688-1,customer2688@demo-ml.example, pending , high ,,2026-03-09,chat,security,10.5,7.75,1
T02688-2, CUSTOMER2688@DEMO-ML.EXAMPLE , resolved , low ,4.8,2026-03-10,phone,billing,17.0,9.0,2
T02688-3,customer2688@demo-ml.example, closed , high ,3.5,2026-03-11,web,success,23.5,1.25,0
T02689-1,customer2689@demo-ml.example, resolved , critical ,4.4,2026-03-11,phone,platform,11.0,8.0,2
T02691-1,customer2691@demo-ml.example, open , medium ,3.4,2026-03-15,email,billing,12.0,8.5,1
T02691-1,customer2691@demo-ml.example, open , medium ,3.4,2026-03-15,email,billing,12.0,8.5,1
T02691-2, CUSTOMER2691@DEMO-ML.EXAMPLE , pending , critical ,4.5,2026-03-16,chat,success,18.5,0.75,2
T02692-1,customer2692@demo-ml.example, pending , high ,4.1,2026-03-17,chat,security,12.5,8.75,2
T02693-1,customer2693@demo-ml.example, resolved , critical ,4.8,2026-03-19,phone,platform,13.0,9.0,0
T02694-1,customer2694@demo-ml.example, closed , low ,3.1,2026-03-21,web,success,13.5,9.25,1
T02694-2, CUSTOMER2694@DEMO-ML.EXAMPLE , open , high ,4.2,2026-03-22,email,platform,20.0,1.5,2
T02696-1,customer2696@demo-ml.example, pending , high ,,2026-03-25,chat,security,14.5,0.75,0
T02697-1,customer2697@demo-ml.example, resolved , critical ,2.8,2026-03-27,phone,platform,15.0,1.0,1
T02697-2, CUSTOMER2697@DEMO-ML.EXAMPLE , closed , medium ,3.9,2026-03-28,web,security,21.5,2.25,2
T02698-1,customer2698@demo-ml.example,, low ,3.5,2026-03-29,web,success,15.5,1.25,2
T02699-1,customer2699@demo-ml.example, open , medium ,4.2,2026-03-31,email,billing,16.0,1.5,0
T02701-1,customer2701@demo-ml.example, resolved , critical ,3.2,2026-01-04,phone,platform,17.0,2.0,2
T02702-1,customer2702@demo-ml.example, closed , low ,3.9,2026-01-06,web,success,17.5,2.25,0
T02702-3,customer2702@demo-ml.example, pending , low ,3.7,2026-01-08,chat,security,30.5,4.75,2
T02703-1,customer2703@demo-ml.example, open ,,4.6,2026-01-08,email,billing,18.0,2.5,1
T02703-2, CUSTOMER2703@DEMO-ML.EXAMPLE , pending , critical ,3.3,2026-01-09,chat,success,24.5,3.75,2
T02704-1,customer2704@demo-ml.example, pending , high ,,2026-01-10,chat,security,18.5,2.75,2
T02704-1,customer2704@demo-ml.example, pending , high ,,2026-01-10,chat,security,18.5,2.75,2
T02706-1,customer2706@demo-ml.example, closed , low ,4.3,2026-01-14,web,success,19.5,3.25,1
T02706-2, CUSTOMER2706@DEMO-ML.EXAMPLE , open , high ,3.0,2026-01-15,email,platform,26.0,4.5,2
T02707-1,customer2707@demo-ml.example, open , medium ,2.6,2026-01-16,email,billing,20.0,3.5,2
T02708-1,customer2708@demo-ml.example, pending , high ,3.3,2026-01-18,chat,security,20.5,3.75,0
T02709-1,customer2709@demo-ml.example, resolved , critical ,4.0,2026-01-20,phone,platform,21.0,4.0,1
T02709-2, CUSTOMER2709@DEMO-ML.EXAMPLE , closed , medium ,2.7,2026-01-21,web,security,27.5,5.25,2
T02709-3,customer2709@demo-ml.example, open , critical ,3.8,2026-01-22,email,billing,34.0,6.5,0
T02711-1,customer2711@demo-ml.example, open , medium ,3.0,2026-01-24,email,billing,22.0,4.5,0
T02712-1,customer2712@demo-ml.example, pending , high ,,2026-01-26,chat,security,22.5,4.75,1
T02712-2, CUSTOMER2712@DEMO-ML.EXAMPLE , resolved , low ,4.8,2026-01-27,phone,billing,29.0,6.0,2
T02713-1,customer2713@demo-ml.example, resolved , critical ,4.4,2026-01-28,phone,platform,23.0,5.0,2
T02714-1,customer2714@demo-ml.example, closed , low ,2.7,2026-01-30,web,success,23.5,5.25,0
T02716-1,customer2716@demo-ml.example, pending , high ,4.1,2026-02-03,chat,security,24.5,5.75,2
T02716-3,customer2716@demo-ml.example, closed , high ,3.9,2026-02-05,web,success,37.5,8.25,1
T02717-1,customer2717@demo-ml.example,, critical ,4.8,2026-02-05,phone,platform,25.0,6.0,0
T02717-1,customer2717@demo-ml.example,, critical ,4.8,2026-02-05,phone,platform,25.0,6.0,0
T02718-1,customer2718@demo-ml.example, closed , low ,3.1,2026-02-07,web,success,25.5,6.25,1
T02718-2, CUSTOMER2718@DEMO-ML.EXAMPLE , open , high ,4.2,2026-02-08,email,platform,32.0,7.5,2
T02719-1,customer2719@demo-ml.example, open , medium ,3.8,2026-02-09,email,billing,26.0,6.5,2
T02721-1,customer2721@demo-ml.example, resolved , critical ,2.8,2026-02-13,phone,platform,27.0,7.0,1
T02721-2, CUSTOMER2721@DEMO-ML.EXAMPLE , closed , medium ,3.9,2026-02-14,web,security,33.5,8.25,2
T02722-1,customer2722@demo-ml.example, closed , low ,3.5,2026-02-15,web,success,27.5,7.25,2
T02723-1,customer2723@demo-ml.example, open , medium ,4.2,2026-02-17,email,billing,28.0,7.5,0
T02723-3,customer2723@demo-ml.example, resolved , medium ,4.0,2026-02-19,phone,platform,41.0,1.0,2
T02724-1,customer2724@demo-ml.example, pending , high ,4.9,2026-02-19,chat,security,28.5,7.75,1
T02724-2, CUSTOMER2724@DEMO-ML.EXAMPLE , resolved , low ,3.6,2026-02-20,phone,billing,35.0,9.0,2
T02726-1,customer2726@demo-ml.example, closed , low ,3.9,2026-02-23,web,success,29.5,8.25,0
T02727-1,customer2727@demo-ml.example, open , medium ,4.6,2026-02-25,email,billing,30.0,8.5,1
T02727-2, CUSTOMER2727@DEMO-ML.EXAMPLE , pending , critical ,3.3,2026-02-26,chat,success,36.5,0.75,2
T02728-1,customer2728@demo-ml.example, pending , high ,,2026-02-27,chat,security,30.5,8.75,2
T02729-1,customer2729@demo-ml.example, resolved , critical ,3.6,2026-03-01,phone,platform,31.0,9.0,0
T02731-1,customer2731@demo-ml.example, open , medium ,2.6,2026-03-05,email,billing,32.0,0.5,2
T02732-1,customer2732@demo-ml.example, pending , high ,3.3,2026-03-07,chat,security,32.5,0.75,0
T02733-1,customer2733@demo-ml.example, resolved , critical ,4.0,2026-03-09,phone,platform,33.0,1.0,1
T02733-2, CUSTOMER2733@DEMO-ML.EXAMPLE , closed , medium ,2.7,2026-03-10,web,security,39.5,2.25,2
T02734-1,customer2734@demo-ml.example, closed , low ,4.7,2026-03-11,web,success,33.5,1.25,2
T02736-1,customer2736@demo-ml.example,, high ,,2026-03-15,chat,security,34.5,1.75,1
T02736-2, CUSTOMER2736@DEMO-ML.EXAMPLE , resolved , low ,4.8,2026-03-16,phone,billing,41.0,3.0,2
T02737-1,customer2737@demo-ml.example, resolved ,,4.4,2026-03-17,phone,platform,35.0,2.0,2
T02737-3,customer2737@demo-ml.example, open , critical ,4.2,2026-03-19,email,billing,48.0,4.5,1
T02738-1,customer2738@demo-ml.example, closed , low ,2.7,2026-03-19,web,success,35.5,2.25,0
T02739-1,customer2739@demo-ml.example, open , medium ,3.4,2026-03-21,email,billing,36.0,2.5,1
T02739-2, CUSTOMER2739@DEMO-ML.EXAMPLE , pending , critical ,4.5,2026-03-22,chat,success,42.5,3.75,2
T02741-1,customer2741@demo-ml.example, resolved , critical ,4.8,2026-03-25,phone,platform,37.0,3.0,0
T02742-1,customer2742@demo-ml.example, closed , low ,3.1,2026-03-27,web,success,37.5,3.25,1
T02742-2, CUSTOMER2742@DEMO-ML.EXAMPLE , open , high ,4.2,2026-03-28,email,platform,44.0,4.5,2
T02743-1,customer2743@demo-ml.example, open , medium ,3.8,2026-03-29,email,billing,38.0,3.5,2
T02743-1,customer2743@demo-ml.example, open , medium ,3.8,2026-03-29,email,billing,38.0,3.5,2
T02744-1,customer2744@demo-ml.example, pending , high ,,2026-03-31,chat,security,38.5,3.75,0
T02744-3,customer2744@demo-ml.example, closed , high ,4.3,2026-01-02,web,success,51.5,6.25,2
T02746-1,customer2746@demo-ml.example, closed , low ,3.5,2026-01-04,web,success,39.5,4.25,2
T02747-1,customer2747@demo-ml.example, open , medium ,4.2,2026-01-06,email,billing,40.0,4.5,0
T02748-1,customer2748@demo-ml.example, pending , high ,4.9,2026-01-08,chat,security,40.5,4.75,1
T02748-2, CUSTOMER2748@DEMO-ML.EXAMPLE , resolved , low ,3.6,2026-01-09,phone,billing,47.0,6.0,2
T02749-1,customer2749@demo-ml.example, resolved , critical ,3.2,2026-01-10,phone,platform,41.0,5.0,2
T02751-1,customer2751@demo-ml.example, open , medium ,4.6,2026-01-14,email,billing,42.0,5.5,1
T02751-2, CUSTOMER2751@DEMO-ML.EXAMPLE , pending , critical ,3.3,2026-01-15,chat,success,48.5,6.75,2
T02751-3,customer2751@demo-ml.example, resolved , medium ,4.4,2026-01-16,phone,platform,7.0,8.0,0
T02752-1,customer2752@demo-ml.example, pending , high ,,2026-01-16,chat,security,42.5,5.75,2
T02753-1,customer2753@demo-ml.example, resolved , critical ,3.6,2026-01-18,phone,platform,43.0,6.0,0
T02754-1,customer2754@demo-ml.example, closed ,,4.3,2026-01-20,web,success,43.5,6.25,1
T02754-2, CUSTOMER2754@DEMO-ML.EXAMPLE , open , high ,3.0,2026-01-21,email,platform,50.0,7.5,2
T02756-1,customer2756@demo-ml.example, pending , high ,3.3,2026-01-24,chat,security,44.5,6.75,0
T02756-1,customer2756@demo-ml.example, pending , high ,3.3,2026-01-24,chat,security,44.5,6.75,0
T02757-1,customer2757@demo-ml.example, resolved , critical ,4.0,2026-01-26,phone,platform,45.0,7.0,1
T02757-2, CUSTOMER2757@DEMO-ML.EXAMPLE , closed , medium ,2.7,2026-01-27,web,security,51.5,8.25,2
T02758-1,customer2758@demo-ml.example, closed , low ,4.7,2026-01-28,web,success,45.5,7.25,2
T02758-3,customer2758@demo-ml.example, pending , low ,4.5,2026-01-30,chat,security,10.5,0.75,1
T02759-1,customer2759@demo-ml.example, open , medium ,3.0,2026-01-30,email,billing,46.0,7.5,0
T02761-1,customer2761@demo-ml.example, resolved , critical ,4.4,2026-02-03,phone,platform,47.0,8.0,2
T02762-1,customer2762@demo-ml.example, closed , low ,2.7,2026-02-05,web,success,47.5,8.25,0
T02763-1,customer2763@demo-ml.example, open , medium ,3.4,2026-02-07,email,billing,48.0,8.5,1
T02763-2, CUSTOMER2763@DEMO-ML.EXAMPLE , pending , critical ,4.5,2026-02-08,chat,success,6.5,0.75,2
T02764-1,customer2764@demo-ml.example, pending , high ,4.1,2026-02-09,chat,security,48.5,8.75,2
T02766-1,customer2766@demo-ml.example, closed , low ,3.1,2026-02-13,web,success,49.5,9.25,1
T02766-2, CUSTOMER2766@DEMO-ML.EXAMPLE , open , high ,4.2,2026-02-14,email,platform,8.0,1.5,2
T02767-1,customer2767@demo-ml.example, open , medium ,3.8,2026-02-15,email,billing,50.0,0.5,2
T02768-1,customer2768@demo-ml.example, pending , high ,,2026-02-17,chat,security,50.5,0.75,0
T02769-1,customer2769@demo-ml.example, resolved , critical ,2.8,2026-02-19,phone,platform,51.0,1.0,1
T02769-1,customer2769@demo-ml.example, resolved , critical ,2.8,2026-02-19,phone,platform,51.0,1.0,1
T02769-2, CUSTOMER2769@DEMO-ML.EXAMPLE , closed , medium ,3.9,2026-02-20,web,security,9.5,2.25,2
T02771-1,customer2771@demo-ml.example, open ,,4.2,2026-02-23,email,billing,4.0,1.5,0
T02772-1,customer2772@demo-ml.example, pending , high ,4.9,2026-02-25,chat,security,4.5,1.75,1
T02772-2, CUSTOMER2772@DEMO-ML.EXAMPLE , resolved , low ,3.6,2026-02-26,phone,billing,11.0,3.0,2
T02772-3,customer2772@demo-ml.example, closed , high ,4.7,2026-02-27,web,success,17.5,4.25,0
T02773-1,customer2773@demo-ml.example, resolved , critical ,3.2,2026-02-27,phone,platform,5.0,2.0,2
T02774-1,customer2774@demo-ml.example,, low ,3.9,2026-03-01,web,success,5.5,2.25,0
T02776-1,customer2776@demo-ml.example, pending , high ,,2026-03-05,chat,security,6.5,2.75,2
T02777-1,customer2777@demo-ml.example, resolved , critical ,3.6,2026-03-07,phone,platform,7.0,3.0,0
T02778-1,customer2778@demo-ml.example, closed , low ,4.3,2026-03-09,web,success,7.5,3.25,1
T02778-2, CUSTOMER2778@DEMO-ML.EXAMPLE , open , high ,3.0,2026-03-10,email,platform,14.0,4.5,2
T02779-1,customer2779@demo-ml.example, open , medium ,2.6,2026-03-11,email,billing,8.0,3.5,2
T02779-3,customer2779@demo-ml.example, resolved , medium ,4.8,2026-03-13,phone,platform,21.0,6.0,1
T02781-1,customer2781@demo-ml.example, resolved , critical ,4.0,2026-03-15,phone,platform,9.0,4.0,1
T02781-2, CUSTOMER2781@DEMO-ML.EXAMPLE , closed , medium ,2.7,2026-03-16,web,security,15.5,5.25,2
T02782-1,customer2782@demo-ml.example, closed , low ,4.7,2026-03-17,web,success,9.5,4.25,2
T02782-1,customer2782@demo-ml.example, closed , low ,4.7,2026-03-17,web,success,9.5,4.25,2
T02783-1,customer2783@demo-ml.example, open , medium ,3.0,2026-03-19,email,billing,10.0,4.5,0
T02784-1,customer2784@demo-ml.example, pending , high ,,2026-03-21,chat,security,10.5,4.75,1
T02784-2, CUSTOMER2784@DEMO-ML.EXAMPLE , resolved , low ,4.8,2026-03-22,phone,billing,17.0,6.0,2
T02786-1,customer2786@demo-ml.example, closed , low ,2.7,2026-03-25,web,success,11.5,5.25,0
T02786-3,customer2786@demo-ml.example, pending , low ,4.9,2026-03-27,chat,security,24.5,7.75,2
T02787-1,customer2787@demo-ml.example, open , medium ,3.4,2026-03-27,email,billing,12.0,5.5,1
T02787-2, CUSTOMER2787@DEMO-ML.EXAMPLE , pending , critical ,4.5,2026-03-28,chat,success,18.5,6.75,2
T02788-1,customer2788@demo-ml.example, pending ,,4.1,2026-03-29,chat,security,12.5,5.75,2
T02789-1,customer2789@demo-ml.example, resolved , critical ,4.8,2026-03-31,phone,platform,13.0,6.0,0
T02791-1,customer2791@demo-ml.example, open , medium ,3.8,2026-01-04,email,billing,14.0,6.5,2
T02792-1,customer2792@demo-ml.example, pending , high ,,2026-01-06,chat,security,14.5,6.75,0
T02793-1,customer2793@demo-ml.example,, critical ,2.8,2026-01-08,phone,platform,15.0,7.0,1
T02793-2, CUSTOMER2793@DEMO-ML.EXAMPLE , closed , medium ,3.9,2026-01-09,web,security,21.5,8.25,2
T02793-3,customer2793@demo-ml.example, open , critical ,2.6,2026-01-10,email,billing,28.0,0.5,0
T02794-1,customer2794@demo-ml.example, closed , low ,3.5,2026-01-10,web,success,15.5,7.25,2
T02796-1,customer2796@demo-ml.example, pending , high ,4.9,2026-01-14,chat,security,16.5,7.75,1
T02796-2, CUSTOMER2796@DEMO-ML.EXAMPLE , resolved , low ,3.6,2026-01-15,phone,billing,23.0,9.0,2
T02797-1,customer2797@demo-ml.example, resolved , critical ,3.2,2026-01-16,phone,platform,17.0,8.0,2
T02798-1,customer2798@demo-ml.example, closed , low ,3.9,2026-01-18,web,success,17.5,8.25,0
T02799-1,customer2799@demo-ml.example, open , medium ,4.6,2026-01-20,email,billing,18.0,8.5,1
T02799-2, CUSTOMER2799@DEMO-ML.EXAMPLE , pending , critical ,3.3,2026-01-21,chat,success,24.5,0.75,2
T02801-1,customer2801@demo-ml.example, resolved , critical ,3.6,2026-01-24,phone,platform,19.0,9.0,0
T02802-1,customer2802@demo-ml.example, closed , low ,4.3,2026-01-26,web,success,19.5,9.25,1
T02802-2, CUSTOMER2802@DEMO-ML.EXAMPLE , open , high ,3.0,2026-01-27,email,platform,26.0,1.5,2
T02803-1,customer2803@demo-ml.example, open , medium ,2.6,2026-01-28,email,billing,20.0,0.5,2
T02804-1,customer2804@demo-ml.example, pending , high ,3.3,2026-01-30,chat,security,20.5,0.75,0
T02806-1,customer2806@demo-ml.example, closed , low ,4.7,2026-02-03,web,success,21.5,1.25,2
T02807-1,customer2807@demo-ml.example, open , medium ,3.0,2026-02-05,email,billing,22.0,1.5,0
T02807-3,customer2807@demo-ml.example, resolved , medium ,2.8,2026-02-07,phone,platform,35.0,4.0,2
T02808-1,customer2808@demo-ml.example, pending , high ,,2026-02-07,chat,security,22.5,1.75,1
T02808-1,customer2808@demo-ml.example, pending , high ,,2026-02-07,chat,security,22.5,1.75,1
T02808-2, CUSTOMER2808@DEMO-ML.EXAMPLE , resolved , low ,4.8,2026-02-08,phone,billing,29.0,3.0,2
T02809-1,customer2809@demo-ml.example, resolved , critical ,4.4,2026-02-09,phone,platform,23.0,2.0,2
T02811-1,customer2811@demo-ml.example, open , medium ,3.4,2026-02-13,email,billing,24.0,2.5,1
T02811-2, CUSTOMER2811@DEMO-ML.EXAMPLE , pending , critical ,4.5,2026-02-14,chat,success,30.5,3.75,2
T02812-1,customer2812@demo-ml.example,, high ,4.1,2026-02-15,chat,security,24.5,2.75,2
T02813-1,customer2813@demo-ml.example, resolved , critical ,4.8,2026-02-17,phone,platform,25.0,3.0,0
T02814-1,customer2814@demo-ml.example, closed , low ,3.1,2026-02-19,web,success,25.5,3.25,1
T02814-2, CUSTOMER2814@DEMO-ML.EXAMPLE , open , high ,4.2,2026-02-20,email,platform,32.0,4.5,2
T02814-3,customer2814@demo-ml.example, pending , low ,2.9,2026-02-21,chat,security,38.5,5.75,0
T02816-1,customer2816@demo-ml.example, pending , high ,,2026-02-23,chat,security,26.5,3.75,0
T02817-1,customer2817@demo-ml.example, resolved , critical ,2.8,2026-02-25,phone,platform,27.0,4.0,1
T02817-2, CUSTOMER2817@DEMO-ML.EXAMPLE , closed , medium ,3.9,2026-02-26,web,security,33.5,5.25,2
T02818-1,customer2818@demo-ml.example, closed , low ,3.5,2026-02-27,web,success,27.5,4.25,2
T02819-1,customer2819@demo-ml.example, open , medium ,4.2,2026-03-01,email,billing,28.0,4.5,0
T02821-1,customer2821@demo-ml.example, resolved , critical ,3.2,2026-03-05,phone,platform,29.0,5.0,2
T02821-1,customer2821@demo-ml.example, resolved , critical ,3.2,2026-03-05,phone,platform,29.0,5.0,2
T02821-3,customer2821@demo-ml.example, open , critical ,3.0,2026-03-07,email,billing,42.0,7.5,1
T02822-1,customer2822@demo-ml.example, closed ,,3.9,2026-03-07,web,success,29.5,5.25,0
T02823-1,customer2823@demo-ml.example, open , medium ,4.6,2026-03-09,email,billing,30.0,5.5,1
T02823-2, CUSTOMER2823@DEMO-ML.EXAMPLE , pending , critical ,3.3,2026-03-10,chat,success,36.5,6.75,2
T02824-1,customer2824@demo-ml.example, pending , high ,,2026-03-11,chat,security,30.5,5.75,2
T02826-1,customer2826@demo-ml.example, closed , low ,4.3,2026-03-15,web,success,31.5,6.25,1
T02826-2, CUSTOMER2826@DEMO-ML.EXAMPLE , open , high ,3.0,2026-03-16,email,platform,38.0,7.5,2
T02827-1,customer2827@demo-ml.example, open , medium ,2.6,2026-03-17,email,billing,32.0,6.5,2
T02828-1,customer2828@demo-ml.example, pending , high ,3.3,2026-03-19,chat,security,32.5,6.75,0
T02828-3,customer2828@demo-ml.example, closed , high ,3.1,2026-03-21,web,success,45.5,9.25,2
T02829-1,customer2829@demo-ml.example, resolved , critical ,4.0,2026-03-21,phone,platform,33.0,7.0,1
T02829-2, CUSTOMER2829@DEMO-ML.EXAMPLE , closed , medium ,2.7,2026-03-22,web,security,39.5,8.25,2
T02831-1,customer2831@demo-ml.example,, medium ,3.0,2026-03-25,email,billing,34.0,7.5,0
T02832-1,customer2832@demo-ml.example, pending , high ,,2026-03-27,chat,security,34.5,7.75,1
T02832-2, CUSTOMER2832@DEMO-ML.EXAMPLE , resolved , low ,4.8,2026-03-28,phone,billing,41.0,9.0,2
T02833-1,customer2833@demo-ml.example, resolved , critical ,4.4,2026-03-29,phone,platform,35.0,8.0,2
T02834-1,customer2834@demo-ml.example, closed , low ,2.7,2026-03-31,web,success,35.5,8.25,0
T02834-1,customer2834@demo-ml.example, closed , low ,2.7,2026-03-31,web,success,35.5,8.25,0
T02836-1,customer2836@demo-ml.example, pending , high ,4.1,2026-01-04,chat,security,36.5,8.75,2
T02837-1,customer2837@demo-ml.example, resolved , critical ,4.8,2026-01-06,phone,platform,37.0,9.0,0
T02838-1,customer2838@demo-ml.example, closed , low ,3.1,2026-01-08,web,success,37.5,9.25,1
T02838-2, CUSTOMER2838@DEMO-ML.EXAMPLE , open , high ,4.2,2026-01-09,email,platform,44.0,1.5,2
T02839-1,customer2839@demo-ml.example, open ,,3.8,2026-01-10,email,billing,38.0,0.5,2
T02841-1,customer2841@demo-ml.example, resolved , critical ,2.8,2026-01-14,phone,platform,39.0,1.0,1
T02841-2, CUSTOMER2841@DEMO-ML.EXAMPLE , closed , medium ,3.9,2026-01-15,web,security,45.5,2.25,2
T02842-1,customer2842@demo-ml.example, closed , low ,3.5,2026-01-16,web,success,39.5,1.25,2
T02842-3,customer2842@demo-ml.example, pending , low ,3.3,2026-01-18,chat,security,4.5,3.75,1
T02843-1,customer2843@demo-ml.example, open , medium ,4.2,2026-01-18,email,billing,40.0,1.5,0
T02844-1,customer2844@demo-ml.example, pending , high ,4.9,2026-01-20,chat,security,40.5,1.75,1
T02844-2, CUSTOMER2844@DEMO-ML.EXAMPLE , resolved , low ,3.6,2026-01-21,phone,billing,47.0,3.0,2
T02846-1,customer2846@demo-ml.example, closed , low ,3.9,2026-01-24,web,success,41.5,2.25,0
T02847-1,customer2847@demo-ml.example, open , medium ,4.6,2026-01-26,email,billing,42.0,2.5,1
T02847-1,customer2847@demo-ml.example, open , medium ,4.6,2026-01-26,email,billing,42.0,2.5,1
T02847-2, CUSTOMER2847@DEMO-ML.EXAMPLE , pending , critical ,3.3,2026-01-27,chat,success,48.5,3.75,2
T02848-1,customer2848@demo-ml.example, pending , high ,,2026-01-28,chat,security,42.5,2.75,2
T02849-1,customer2849@demo-ml.example, resolved , critical ,3.6,2026-01-30,phone,platform,43.0,3.0,0
T02849-3,customer2849@demo-ml.example, open , critical ,3.4,2026-02-01,email,billing,8.0,5.5,2
T02851-1,customer2851@demo-ml.example, open , medium ,2.6,2026-02-03,email,billing,44.0,3.5,2
T02852-1,customer2852@demo-ml.example, pending , high ,3.3,2026-02-05,chat,security,44.5,3.75,0
T02853-1,customer2853@demo-ml.example, resolved , critical ,4.0,2026-02-07,phone,platform,45.0,4.0,1
T02853-2, CUSTOMER2853@DEMO-ML.EXAMPLE , closed , medium ,2.7,2026-02-08,web,security,51.5,5.25,2
T02854-1,customer2854@demo-ml.example, closed , low ,4.7,2026-02-09,web,success,45.5,4.25,2
T02856-1,customer2856@demo-ml.example, pending ,,,2026-02-13,chat,security,46.5,4.75,1
T02856-2, CUSTOMER2856@DEMO-ML.EXAMPLE , resolved , low ,4.8,2026-02-14,phone,billing,5.0,6.0,2
T02856-3,customer2856@demo-ml.example, closed , high ,3.5,2026-02-15,web,success,11.5,7.25,0
T02857-1,customer2857@demo-ml.example, resolved , critical ,4.4,2026-02-15,phone,platform,47.0,5.0,2
T02858-1,customer2858@demo-ml.example, closed , low ,2.7,2026-02-17,web,success,47.5,5.25,0
T02859-1,customer2859@demo-ml.example, open , medium ,3.4,2026-02-19,email,billing,48.0,5.5,1
T02859-2, CUSTOMER2859@DEMO-ML.EXAMPLE , pending , critical ,4.5,2026-02-20,chat,success,6.5,6.75,2
T02861-1,customer2861@demo-ml.example, resolved , critical ,4.8,2026-02-23,phone,platform,49.0,6.0,0
T02862-1,customer2862@demo-ml.example, closed , low ,3.1,2026-02-25,web,success,49.5,6.25,1
T02862-2, CUSTOMER2862@DEMO-ML.EXAMPLE , open , high ,4.2,2026-02-26,email,platform,8.0,7.5,2
T02863-1,customer2863@demo-ml.example, open , medium ,3.8,2026-02-27,email,billing,50.0,6.5,2
T02863-3,customer2863@demo-ml.example, resolved , medium ,3.6,2026-03-01,phone,platform,15.0,9.0,1
T02864-1,customer2864@demo-ml.example, pending , high ,,2026-03-01,chat,security,50.5,6.75,0
T02866-1,customer2866@demo-ml.example, closed , low ,3.5,2026-03-05,web,success,51.5,7.25,2
T02867-1,customer2867@demo-ml.example, open , medium ,4.2,2026-03-07,email,billing,4.0,7.5,0
T02868-1,customer2868@demo-ml.example, pending , high ,4.9,2026-03-09,chat,security,4.5,7.75,1
T02868-2, CUSTOMER2868@DEMO-ML.EXAMPLE , resolved , low ,3.6,2026-03-10,phone,billing,11.0,9.0,2
T02869-1,customer2869@demo-ml.example,, critical ,3.2,2026-03-11,phone,platform,5.0,8.0,2
T02871-1,customer2871@demo-ml.example, open , medium ,4.6,2026-03-15,email,billing,6.0,8.5,1
T02871-2, CUSTOMER2871@DEMO-ML.EXAMPLE , pending , critical ,3.3,2026-03-16,chat,success,12.5,0.75,2
T02872-1,customer2872@demo-ml.example, pending , high ,,2026-03-17,chat,security,6.5,8.75,2
T02873-1,customer2873@demo-ml.example, resolved ,,3.6,2026-03-19,phone,platform,7.0,9.0,0
T02873-1,customer2873@demo-ml.example, resolved ,,3.6,2026-03-19,phone,platform,7.0,9.0,0
T02874-1,customer2874@demo-ml.example, closed , low ,4.3,2026-03-21,web,success,7.5,9.25,1
T02874-2, CUSTOMER2874@DEMO-ML.EXAMPLE , open , high ,3.0,2026-03-22,email,platform,14.0,1.5,2
T02876-1,customer2876@demo-ml.example, pending , high ,3.3,2026-03-25,chat,security,8.5,0.75,0
T02877-1,customer2877@demo-ml.example, resolved , critical ,4.0,2026-03-27,phone,platform,9.0,1.0,1
T02877-2, CUSTOMER2877@DEMO-ML.EXAMPLE , closed , medium ,2.7,2026-03-28,web,security,15.5,2.25,2
T02877-3,customer2877@demo-ml.example, open , critical ,3.8,2026-03-29,email,billing,22.0,3.5,0
T02878-1,customer2878@demo-ml.example, closed , low ,4.7,2026-03-29,web,success,9.5,1.25,2
T02879-1,customer2879@demo-ml.example, open , medium ,3.0,2026-03-31,email,billing,10.0,1.5,0
T02881-1,customer2881@demo-ml.example, resolved , critical ,4.4,2026-01-04,phone,platform,11.0,2.0,2
T02882-1,customer2882@demo-ml.example, closed , low ,2.7,2026-01-06,web,success,11.5,2.25,0
T02883-1,customer2883@demo-ml.example, open , medium ,3.4,2026-01-08,email,billing,12.0,2.5,1
T02883-2, CUSTOMER2883@DEMO-ML.EXAMPLE , pending , critical ,4.5,2026-01-09,chat,success,18.5,3.75,2
T02884-1,customer2884@demo-ml.example, pending , high ,4.1,2026-01-10,chat,security,12.5,2.75,2
T02884-3,customer2884@demo-ml.example, closed , high ,3.9,2026-01-12,web,success,25.5,5.25,1
T02886-1,customer2886@demo-ml.example, closed , low ,3.1,2026-01-14,web,success,13.5,3.25,1
T02886-1,customer2886@demo-ml.example, closed , low ,3.1,2026-01-14,web,success,13.5,3.25,1
T02886-2, CUSTOMER2886@DEMO-ML.EXAMPLE , open , high ,4.2,2026-01-15,email,platform,20.0,4.5,2
T02887-1,customer2887@demo-ml.example, open , medium ,3.8,2026-01-16,email,billing,14.0,3.5,2
T02888-1,customer2888@demo-ml.example,, high ,,2026-01-18,chat,security,14.5,3.75,0
T02889-1,customer2889@demo-ml.example, resolved , critical ,2.8,2026-01-20,phone,platform,15.0,4.0,1
T02889-2, CUSTOMER2889@DEMO-ML.EXAMPLE , closed , medium ,3.9,2026-01-21,web,security,21.5,5.25,2
T02891-1,customer2891@demo-ml.example, open , medium ,4.2,2026-01-24,email,billing,16.0,4.5,0
T02891-3,customer2891@demo-ml.example, resolved , medium ,4.0,2026-01-26,phone,platform,29.0,7.0,2
T02892-1,customer2892@demo-ml.example, pending , high ,4.9,2026-01-26,chat,security,16.5,4.75,1
T02892-2, CUSTOMER2892@DEMO-ML.EXAMPLE , resolved , low ,3.6,2026-01-27,phone,billing,23.0,6.0,2
T02893-1,customer2893@demo-ml.example, resolved , critical ,3.2,2026-01-28,phone,platform,17.0,5.0,2
T02894-1,customer2894@demo-ml.example, closed , low ,3.9,2026-01-30,web,success,17.5,5.25,0
T02896-1,customer2896@demo-ml.example, pending , high ,,2026-02-03,chat,security,18.5,5.75,2
T02897-1,customer2897@demo-ml.example, resolved , critical ,3.6,2026-02-05,phone,platform,19.0,6.0,0
T02898-1,customer2898@demo-ml.example, closed , low ,4.3,2026-02-07,web,success,19.5,6.25,1
T02898-2, CUSTOMER2898@DEMO-ML.EXAMPLE , open , high ,3.0,2026-02-08,email,platform,26.0,7.5,2
T02898-3,customer2898@demo-ml.example, pending , low ,4.1,2026-02-09,chat,security,32.5,8.75,0
T02899-1,customer2899@demo-ml.example, open , medium ,2.6,2026-02-09,email,billing,20.0,6.5,2
T02899-1,customer2899@demo-ml.example, open , medium ,2.6,2026-02-09,email,billing,20.0,6.5,2
T02901-1,customer2901@demo-ml.example, resolved , critical ,4.0,2026-02-13,phone,platform,21.0,7.0,1
T02901-2, CUSTOMER2901@DEMO-ML.EXAMPLE , closed , medium ,2.7,2026-02-14,web,security,27.5,8.25,2
T02902-1,customer2902@demo-ml.example, closed , low ,4.7,2026-02-15,web,success,21.5,7.25,2
T02903-1,customer2903@demo-ml.example, open , medium ,3.0,2026-02-17,email,billing,22.0,7.5,0
T02904-1,customer2904@demo-ml.example, pending , high ,,2026-02-19,chat,security,22.5,7.75,1
T02904-2, CUSTOMER2904@DEMO-ML.EXAMPLE , resolved , low ,4.8,2026-02-20,phone,billing,29.0,9.0,2
T02906-1,customer2906@demo-ml.example, closed , low ,2.7,2026-02-23,web,success,23.5,8.25,0
T02907-1,customer2907@demo-ml.example,,,3.4,2026-02-25,email,billing,24.0,8.5,1
T02907-2, CUSTOMER2907@DEMO-ML.EXAMPLE , pending , critical ,4.5,2026-02-26,chat,success,30.5,0.75,2
T02908-1,customer2908@demo-ml.example, pending , high ,4.1,2026-02-27,chat,security,24.5,8.75,2
T02909-1,customer2909@demo-ml.example, resolved , critical ,4.8,2026-03-01,phone,platform,25.0,9.0,0
T02911-1,customer2911@demo-ml.example, open , medium ,3.8,2026-03-05,email,billing,26.0,0.5,2
T02912-1,customer2912@demo-ml.example, pending , high ,,2026-03-07,chat,security,26.5,0.75,0
T02912-1,customer2912@demo-ml.example, pending , high ,,2026-03-07,chat,security,26.5,0.75,0
T02912-3,customer2912@demo-ml.example, closed , high ,4.3,2026-03-09,web,success,39.5,3.25,2
T02913-1,customer2913@demo-ml.example, resolved , critical ,2.8,2026-03-09,phone,platform,27.0,1.0,1
T02913-2, CUSTOMER2913@DEMO-ML.EXAMPLE , closed , medium ,3.9,2026-03-10,web,security,33.5,2.25,2
T02914-1,customer2914@demo-ml.example, closed , low ,3.5,2026-03-11,web,success,27.5,1.25,2
T02916-1,customer2916@demo-ml.example, pending , high ,4.9,2026-03-15,chat,security,28.5,1.75,1
T02916-2, CUSTOMER2916@DEMO-ML.EXAMPLE , resolved , low ,3.6,2026-03-16,phone,billing,35.0,3.0,2
T02917-1,customer2917@demo-ml.example, resolved , critical ,3.2,2026-03-17,phone,platform,29.0,2.0,2
T02918-1,customer2918@demo-ml.example, closed , low ,3.9,2026-03-19,web,success,29.5,2.25,0
T02919-1,customer2919@demo-ml.example, open , medium ,4.6,2026-03-21,email,billing,30.0,2.5,1
T02919-2, CUSTOMER2919@DEMO-ML.EXAMPLE , pending , critical ,3.3,2026-03-22,chat,success,36.5,3.75,2
T02919-3,customer2919@demo-ml.example, resolved , medium ,4.4,2026-03-23,phone,platform,43.0,5.0,0
T02921-1,customer2921@demo-ml.example, resolved , critical ,3.6,2026-03-25,phone,platform,31.0,3.0,0
T02922-1,customer2922@demo-ml.example, closed , low ,4.3,2026-03-27,web,success,31.5,3.25,1
T02922-2, CUSTOMER2922@DEMO-ML.EXAMPLE , open , high ,3.0,2026-03-28,email,platform,38.0,4.5,2
T02923-1,customer2923@demo-ml.example, open , medium ,2.6,2026-03-29,email,billing,32.0,3.5,2
T02924-1,customer2924@demo-ml.example, pending ,,3.3,2026-03-31,chat,security,32.5,3.75,0
T02926-1,customer2926@demo-ml.example,, low ,4.7,2026-01-04,web,success,33.5,4.25,2
T02926-3,customer2926@demo-ml.example, pending , low ,4.5,2026-01-06,chat,security,46.5,6.75,1
T02927-1,customer2927@demo-ml.example, open , medium ,3.0,2026-01-06,email,billing,34.0,4.5,0
T02928-1,customer2928@demo-ml.example, pending , high ,,2026-01-08,chat,security,34.5,4.75,1
T02928-2, CUSTOMER2928@DEMO-ML.EXAMPLE , resolved , low ,4.8,2026-01-09,phone,billing,41.0,6.0,2
T02929-1,customer2929@demo-ml.example, resolved , critical ,4.4,2026-01-10,phone,platform,35.0,5.0,2
T02931-1,customer2931@demo-ml.example, open , medium ,3.4,2026-01-14,email,billing,36.0,5.5,1
T02931-2, CUSTOMER2931@DEMO-ML.EXAMPLE , pending , critical ,4.5,2026-01-15,chat,success,42.5,6.75,2
T02932-1,customer2932@demo-ml.example, pending , high ,4.1,2026-01-16,chat,security,36.5,5.75,2
T02933-1,customer2933@demo-ml.example, resolved , critical ,4.8,2026-01-18,phone,platform,37.0,6.0,0
T02933-3,customer2933@demo-ml.example, open , critical ,4.6,2026-01-20,email,billing,50.0,8.5,2
T02934-1,customer2934@demo-ml.example, closed , low ,3.1,2026-01-20,web,success,37.5,6.25,1
T02934-2, CUSTOMER2934@DEMO-ML.EXAMPLE , open , high ,4.2,2026-01-21,email,platform,44.0,7.5,2
T02936-1,customer2936@demo-ml.example, pending , high ,,2026-01-24,chat,security,38.5,6.75,0
T02937-1,customer2937@demo-ml.example, resolved , critical ,2.8,2026-01-26,phone,platform,39.0,7.0,1
T02937-2, CUSTOMER2937@DEMO-ML.EXAMPLE , closed , medium ,3.9,2026-01-27,web,security,45.5,8.25,2
T02938-1,customer2938@demo-ml.example, closed , low ,3.5,2026-01-28,web,success,39.5,7.25,2
T02938-1,customer2938@demo-ml.example, closed , low ,3.5,2026-01-28,web,success,39.5,7.25,2
T02939-1,customer2939@demo-ml.example, open , medium ,4.2,2026-01-30,email,billing,40.0,7.5,0
T02941-1,customer2941@demo-ml.example, resolved ,,3.2,2026-02-03,phone,platform,41.0,8.0,2
T02942-1,customer2942@demo-ml.example, closed , low ,3.9,2026-02-05,web,success,41.5,8.25,0
T02943-1,customer2943@demo-ml.example, open , medium ,4.6,2026-02-07,email,billing,42.0,8.5,1
T02943-2, CUSTOMER2943@DEMO-ML.EXAMPLE , pending , critical ,3.3,2026-02-08,chat,success,48.5,0.75,2
T02944-1,customer2944@demo-ml.example, pending , high ,,2026-02-09,chat,security,42.5,8.75,2
T02946-1,customer2946@demo-ml.example, closed , low ,4.3,2026-02-13,web,success,43.5,9.25,1
T02946-2, CUSTOMER2946@DEMO-ML.EXAMPLE , open , high ,3.0,2026-02-14,email,platform,50.0,1.5,2
T02947-1,customer2947@demo-ml.example, open , medium ,2.6,2026-02-15,email,billing,44.0,0.5,2
T02947-3,customer2947@demo-ml.example, resolved , medium ,4.8,2026-02-17,phone,platform,9.0,3.0,1
T02948-1,customer2948@demo-ml.example, pending , high ,3.3,2026-02-17,chat,security,44.5,0.75,0
T02949-1,customer2949@demo-ml.example, resolved , critical ,4.0,2026-02-19,phone,platform,45.0,1.0,1
T02949-2, CUSTOMER2949@DEMO-ML.EXAMPLE , closed , medium ,2.7,2026-02-20,web,security,51.5,2.25,2
T02951-1,customer2951@demo-ml.example, open , medium ,3.0,2026-02-23,email,billing,46.0,1.5,0
T02951-1,customer2951@demo-ml.example, open , medium ,3.0,2026-02-23,email,billing,46.0,1.5,0
T02952-1,customer2952@demo-ml.example, pending , high ,,2026-02-25,chat,security,46.5,1.75,1
T02952-2, CUSTOMER2952@DEMO-ML.EXAMPLE , resolved , low ,4.8,2026-02-26,phone,billing,5.0,3.0,2
T02953-1,customer2953@demo-ml.example, resolved , critical ,4.4,2026-02-27,phone,platform,47.0,2.0,2
T02954-1,customer2954@demo-ml.example, closed , low ,2.7,2026-03-01,web,success,47.5,2.25,0
T02954-3,customer2954@demo-ml.example, pending , low ,4.9,2026-03-03,chat,security,12.5,4.75,2
T02956-1,customer2956@demo-ml.example, pending , high ,4.1,2026-03-05,chat,security,48.5,2.75,2
T02957-1,customer2957@demo-ml.example, resolved , critical ,4.8,2026-03-07,phone,platform,49.0,3.0,0
T02958-1,customer2958@demo-ml.example, closed ,,3.1,2026-03-09,web,success,49.5,3.25,1
T02958-2, CUSTOMER2958@DEMO-ML.EXAMPLE , open , high ,4.2,2026-03-10,email,platform,8.0,4.5,2
T02959-1,customer2959@demo-ml.example, open , medium ,3.8,2026-03-11,email,billing,50.0,3.5,2
T02961-1,customer2961@demo-ml.example, resolved , critical ,2.8,2026-03-15,phone,platform,51.0,4.0,1
T02961-2, CUSTOMER2961@DEMO-ML.EXAMPLE , closed , medium ,3.9,2026-03-16,web,security,9.5,5.25,2
T02961-3,customer2961@demo-ml.example, open , critical ,2.6,2026-03-17,email,billing,16.0,6.5,0
T02962-1,customer2962@demo-ml.example, closed , low ,3.5,2026-03-17,web,success,51.5,4.25,2
T02963-1,customer2963@demo-ml.example, open , medium ,4.2,2026-03-19,email,billing,4.0,4.5,0
T02964-1,customer2964@demo-ml.example,, high ,4.9,2026-03-21,chat,security,4.5,4.75,1
T02964-1,customer2964@demo-ml.example,, high ,4.9,2026-03-21,chat,security,4.5,4.75,1
T02964-2, CUSTOMER2964@DEMO-ML.EXAMPLE , resolved , low ,3.6,2026-03-22,phone,billing,11.0,6.0,2
T02966-1,customer2966@demo-ml.example, closed , low ,3.9,2026-03-25,web,success,5.5,5.25,0
T02967-1,customer2967@demo-ml.example, open , medium ,4.6,2026-03-27,email,billing,6.0,5.5,1
T02967-2, CUSTOMER2967@DEMO-ML.EXAMPLE , pending , critical ,3.3,2026-03-28,chat,success,12.5,6.75,2
T02968-1,customer2968@demo-ml.example, pending , high ,,2026-03-29,chat,security,6.5,5.75,2
T02968-3,customer2968@demo-ml.example, closed , high ,2.7,2026-03-31,web,success,19.5,8.25,1
T02969-1,customer2969@demo-ml.example, resolved , critical ,3.6,2026-03-31,phone,platform,7.0,6.0,0
T02971-1,customer2971@demo-ml.example, open , medium ,2.6,2026-01-04,email,billing,8.0,6.5,2
T02972-1,customer2972@demo-ml.example, pending , high ,3.3,2026-01-06,chat,security,8.5,6.75,0
T02973-1,customer2973@demo-ml.example, resolved , critical ,4.0,2026-01-08,phone,platform,9.0,7.0,1
T02973-2, CUSTOMER2973@DEMO-ML.EXAMPLE , closed , medium ,2.7,2026-01-09,web,security,15.5,8.25,2
T02974-1,customer2974@demo-ml.example, closed , low ,4.7,2026-01-10,web,success,9.5,7.25,2
T02976-1,customer2976@demo-ml.example, pending , high ,,2026-01-14,chat,security,10.5,7.75,1
T02976-2, CUSTOMER2976@DEMO-ML.EXAMPLE , resolved , low ,4.8,2026-01-15,phone,billing,17.0,9.0,2
T02977-1,customer2977@demo-ml.example, resolved , critical ,4.4,2026-01-16,phone,platform,11.0,8.0,2
T02977-1,customer2977@demo-ml.example, resolved , critical ,4.4,2026-01-16,phone,platform,11.0,8.0,2
T02978-1,customer2978@demo-ml.example, closed , low ,2.7,2026-01-18,web,success,11.5,8.25,0
T02979-1,customer2979@demo-ml.example, open , medium ,3.4,2026-01-20,email,billing,12.0,8.5,1
T02979-2, CUSTOMER2979@DEMO-ML.EXAMPLE , pending , critical ,4.5,2026-01-21,chat,success,18.5,0.75,2
T02981-1,customer2981@demo-ml.example, resolved , critical ,4.8,2026-01-24,phone,platform,13.0,9.0,0
T02982-1,customer2982@demo-ml.example, closed , low ,3.1,2026-01-26,web,success,13.5,9.25,1
T02982-2, CUSTOMER2982@DEMO-ML.EXAMPLE , open , high ,4.2,2026-01-27,email,platform,20.0,1.5,2
T02982-3,customer2982@demo-ml.example, pending , low ,2.9,2026-01-28,chat,security,26.5,2.75,0
T02983-1,customer2983@demo-ml.example,, medium ,3.8,2026-01-28,email,billing,14.0,0.5,2
T02984-1,customer2984@demo-ml.example, pending , high ,,2026-01-30,chat,security,14.5,0.75,0
T02986-1,customer2986@demo-ml.example, closed , low ,3.5,2026-02-03,web,success,15.5,1.25,2
T02987-1,customer2987@demo-ml.example, open , medium ,4.2,2026-02-05,email,billing,16.0,1.5,0
T02988-1,customer2988@demo-ml.example, pending , high ,4.9,2026-02-07,chat,security,16.5,1.75,1
T02988-2, CUSTOMER2988@DEMO-ML.EXAMPLE , resolved , low ,3.6,2026-02-08,phone,billing,23.0,3.0,2
T02989-1,customer2989@demo-ml.example, resolved , critical ,3.2,2026-02-09,phone,platform,17.0,2.0,2
T02989-3,customer2989@demo-ml.example, open , critical ,3.0,2026-02-11,email,billing,30.0,4.5,1
T02991-1,customer2991@demo-ml.example, open , medium ,4.6,2026-02-13,email,billing,18.0,2.5,1
T02991-2, CUSTOMER2991@DEMO-ML.EXAMPLE , pending , critical ,3.3,2026-02-14,chat,success,24.5,3.75,2
T02992-1,customer2992@demo-ml.example, pending ,,,2026-02-15,chat,security,18.5,2.75,2
T02993-1,customer2993@demo-ml.example, resolved , critical ,3.6,2026-02-17,phone,platform,19.0,3.0,0
T02994-1,customer2994@demo-ml.example, closed , low ,4.3,2026-02-19,web,success,19.5,3.25,1
T02994-2, CUSTOMER2994@DEMO-ML.EXAMPLE , open , high ,3.0,2026-02-20,email,platform,26.0,4.5,2
T02996-1,customer2996@demo-ml.example, pending , high ,3.3,2026-02-23,chat,security,20.5,3.75,0
T02996-3,customer2996@demo-ml.example, closed , high ,3.1,2026-02-25,web,success,33.5,6.25,2
T02997-1,customer2997@demo-ml.example, resolved , critical ,4.0,2026-02-25,phone,platform,21.0,4.0,1
T02997-2, CUSTOMER2997@DEMO-ML.EXAMPLE , closed , medium ,2.7,2026-02-26,web,security,27.5,5.25,2
T02998-1,customer2998@demo-ml.example, closed , low ,4.7,2026-02-27,web,success,21.5,4.25,2
T02999-1,customer2999@demo-ml.example, open , medium ,3.0,2026-03-01,email,billing,22.0,4.5,0
T03001-1,customer3001@demo-ml.example, resolved , critical ,4.4,2026-03-05,phone,platform,23.0,5.0,2
T03002-1,customer3002@demo-ml.example,, low ,2.7,2026-03-07,web,success,23.5,5.25,0
T03003-1,customer3003@demo-ml.example, open , medium ,3.4,2026-03-09,email,billing,24.0,5.5,1
T03003-1,customer3003@demo-ml.example, open , medium ,3.4,2026-03-09,email,billing,24.0,5.5,1
T03003-2, CUSTOMER3003@DEMO-ML.EXAMPLE , pending , critical ,4.5,2026-03-10,chat,success,30.5,6.75,2
T03003-3,customer3003@demo-ml.example, resolved , medium ,3.2,2026-03-11,phone,platform,37.0,8.0,0
T03004-1,customer3004@demo-ml.example, pending , high ,4.1,2026-03-11,chat,security,24.5,5.75,2
T03006-1,customer3006@demo-ml.example, closed , low ,3.1,2026-03-15,web,success,25.5,6.25,1
T03006-2, CUSTOMER3006@DEMO-ML.EXAMPLE , open , high ,4.2,2026-03-16,email,platform,32.0,7.5,2
T03007-1,customer3007@demo-ml.example, open , medium ,3.8,2026-03-17,email,billing,26.0,6.5,2
T03008-1,customer3008@demo-ml.example, pending , high ,,2026-03-19,chat,security,26.5,6.75,0
T03009-1,customer3009@demo-ml.example, resolved ,,2.8,2026-03-21,phone,platform,27.0,7.0,1
T03009-2, CUSTOMER3009@DEMO-ML.EXAMPLE , closed , medium ,3.9,2026-03-22,web,security,33.5,8.25,2
T03011-1,customer3011@demo-ml.example, open , medium ,4.2,2026-03-25,email,billing,28.0,7.5,0
T03012-1,customer3012@demo-ml.example, pending , high ,4.9,2026-03-27,chat,security,28.5,7.75,1
T03012-2, CUSTOMER3012@DEMO-ML.EXAMPLE , resolved , low ,3.6,2026-03-28,phone,billing,35.0,9.0,2
T03013-1,customer3013@demo-ml.example, resolved , critical ,3.2,2026-03-29,phone,platform,29.0,8.0,2
T03014-1,customer3014@demo-ml.example, closed , low ,3.9,2026-03-31,web,success,29.5,8.25,0
T03016-1,customer3016@demo-ml.example, pending , high ,,2026-01-04,chat,security,30.5,8.75,2
T03016-1,customer3016@demo-ml.example, pending , high ,,2026-01-04,chat,security,30.5,8.75,2
T03017-1,customer3017@demo-ml.example, resolved , critical ,3.6,2026-01-06,phone,platform,31.0,9.0,0
T03017-3,customer3017@demo-ml.example, open , critical ,3.4,2026-01-08,email,billing,44.0,2.5,2
T03018-1,customer3018@demo-ml.example, closed , low ,4.3,2026-01-08,web,success,31.5,9.25,1
T03018-2, CUSTOMER3018@DEMO-ML.EXAMPLE , open , high ,3.0,2026-01-09,email,platform,38.0,1.5,2
T03019-1,customer3019@demo-ml.example, open , medium ,2.6,2026-01-10,email,billing,32.0,0.5,2
T03021-1,customer3021@demo-ml.example,, critical ,4.0,2026-01-14,phone,platform,33.0,1.0,1
T03021-2, CUSTOMER3021@DEMO-ML.EXAMPLE , closed , medium ,2.7,2026-01-15,web,security,39.5,2.25,2
T03022-1,customer3022@demo-ml.example, closed , low ,4.7,2026-01-16,web,success,33.5,1.25,2
T03023-1,customer3023@demo-ml.example, open , medium ,3.0,2026-01-18,email,billing,34.0,1.5,0
T03024-1,customer3024@demo-ml.example, pending , high ,,2026-01-20,chat,security,34.5,1.75,1
T03024-2, CUSTOMER3024@DEMO-ML.EXAMPLE , resolved , low ,4.8,2026-01-21,phone,billing,41.0,3.0,2
T03024-3,customer3024@demo-ml.example, closed , high ,3.5,2026-01-22,web,success,47.5,4.25,0
T03026-1,customer3026@demo-ml.example, closed ,,2.7,2026-01-24,web,success,35.5,2.25,0
T03027-1,customer3027@demo-ml.example, open , medium ,3.4,2026-01-26,email,billing,36.0,2.5,1
T03027-2, CUSTOMER3027@DEMO-ML.EXAMPLE , pending , critical ,4.5,2026-01-27,chat,success,42.5,3.75,2
T03028-1,customer3028@demo-ml.example, pending , high ,4.1,2026-01-28,chat,security,36.5,2.75,2
T03029-1,customer3029@demo-ml.example, resolved , critical ,4.8,2026-01-30,phone,platform,37.0,3.0,0
T03029-1,customer3029@demo-ml.example, resolved , critical ,4.8,2026-01-30,phone,platform,37.0,3.0,0
T03031-1,customer3031@demo-ml.example, open , medium ,3.8,2026-02-03,email,billing,38.0,3.5,2
T03031-3,customer3031@demo-ml.example, resolved , medium ,3.6,2026-02-05,phone,platform,51.0,6.0,1
T03032-1,customer3032@demo-ml.example, pending , high ,,2026-02-05,chat,security,38.5,3.75,0
T03033-1,customer3033@demo-ml.example, resolved , critical ,2.8,2026-02-07,phone,platform,39.0,4.0,1
T03033-2, CUSTOMER3033@DEMO-ML.EXAMPLE , closed , medium ,3.9,2026-02-08,web,security,45.5,5.25,2
T03034-1,customer3034@demo-ml.example, closed , low ,3.5,2026-02-09,web,success,39.5,4.25,2
T03036-1,customer3036@demo-ml.example, pending , high ,4.9,2026-02-13,chat,security,40.5,4.75,1
T03036-2, CUSTOMER3036@DEMO-ML.EXAMPLE , resolved , low ,3.6,2026-02-14,phone,billing,47.0,6.0,2
T03037-1,customer3037@demo-ml.example, resolved , critical ,3.2,2026-02-15,phone,platform,41.0,5.0,2
T03038-1,customer3038@demo-ml.example, closed , low ,3.9,2026-02-17,web,success,41.5,5.25,0
T03038-3,customer3038@demo-ml.example, pending , low ,3.7,2026-02-19,chat,security,6.5,7.75,2
T03039-1,customer3039@demo-ml.example, open , medium ,4.6,2026-02-19,email,billing,42.0,5.5,1
T03039-2, CUSTOMER3039@DEMO-ML.EXAMPLE , pending , critical ,3.3,2026-02-20,chat,success,48.5,6.75,2
T03041-1,customer3041@demo-ml.example, resolved , critical ,3.6,2026-02-23,phone,platform,43.0,6.0,0
T03042-1,customer3042@demo-ml.example, closed , low ,4.3,2026-02-25,web,success,43.5,6.25,1
T03042-1,customer3042@demo-ml.example, closed , low ,4.3,2026-02-25,web,success,43.5,6.25,1
T03042-2, CUSTOMER3042@DEMO-ML.EXAMPLE , open , high ,3.0,2026-02-26,email,platform,50.0,7.5,2
T03043-1,customer3043@demo-ml.example, open ,,2.6,2026-02-27,email,billing,44.0,6.5,2
T03044-1,customer3044@demo-ml.example, pending , high ,3.3,2026-03-01,chat,security,44.5,6.75,0
T03046-1,customer3046@demo-ml.example, closed , low ,4.7,2026-03-05,web,success,45.5,7.25,2
T03047-1,customer3047@demo-ml.example, open , medium ,3.0,2026-03-07,email,billing,46.0,7.5,0
T03048-1,customer3048@demo-ml.example, pending , high ,,2026-03-09,chat,security,46.5,7.75,1
T03048-2, CUSTOMER3048@DEMO-ML.EXAMPLE , resolved , low ,4.8,2026-03-10,phone,billing,5.0,9.0,2
T03049-1,customer3049@demo-ml.example, resolved , critical ,4.4,2026-03-11,phone,platform,47.0,8.0,2
T03051-1,customer3051@demo-ml.example, open , medium ,3.4,2026-03-15,email,billing,48.0,8.5,1
T03051-2, CUSTOMER3051@DEMO-ML.EXAMPLE , pending , critical ,4.5,2026-03-16,chat,success,6.5,0.75,2
T03052-1,customer3052@demo-ml.example, pending , high ,4.1,2026-03-17,chat,security,48.5,8.75,2
T03052-3,customer3052@demo-ml.example, closed , high ,3.9,2026-03-19,web,success,13.5,2.25,1
T03053-1,customer3053@demo-ml.example, resolved , critical ,4.8,2026-03-19,phone,platform,49.0,9.0,0
T03054-1,customer3054@demo-ml.example, closed , low ,3.1,2026-03-21,web,success,49.5,9.25,1
T03054-2, CUSTOMER3054@DEMO-ML.EXAMPLE , open , high ,4.2,2026-03-22,email,platform,8.0,1.5,2
T03056-1,customer3056@demo-ml.example, pending , high ,,2026-03-25,chat,security,50.5,0.75,0
T03057-1,customer3057@demo-ml.example, resolved , critical ,2.8,2026-03-27,phone,platform,51.0,1.0,1
T03057-2, CUSTOMER3057@DEMO-ML.EXAMPLE , closed , medium ,3.9,2026-03-28,web,security,9.5,2.25,2
T03058-1,customer3058@demo-ml.example, closed , low ,3.5,2026-03-29,web,success,51.5,1.25,2
T03059-1,customer3059@demo-ml.example,, medium ,4.2,2026-03-31,email,billing,4.0,1.5,0
T03059-3,customer3059@demo-ml.example, resolved , medium ,4.0,2026-01-02,phone,platform,17.0,4.0,2
T03061-1,customer3061@demo-ml.example, resolved , critical ,3.2,2026-01-04,phone,platform,5.0,2.0,2
T03062-1,customer3062@demo-ml.example, closed , low ,3.9,2026-01-06,web,success,5.5,2.25,0
T03063-1,customer3063@demo-ml.example, open , medium ,4.6,2026-01-08,email,billing,6.0,2.5,1
T03063-2, CUSTOMER3063@DEMO-ML.EXAMPLE , pending , critical ,3.3,2026-01-09,chat,success,12.5,3.75,2
T03064-1,customer3064@demo-ml.example, pending , high ,,2026-01-10,chat,security,6.5,2.75,2
T03066-1,customer3066@demo-ml.example, closed , low ,4.3,2026-01-14,web,success,7.5,3.25,1
T03066-2, CUSTOMER3066@DEMO-ML.EXAMPLE , open , high ,3.0,2026-01-15,email,platform,14.0,4.5,2
T03066-3,customer3066@demo-ml.example, pending , low ,4.1,2026-01-16,chat,security,20.5,5.75,0
T03067-1,customer3067@demo-ml.example, open , medium ,2.6,2026-01-16,email,billing,8.0,3.5,2
T03068-1,customer3068@demo-ml.example, pending , high ,3.3,2026-01-18,chat,security,8.5,3.75,0
T03068-1,customer3068@demo-ml.example, pending , high ,3.3,2026-01-18,chat,security,8.5,3.75,0
T03069-1,customer3069@demo-ml.example, resolved , critical ,4.0,2026-01-20,phone,platform,9.0,4.0,1
T03069-2, CUSTOMER3069@DEMO-ML.EXAMPLE , closed , medium ,2.7,2026-01-21,web,security,15.5,5.25,2
T03071-1,customer3071@demo-ml.example, open , medium ,3.0,2026-01-24,email,billing,10.0,4.5,0
T03072-1,customer3072@demo-ml.example, pending , high ,,2026-01-26,chat,security,10.5,4.75,1
T03072-2, CUSTOMER3072@DEMO-ML.EXAMPLE , resolved , low ,4.8,2026-01-27,phone,billing,17.0,6.0,2
T03073-1,customer3073@demo-ml.example, resolved , critical ,4.4,2026-01-28,phone,platform,11.0,5.0,2
T03073-3,customer3073@demo-ml.example, open , critical ,4.2,2026-01-30,email,billing,24.0,7.5,1
T03074-1,customer3074@demo-ml.example, closed , low ,2.7,2026-01-30,web,success,11.5,5.25,0
T03076-1,customer3076@demo-ml.example, pending , high ,4.1,2026-02-03,chat,security,12.5,5.75,2
T03077-1,customer3077@demo-ml.example, resolved ,,4.8,2026-02-05,phone,platform,13.0,6.0,0
T03078-1,customer3078@demo-ml.example,, low ,3.1,2026-02-07,web,success,13.5,6.25,1
T03078-2, CUSTOMER3078@DEMO-ML.EXAMPLE , open , high ,4.2,2026-02-08,email,platform,20.0,7.5,2
T03079-1,customer3079@demo-ml.example, open , medium ,3.8,2026-02-09,email,billing,14.0,6.5,2
T03081-1,customer3081@demo-ml.example, resolved , critical ,2.8,2026-02-13,phone,platform,15.0,7.0,1
T03081-1,customer3081@demo-ml.example, resolved , critical ,2.8,2026-02-13,phone,platform,15.0,7.0,1
T03081-2, CUSTOMER3081@DEMO-ML.EXAMPLE , closed , medium ,3.9,2026-02-14,web,security,21.5,8.25,2
T03082-1,customer3082@demo-ml.example, closed , low ,3.5,2026-02-15,web,success,15.5,7.25,2
T03083-1,customer3083@demo-ml.example, open , medium ,4.2,2026-02-17,email,billing,16.0,7.5,0
T03084-1,customer3084@demo-ml.example, pending , high ,4.9,2026-02-19,chat,security,16.5,7.75,1
T03084-2, CUSTOMER3084@DEMO-ML.EXAMPLE , resolved , low ,3.6,2026-02-20,phone,billing,23.0,9.0,2
T03086-1,customer3086@demo-ml.example, closed , low ,3.9,2026-02-23,web,success,17.5,8.25,0
T03087-1,customer3087@demo-ml.example, open , medium ,4.6,2026-02-25,email,billing,18.0,8.5,1
T03087-2, CUSTOMER3087@DEMO-ML.EXAMPLE , pending , critical ,3.3,2026-02-26,chat,success,24.5,0.75,2
T03087-3,customer3087@demo-ml.example, resolved , medium ,4.4,2026-02-27,phone,platform,31.0,2.0,0
T03088-1,customer3088@demo-ml.example, pending , high ,,2026-02-27,chat,security,18.5,8.75,2
T03089-1,customer3089@demo-ml.example, resolved , critical ,3.6,2026-03-01,phone,platform,19.0,9.0,0
T03091-1,customer3091@demo-ml.example, open , medium ,2.6,2026-03-05,email,billing,20.0,0.5,2
T03092-1,customer3092@demo-ml.example, pending , high ,3.3,2026-03-07,chat,security,20.5,0.75,0
T03093-1,customer3093@demo-ml.example, resolved , critical ,4.0,2026-03-09,phone,platform,21.0,1.0,1
T03093-2, CUSTOMER3093@DEMO-ML.EXAMPLE , closed , medium ,2.7,2026-03-10,web,security,27.5,2.25,2
T03094-1,customer3094@demo-ml.example, closed ,,4.7,2026-03-11,web,success,21.5,1.25,2
T03094-1,customer3094@demo-ml.example, closed ,,4.7,2026-03-11,web,success,21.5,1.25,2
T03094-3,customer3094@demo-ml.example, pending , low ,4.5,2026-03-13,chat,security,34.5,3.75,1
T03096-1,customer3096@demo-ml.example, pending , high ,,2026-03-15,chat,security,22.5,1.75,1
T03096-2, CUSTOMER3096@DEMO-ML.EXAMPLE , resolved , low ,4.8,2026-03-16,phone,billing,29.0,3.0,2
T03097-1,customer3097@demo-ml.example,, critical ,4.4,2026-03-17,phone,platform,23.0,2.0,2
T03098-1,customer3098@demo-ml.example, closed , low ,2.7,2026-03-19,web,success,23.5,2.25,0
T03099-1,customer3099@demo-ml.example, open , medium ,3.4,2026-03-21,email,billing,24.0,2.5,1
T03099-2, CUSTOMER3099@DEMO-ML.EXAMPLE , pending , critical ,4.5,2026-03-22,chat,success,30.5,3.75,2
T03101-1,customer3101@demo-ml.example, resolved , critical ,4.8,2026-03-25,phone,platform,25.0,3.0,0
T03101-3,customer3101@demo-ml.example, open , critical ,4.6,2026-03-27,email,billing,38.0,5.5,2
T03102-1,customer3102@demo-ml.example, closed , low ,3.1,2026-03-27,web,success,25.5,3.25,1
T03102-2, CUSTOMER3102@DEMO-ML.EXAMPLE , open , high ,4.2,2026-03-28,email,platform,32.0,4.5,2
T03103-1,customer3103@demo-ml.example, open , medium ,3.8,2026-03-29,email,billing,26.0,3.5,2
T03104-1,customer3104@demo-ml.example, pending , high ,,2026-03-31,chat,security,26.5,3.75,0
T03106-1,customer3106@demo-ml.example, closed , low ,3.5,2026-01-04,web,success,27.5,4.25,2
T03107-1,customer3107@demo-ml.example, open , medium ,4.2,2026-01-06,email,billing,28.0,4.5,0
T03107-1,customer3107@demo-ml.example, open , medium ,4.2,2026-01-06,email,billing,28.0,4.5,0
T03108-1,customer3108@demo-ml.example, pending , high ,4.9,2026-01-08,chat,security,28.5,4.75,1
T03108-2, CUSTOMER3108@DEMO-ML.EXAMPLE , resolved , low ,3.6,2026-01-09,phone,billing,35.0,6.0,2
T03108-3,customer3108@demo-ml.example, closed , high ,4.7,2026-01-10,web,success,41.5,7.25,0
T03109-1,customer3109@demo-ml.example, resolved , critical ,3.2,2026-01-10,phone,platform,29.0,5.0,2
T03111-1,customer3111@demo-ml.example, open ,,4.6,2026-01-14,email,billing,30.0,5.5,1
T03111-2, CUSTOMER3111@DEMO-ML.EXAMPLE , pending , critical ,3.3,2026-01-15,chat,success,36.5,6.75,2
T03112-1,customer3112@demo-ml.example, pending , high ,,2026-01-16,chat,security,30.5,5.75,2
T03113-1,customer3113@demo-ml.example, resolved , critical ,3.6,2026-01-18,phone,platform,31.0,6.0,0
T03114-1,customer3114@demo-ml.example, closed , low ,4.3,2026-01-20,web,success,31.5,6.25,1
T03114-2, CUSTOMER3114@DEMO-ML.EXAMPLE , open , high ,3.0,2026-01-21,email,platform,38.0,7.5,2
T03116-1,customer3116@demo-ml.example,, high ,3.3,2026-01-24,chat,security,32.5,6.75,0
T03117-1,customer3117@demo-ml.example, resolved , critical ,4.0,2026-01-26,phone,platform,33.0,7.0,1
T03117-2, CUSTOMER3117@DEMO-ML.EXAMPLE , closed , medium ,2.7,2026-01-27,web,security,39.5,8.25,2
T03118-1,customer3118@demo-ml.example, closed , low ,4.7,2026-01-28,web,success,33.5,7.25,2
T03119-1,customer3119@demo-ml.example, open , medium ,3.0,2026-01-30,email,billing,34.0,7.5,0
T03121-1,customer3121@demo-ml.example, resolved , critical ,4.4,2026-02-03,phone,platform,35.0,8.0,2
T03122-1,customer3122@demo-ml.example, closed , low ,2.7,2026-02-05,web,success,35.5,8.25,0
T03122-3,customer3122@demo-ml.example, pending , low ,4.9,2026-02-07,chat,security,48.5,1.75,2
T03123-1,customer3123@demo-ml.example, open , medium ,3.4,2026-02-07,email,billing,36.0,8.5,1
T03123-2, CUSTOMER3123@DEMO-ML.EXAMPLE , pending , critical ,4.5,2026-02-08,chat,success,42.5,0.75,2
T03124-1,customer3124@demo-ml.example, pending , high ,4.1,2026-02-09,chat,security,36.5,8.75,2
T03126-1,customer3126@demo-ml.example, closed , low ,3.1,2026-02-13,web,success,37.5,9.25,1
T03126-2, CUSTOMER3126@DEMO-ML.EXAMPLE , open , high ,4.2,2026-02-14,email,platform,44.0,1.5,2
T03127-1,customer3127@demo-ml.example, open , medium ,3.8,2026-02-15,email,billing,38.0,0.5,2
T03128-1,customer3128@demo-ml.example, pending ,,,2026-02-17,chat,security,38.5,0.75,0
T03129-1,customer3129@demo-ml.example, resolved , critical ,2.8,2026-02-19,phone,platform,39.0,1.0,1
T03129-2, CUSTOMER3129@DEMO-ML.EXAMPLE , closed , medium ,3.9,2026-02-20,web,security,45.5,2.25,2
T03129-3,customer3129@demo-ml.example, open , critical ,2.6,2026-02-21,email,billing,4.0,3.5,0
T03131-1,customer3131@demo-ml.example, open , medium ,4.2,2026-02-23,email,billing,40.0,1.5,0
T03132-1,customer3132@demo-ml.example, pending , high ,4.9,2026-02-25,chat,security,40.5,1.75,1
T03132-2, CUSTOMER3132@DEMO-ML.EXAMPLE , resolved , low ,3.6,2026-02-26,phone,billing,47.0,3.0,2
T03133-1,customer3133@demo-ml.example, resolved , critical ,3.2,2026-02-27,phone,platform,41.0,2.0,2
T03133-1,customer3133@demo-ml.example, resolved , critical ,3.2,2026-02-27,phone,platform,41.0,2.0,2
T03134-1,customer3134@demo-ml.example, closed , low ,3.9,2026-03-01,web,success,41.5,2.25,0
T03136-1,customer3136@demo-ml.example, pending , high ,,2026-03-05,chat,security,42.5,2.75,2
T03136-3,customer3136@demo-ml.example, closed , high ,2.7,2026-03-07,web,success,7.5,5.25,1
T03137-1,customer3137@demo-ml.example, resolved , critical ,3.6,2026-03-07,phone,platform,43.0,3.0,0
T03138-1,customer3138@demo-ml.example, closed , low ,4.3,2026-03-09,web,success,43.5,3.25,1
T03138-2, CUSTOMER3138@DEMO-ML.EXAMPLE , open , high ,3.0,2026-03-10,email,platform,50.0,4.5,2
T03139-1,customer3139@demo-ml.example, open , medium ,2.6,2026-03-11,email,billing,44.0,3.5,2
T03141-1,customer3141@demo-ml.example, resolved , critical ,4.0,2026-03-15,phone,platform,45.0,4.0,1
T03141-2, CUSTOMER3141@DEMO-ML.EXAMPLE , closed , medium ,2.7,2026-03-16,web,security,51.5,5.25,2
T03142-1,customer3142@demo-ml.example, closed , low ,4.7,2026-03-17,web,success,45.5,4.25,2
T03143-1,customer3143@demo-ml.example, open , medium ,3.0,2026-03-19,email,billing,46.0,4.5,0
T03143-3,customer3143@demo-ml.example, resolved , medium ,2.8,2026-03-21,phone,platform,11.0,7.0,2
T03144-1,customer3144@demo-ml.example, pending , high ,,2026-03-21,chat,security,46.5,4.75,1
T03144-2, CUSTOMER3144@DEMO-ML.EXAMPLE , resolved , low ,4.8,2026-03-22,phone,billing,5.0,6.0,2
T03146-1,customer3146@demo-ml.example, closed , low ,2.7,2026-03-25,web,success,47.5,5.25,0
T03146-1,customer3146@demo-ml.example, closed , low ,2.7,2026-03-25,web,success,47.5,5.25,0
T03147-1,customer3147@demo-ml.example, open , medium ,3.4,2026-03-27,email,billing,48.0,5.5,1
T03147-2, CUSTOMER3147@DEMO-ML.EXAMPLE , pending , critical ,4.5,2026-03-28,chat,success,6.5,6.75,2
T03148-1,customer3148@demo-ml.example, pending , high ,4.1,2026-03-29,chat,security,48.5,5.75,2
T03149-1,customer3149@demo-ml.example, resolved , critical ,4.8,2026-03-31,phone,platform,49.0,6.0,0
T03151-1,customer3151@demo-ml.example, open , medium ,3.8,2026-01-04,email,billing,50.0,6.5,2
T03152-1,customer3152@demo-ml.example, pending , high ,,2026-01-06,chat,security,50.5,6.75,0
T03153-1,customer3153@demo-ml.example, resolved , critical ,2.8,2026-01-08,phone,platform,51.0,7.0,1
T03153-2, CUSTOMER3153@DEMO-ML.EXAMPLE , closed , medium ,3.9,2026-01-09,web,security,9.5,8.25,2
T03154-1,customer3154@demo-ml.example,, low ,3.5,2026-01-10,web,success,51.5,7.25,2
T03156-1,customer3156@demo-ml.example, pending , high ,4.9,2026-01-14,chat,security,4.5,7.75,1
T03156-2, CUSTOMER3156@DEMO-ML.EXAMPLE , resolved , low ,3.6,2026-01-15,phone,billing,11.0,9.0,2
T03157-1,customer3157@demo-ml.example, resolved , critical ,3.2,2026-01-16,phone,platform,5.0,8.0,2
T03157-3,customer3157@demo-ml.example, open , critical ,3.0,2026-01-18,email,billing,18.0,1.5,1
T03158-1,customer3158@demo-ml.example, closed , low ,3.9,2026-01-18,web,success,5.5,8.25,0
T03159-1,customer3159@demo-ml.example, open , medium ,4.6,2026-01-20,email,billing,6.0,8.5,1
T03159-1,customer3159@demo-ml.example, open , medium ,4.6,2026-01-20,email,billing,6.0,8.5,1
T03159-2, CUSTOMER3159@DEMO-ML.EXAMPLE , pending , critical ,3.3,2026-01-21,chat,success,12.5,0.75,2
T03161-1,customer3161@demo-ml.example, resolved , critical ,3.6,2026-01-24,phone,platform,7.0,9.0,0
T03162-1,customer3162@demo-ml.example, closed ,,4.3,2026-01-26,web,success,7.5,9.25,1
T03162-2, CUSTOMER3162@DEMO-ML.EXAMPLE , open , high ,3.0,2026-01-27,email,platform,14.0,1.5,2
T03163-1,customer3163@demo-ml.example, open , medium ,2.6,2026-01-28,email,billing,8.0,0.5,2
T03164-1,customer3164@demo-ml.example, pending , high ,3.3,2026-01-30,chat,security,8.5,0.75,0
T03164-3,customer3164@demo-ml.example, closed , high ,3.1,2026-02-01,web,success,21.5,3.25,2
T03166-1,customer3166@demo-ml.example, closed , low ,4.7,2026-02-03,web,success,9.5,1.25,2
T03167-1,customer3167@demo-ml.example, open , medium ,3.0,2026-02-05,email,billing,10.0,1.5,0
T03168-1,customer3168@demo-ml.example, pending , high ,,2026-02-07,chat,security,10.5,1.75,1
T03168-2, CUSTOMER3168@DEMO-ML.EXAMPLE , resolved , low ,4.8,2026-02-08,phone,billing,17.0,3.0,2
T03169-1,customer3169@demo-ml.example, resolved , critical ,4.4,2026-02-09,phone,platform,11.0,2.0,2
T03171-1,customer3171@demo-ml.example, open , medium ,3.4,2026-02-13,email,billing,12.0,2.5,1
T03171-2, CUSTOMER3171@DEMO-ML.EXAMPLE , pending , critical ,4.5,2026-02-14,chat,success,18.5,3.75,2
T03171-3,customer3171@demo-ml.example, resolved , medium ,3.2,2026-02-15,phone,platform,25.0,5.0,0
T03172-1,customer3172@demo-ml.example, pending , high ,4.1,2026-02-15,chat,security,12.5,2.75,2
T03172-1,customer3172@demo-ml.example, pending , high ,4.1,2026-02-15,chat,security,12.5,2.75,2
T03173-1,customer3173@demo-ml.example,, critical ,4.8,2026-02-17,phone,platform,13.0,3.0,0
T03174-1,customer3174@demo-ml.example, closed , low ,3.1,2026-02-19,web,success,13.5,3.25,1
T03174-2, CUSTOMER3174@DEMO-ML.EXAMPLE , open , high ,4.2,2026-02-20,email,platform,20.0,4.5,2
T03176-1,customer3176@demo-ml.example, pending , high ,,2026-02-23,chat,security,14.5,3.75,0
T03177-1,customer3177@demo-ml.example, resolved , critical ,2.8,2026-02-25,phone,platform,15.0,4.0,1
T03177-2, CUSTOMER3177@DEMO-ML.EXAMPLE , closed , medium ,3.9,2026-02-26,web,security,21.5,5.25,2
T03178-1,customer3178@demo-ml.example, closed , low ,3.5,2026-02-27,web,success,15.5,4.25,2
T03178-3,customer3178@demo-ml.example, pending , low ,3.3,2026-03-01,chat,security,28.5,6.75,1
T03179-1,customer3179@demo-ml.example, open ,,4.2,2026-03-01,email,billing,16.0,4.5,0
T03181-1,customer3181@demo-ml.example, resolved , critical ,3.2,2026-03-05,phone,platform,17.0,5.0,2
T03182-1,customer3182@demo-ml.example, closed , low ,3.9,2026-03-07,web,success,17.5,5.25,0
T03183-1,customer3183@demo-ml.example, open , medium ,4.6,2026-03-09,email,billing,18.0,5.5,1
T03183-2, CUSTOMER3183@DEMO-ML.EXAMPLE , pending , critical ,3.3,2026-03-10,chat,success,24.5,6.75,2
T03184-1,customer3184@demo-ml.example, pending , high ,,2026-03-11,chat,security,18.5,5.75,2
T03186-1,customer3186@demo-ml.example, closed , low ,4.3,2026-03-15,web,success,19.5,6.25,1
T03186-2, CUSTOMER3186@DEMO-ML.EXAMPLE , open , high ,3.0,2026-03-16,email,platform,26.0,7.5,2
T03187-1,customer3187@demo-ml.example, open , medium ,2.6,2026-03-17,email,billing,20.0,6.5,2
T03188-1,customer3188@demo-ml.example, pending , high ,3.3,2026-03-19,chat,security,20.5,6.75,0
T03189-1,customer3189@demo-ml.example, resolved , critical ,4.0,2026-03-21,phone,platform,21.0,7.0,1
T03189-2, CUSTOMER3189@DEMO-ML.EXAMPLE , closed , medium ,2.7,2026-03-22,web,security,27.5,8.25,2
T03191-1,customer3191@demo-ml.example, open , medium ,3.0,2026-03-25,email,billing,22.0,7.5,0
T03192-1,customer3192@demo-ml.example,, high ,,2026-03-27,chat,security,22.5,7.75,1
T03192-2, CUSTOMER3192@DEMO-ML.EXAMPLE , resolved , low ,4.8,2026-03-28,phone,billing,29.0,9.0,2
T03192-3,customer3192@demo-ml.example, closed , high ,3.5,2026-03-29,web,success,35.5,1.25,0
T03193-1,customer3193@demo-ml.example, resolved , critical ,4.4,2026-03-29,phone,platform,23.0,8.0,2
T03194-1,customer3194@demo-ml.example, closed , low ,2.7,2026-03-31,web,success,23.5,8.25,0
T03196-1,customer3196@demo-ml.example, pending ,,4.1,2026-01-04,chat,security,24.5,8.75,2
T03197-1,customer3197@demo-ml.example, resolved , critical ,4.8,2026-01-06,phone,platform,25.0,9.0,0
T03198-1,customer3198@demo-ml.example, closed , low ,3.1,2026-01-08,web,success,25.5,9.25,1
T03198-1,customer3198@demo-ml.example, closed , low ,3.1,2026-01-08,web,success,25.5,9.25,1
T03198-2, CUSTOMER3198@DEMO-ML.EXAMPLE , open , high ,4.2,2026-01-09,email,platform,32.0,1.5,2
T03199-1,customer3199@demo-ml.example, open , medium ,3.8,2026-01-10,email,billing,26.0,0.5,2
T03199-3,customer3199@demo-ml.example, resolved , medium ,3.6,2026-01-12,phone,platform,39.0,3.0,1
